# Blender 4.5.2 LTS
# www.blender.org
mtllib shed.mtl
o Cube
v 0.017165 4.888585 4.494058
v 0.008927 4.883499 4.494058
v -0.017165 4.915745 4.494058
v -0.008927 4.920831 4.494058
v 0.017165 4.915745 4.494058
v 0.008927 4.920831 4.494058
v -0.017165 4.888585 4.494058
v -0.008927 4.883499 4.494058
v -0.017165 4.888585 4.532313
v -0.008927 4.883499 4.532313
v -0.008927 4.920831 4.532313
v -0.017165 4.915745 4.532313
v 0.008927 4.883499 4.532313
v 0.017165 4.888585 4.532313
v 0.017165 4.915745 4.532313
v 0.008927 4.920831 4.532313
v -0.008927 4.883499 4.091043
v -0.017165 4.888585 4.091043
v -0.017165 4.915745 4.091043
v -0.008927 4.920831 4.091043
v 0.017165 4.888585 4.091043
v 0.008927 4.883499 4.091043
v 0.008927 4.920831 4.091043
v 0.017165 4.915745 4.091043
v -0.008927 4.920831 4.518992
v 0.008927 4.883499 4.518992
v -0.017165 4.888585 4.518992
v 0.017165 4.915745 4.518992
v -0.008927 4.883499 4.518992
v 0.008927 4.920831 4.518992
v -0.017165 4.915745 4.518992
v 0.017165 4.888585 4.518992
v 0.008927 4.830666 4.518992
v 0.008927 4.830666 4.494058
v -0.008927 4.830666 4.494058
v -0.008927 4.830666 4.518992
vn -1.0000 -0.0000 -0.0000
vn -0.0000 -1.0000 -0.0000
vn -0.0000 1.0000 -0.0000
vn 1.0000 -0.0000 -0.0000
vn -0.0000 -0.0000 1.0000
vn -0.5253 -0.8509 -0.0000
vn 0.5253 0.8509 -0.0000
vn -0.5253 0.8509 -0.0000
vn 0.5253 -0.8509 -0.0000
vn -0.0000 -0.0000 -1.0000
vt 0.849389 0.431063
vt 0.849389 0.117456
vt 0.857248 0.117456
vt 0.857248 0.431063
vt 0.840991 0.803074
vt 0.840991 0.675796
vt 0.845190 0.675796
vt 0.845190 0.803074
vt 0.840991 0.127277
vt 0.840991 0.000000
vt 0.845190 0.000000
vt 0.845190 0.127277
vt 0.840991 0.558340
vt 0.840991 0.244733
vt 0.845190 0.244733
vt 0.845190 0.558340
vt 0.083054 0.609615
vt 0.000000 0.526562
vt 0.000000 0.083054
vt 0.083054 -0.000000
vt 0.263051 -0.000000
vt 0.346105 0.083054
vt 0.346105 0.526562
vt 0.263051 0.609615
vt 0.117456 0.744507
vt 0.117456 0.748706
vt 0.000000 0.748706
vt 0.000000 0.744507
vt 0.857248 0.000000
vt 0.984281 0.000000
vt 0.984281 0.117456
vt 0.833132 0.675796
vt 0.706100 0.675796
vt 0.706100 0.558340
vt 0.833132 0.558340
vt 0.984281 0.431063
vt 0.849389 0.000000
vt 0.706100 0.127277
vt 0.833132 0.127277
vt 0.833132 0.244733
vt 0.706100 0.244733
vt 0.117456 0.609615
vt 0.117456 0.736648
vt 0.000000 0.736648
vt 0.000000 0.609615
vt 0.706100 0.000000
vt 0.833132 0.000000
vt 0.706100 0.803074
vt 0.833132 0.803074
vt 0.845190 0.000000
vt 0.845190 0.117456
vt 0.346105 0.000000
vt 0.526102 0.000000
vt 0.526102 0.862724
vt 0.346105 0.862724
vt 0.845190 0.431063
vt 0.117456 0.736893
vt 0.117456 0.609615
vt 0.125315 0.609615
vt 0.125315 0.736893
vt 0.984281 -0.000000
vt 0.992140 -0.000000
vt 0.992140 0.610038
vt 0.984281 0.610038
vt 1.000000 -0.000000
vt 1.000000 0.610038
vt 0.526102 0.000000
vt 0.706100 0.000000
vt 0.706100 0.862724
vt 0.526102 0.862724
s 1
usemtl Procedural_corroded_metal
f 27/1/1 31/2/1 3/3/1 7/4/1
f 29/5/2 26/6/2 13/7/2 10/8/2
f 30/9/3 25/10/3 11/11/3 16/12/3
f 32/13/4 28/14/4 15/15/4 14/16/4
f 13/17/5 14/18/5 15/19/5 16/20/5 11/21/5 12/22/5 9/23/5 10/24/5
f 29/25/6 10/26/6 9/27/6 27/28/6
f 30/9/7 16/12/7 15/15/7 28/14/7
f 4/29/8 20/30/8 19/31/8 3/3/8
f 2/32/9 22/33/9 21/34/9 1/35/9
f 7/4/1 3/3/1 19/31/1 18/36/1
f 26/6/9 2/32/9 1/35/9 32/13/9
f 25/37/8 4/29/8 3/3/8 31/2/8
f 23/38/7 6/39/7 5/40/7 24/41/7
f 17/42/6 8/43/6 7/44/6 18/45/6
f 21/34/4 24/41/4 5/40/4 1/35/4
f 23/38/3 20/46/3 4/47/3 6/39/3
f 17/48/2 22/33/2 2/32/2 8/49/2
f 11/50/8 25/37/8 31/2/8 12/51/8
f 13/7/9 26/6/9 32/13/9 14/16/9
f 6/39/7 30/9/7 28/14/7 5/40/7
f 8/43/6 29/25/6 27/28/6 7/44/6
f 1/35/4 5/40/4 28/14/4 32/13/4
f 6/39/3 4/47/3 25/10/3 30/9/3
f 8/52/10 2/53/10 34/54/10 35/55/10
f 9/56/1 12/51/1 31/2/1 27/1/1
f 35/57/2 34/58/2 33/59/2 36/60/2
f 29/61/1 8/62/1 35/63/1 36/64/1
f 2/62/4 26/65/4 33/66/4 34/63/4
f 26/67/5 29/68/5 36/69/5 33/70/5
o Circle
v 0.000000 4.610208 4.332965
v -0.123462 4.623365 4.363317
v -0.213843 4.659311 4.446242
v -0.246924 4.708415 4.559519
v -0.213843 4.757519 4.672796
v -0.123462 4.793466 4.755720
v 0.000000 4.806623 4.786073
v 0.123462 4.793466 4.755720
v 0.213843 4.757519 4.672796
v 0.246924 4.708415 4.559519
v 0.213843 4.659311 4.446242
v 0.123462 4.623365 4.363317
v 0.000000 4.810448 4.414589
v -0.046196 4.816939 4.425266
v -0.080014 4.828432 4.457143
v -0.092393 4.846805 4.499529
v -0.080014 4.867136 4.541065
v -0.046196 4.879019 4.572773
v 0.000000 4.883942 4.584130
v 0.046196 4.880587 4.572093
v 0.080014 4.865179 4.541914
v 0.092393 4.846805 4.499529
v 0.080014 4.830390 4.456295
v 0.046196 4.815372 4.425946
v 0.040560 4.842497 4.473973
v -0.022545 4.835772 4.458459
v 0.022545 4.869236 4.535658
v -0.040560 4.862511 4.520144
v 0.000000 4.749729 4.373190
v 0.000000 4.677229 4.341857
v -0.106055 4.688531 4.367930
v -0.077263 4.758773 4.391833
v -0.183692 4.719409 4.439163
v -0.133824 4.780303 4.444146
v -0.212109 4.761590 4.536469
v -0.154526 4.811033 4.515036
v -0.183692 4.803771 4.633774
v -0.133824 4.842728 4.585506
v -0.106055 4.834649 4.705007
v -0.077263 4.864412 4.637752
v 0.000000 4.845951 4.731080
v 0.000000 4.872646 4.656747
v 0.106055 4.834649 4.705007
v 0.077263 4.865223 4.637401
v 0.183692 4.803771 4.633774
v 0.133824 4.841763 4.585925
v 0.212109 4.761590 4.536469
v 0.154526 4.811033 4.515036
v 0.183692 4.719409 4.439163
v 0.133824 4.781269 4.443728
v 0.106055 4.688531 4.367930
v 0.077263 4.757963 4.392185
v 0.000000 4.815469 4.478699
v -0.015787 4.817768 4.482313
v -0.027344 4.821588 4.493253
v -0.031575 4.827867 4.507738
v -0.027344 4.834923 4.521886
v -0.015787 4.838903 4.532757
v 0.000000 4.840585 4.536639
v 0.015787 4.839520 4.532490
v 0.027344 4.834146 4.522223
v 0.031575 4.827867 4.507738
v 0.027344 4.822365 4.492917
v 0.015787 4.817152 4.482580
v -0.000516 4.820673 4.493087
v -0.016303 4.826796 4.507640
v 0.016303 4.827207 4.508587
v 0.000516 4.833642 4.523005
vn 0.3159 0.9249 -0.2116
vn 0.1794 0.9794 -0.0922
vn 0.3121 0.9323 0.1831
vn 0.5422 0.8398 -0.0290
vn -0.1757 0.9809 -0.0832
vn -0.3078 0.9275 -0.2120
vn -0.5396 0.8415 -0.0263
vn -0.3087 0.9326 0.1872
vn -0.3121 0.5037 -0.8055
vn -0.5422 0.5952 -0.5931
vn -0.3159 0.7867 -0.5304
vn -0.1794 0.7369 -0.6518
vn 0.3604 0.8588 -0.3641
vn 0.6232 0.7194 -0.3066
vn -0.4286 0.1772 -0.8859
vn -0.3940 0.2939 -0.8709
vn 0.0006 0.2522 -0.9677
vn -0.0000 0.1315 -0.9913
vn -0.0047 0.9991 -0.0412
vn -0.0040 0.9650 0.2621
vn -0.3604 0.8528 -0.3778
vn -0.6232 0.7156 -0.3155
vn 0.3078 0.7888 -0.5320
vn 0.5396 0.5945 -0.5962
vn 0.0040 0.4684 -0.8835
vn 0.0047 0.7131 -0.7010
vn -0.0018 -0.5781 0.8160
vn -0.0010 -0.5781 0.8160
vn 0.2591 -0.6066 0.7516
vn 0.2593 -0.6066 0.7515
vn 0.1757 0.7313 -0.6590
vn 0.3087 0.5009 -0.8086
vn -0.4286 0.7677 0.4763
vn -0.3933 0.8368 0.3809
vn -0.6822 0.7218 0.1163
vn -0.7424 0.6429 0.1884
vn 0.7424 0.6429 0.1884
vn 0.6821 0.7221 0.1154
vn 0.3940 0.8365 0.3808
vn 0.4286 0.7677 0.4763
vn 0.3933 0.2941 -0.8711
vn 0.4286 0.1772 -0.8859
vn 0.6822 0.4086 -0.6063
vn 0.7424 0.3020 -0.5981
vn -0.7872 0.5655 -0.2459
vn -0.8572 0.4725 -0.2048
vn -0.0006 0.8786 0.4775
vn -0.0000 0.8134 0.5817
vn 0.7872 0.5660 -0.2446
vn 0.8572 0.4725 -0.2048
vn -0.6821 0.4095 -0.6059
vn -0.7424 0.3020 -0.5981
vn 0.0541 0.9041 -0.4239
vn 0.0321 0.9366 -0.3488
vn -0.0321 0.8949 -0.4451
vn -0.0541 0.9275 -0.3700
vn 0.5185 -0.7837 0.3422
vn 0.5185 -0.7841 0.3412
vn 0.4486 -0.8878 0.1029
vn 0.4487 -0.8877 0.1030
vn -0.4487 -0.6821 0.5774
vn -0.4486 -0.6820 0.5776
vn -0.2585 -0.6055 0.7527
vn -0.2578 -0.6054 0.7530
vn -0.2593 -0.9632 -0.0710
vn -0.2591 -0.9632 -0.0711
vn -0.4496 -0.8872 0.1032
vn -0.4501 -0.8869 0.1041
vn 0.2585 -0.9633 -0.0726
vn 0.2578 -0.9634 -0.0730
vn 0.4496 -0.6819 0.5770
vn 0.4501 -0.6822 0.5761
vn -0.5185 -0.7851 0.3390
vn -0.5185 -0.7855 0.3380
vn 0.0010 -0.9907 -0.1359
vn 0.0018 -0.9907 -0.1359
vn -0.0212 -0.9404 0.3394
vn 0.0326 -0.9351 0.3528
vn -0.0003 -0.9339 0.3576
vn -0.0270 -0.9413 0.3365
vn 0.0594 -0.9298 0.3634
vn 0.0382 -0.9177 0.3955
vn 0.0607 -0.9261 0.3723
vn 0.0405 -0.9021 0.4296
vn -0.0382 -0.9160 0.3994
vn -0.0405 -0.9302 0.3647
vn 0.0003 -0.8994 0.4371
vn 0.0270 -0.8891 0.4569
vn -0.0594 -0.9008 0.4302
vn -0.0607 -0.9048 0.4214
vn -0.0326 -0.8968 0.4413
vn 0.0212 -0.8906 0.4544
vt 0.580014 -5.602231
vt 0.546196 -5.636049
vt 0.577263 -5.689857
vt 0.633824 -5.633297
vt 0.453804 -5.636049
vt 0.419986 -5.602231
vt 0.366176 -5.633297
vt 0.422737 -5.689857
vt 0.422737 -5.422211
vt 0.366176 -5.478771
vt 0.419986 -5.509838
vt 0.453804 -5.476019
vt 0.592393 -5.556034
vt 0.654526 -5.556034
vt 0.376538 3.006558
vt 0.393945 3.064513
vt 0.500000 3.064513
vt 0.500000 3.006558
vt 0.500000 -5.648427
vt 0.500000 -5.710560
vt 0.407607 -5.556034
vt 0.345474 -5.556034
vt 0.580014 -5.509838
vt 0.633824 -5.478771
vt 0.500000 -5.401508
vt 0.500000 -5.463642
vt 0.500000 -5.309110
vt 0.500000 -5.524459
vt 0.484213 -5.528690
vt 0.376538 -5.342192
vt 0.546196 -5.476019
vt 0.577263 -5.422211
vt 0.316308 3.064513
vt 0.286157 3.006558
vt 0.713843 3.006558
vt 0.683692 3.064513
vt 0.606054 3.064513
vt 0.623462 3.006558
vt -5.679496 3.006558
vt -5.662089 3.064513
vt -5.556034 3.064513
vt -5.556034 3.006558
vt -5.432572 3.006558
vt -5.449980 3.064513
vt 0.540560 -5.530873
vt 0.522545 -5.598104
vt 0.477455 -5.513964
vt 0.459440 -5.581195
vt 0.500000 -5.343925
vt 0.393945 -5.372343
vt 0.316308 -5.449980
vt 0.287891 -5.556034
vt 0.316308 -5.662089
vt 0.393945 -5.739726
vt 0.500000 -5.768143
vt 0.606054 -5.739726
vt 0.683692 -5.662089
vt 0.712109 -5.556034
vt 0.683692 -5.449980
vt 0.606054 -5.372343
vt 0.253076 -5.556034
vt 0.468425 -5.556034
vt 0.472656 -5.571822
vt 0.286157 -5.679496
vt 0.713843 -5.432572
vt 0.527344 -5.540247
vt 0.515787 -5.528690
vt 0.623462 -5.342192
vt 0.623462 -5.769877
vt 0.515787 -5.583379
vt 0.527344 -5.571822
vt 0.713843 -5.679496
vt 0.484213 -5.583379
vt 0.376538 -5.769877
vt 0.472656 -5.540247
vt 0.286157 -5.432572
vt 0.531575 -5.556034
vt 0.746924 -5.556034
vt 0.500000 -5.587609
vt 0.500000 -5.802958
vt 0.499484 -5.539731
vt 0.516303 -5.556551
vt 0.483697 -5.555518
vt 0.500516 -5.572338
s 1
usemtl Procedural_corroded_metal
f 57/71/11 56/72/12 80/73/13 82/74/14
f 54/75/15 53/76/16 74/77/17 76/78/18
f 68/79/19 70/80/20 51/81/21 50/82/22
f 58/83/23 57/71/11 82/74/14 84/84/24
f 38/85/25 67/86/26 66/87/27 37/88/28
f 55/89/29 54/75/15 76/78/18 78/90/30
f 52/91/31 51/81/21 70/80/20 72/92/32
f 59/93/33 58/83/23 84/84/24 86/94/34
f 56/72/12 55/89/29 78/90/30 80/73/13
f 53/76/16 52/91/31 72/92/32 74/77/17
f 65/95/35 68/79/19 50/82/22 49/96/36
f 37/97/37 89/98/38 90/99/39 38/100/40
f 60/101/41 59/93/33 86/94/34 88/102/42
f 42/85/43 75/86/44 73/103/45 41/104/46
f 45/105/47 81/106/48 79/107/49 44/108/50
f 37/88/28 66/87/27 87/107/51 48/108/52
f 48/108/52 87/107/51 85/106/53 47/105/54
f 41/109/46 73/110/45 71/111/55 40/112/56
f 44/108/50 79/107/49 77/87/57 43/88/58
f 47/113/54 85/114/53 83/111/59 46/112/60
f 40/112/56 71/111/55 69/114/61 39/113/62
f 43/88/58 77/87/57 75/86/44 42/85/43
f 46/112/60 83/111/59 81/110/48 45/109/47
f 39/104/62 69/103/61 67/86/26 38/85/25
f 60/101/41 61/115/63 58/83/23 59/93/33
f 61/115/63 63/116/64 57/71/11 58/83/23
f 63/116/64 55/89/29 56/72/12 57/71/11
f 49/96/36 62/117/65 61/115/63 60/101/41
f 62/117/65 64/118/66 63/116/64 61/115/63
f 64/118/66 54/75/15 55/89/29 63/116/64
f 50/82/22 51/81/21 62/117/65 49/96/36
f 51/81/21 52/91/31 64/118/66 62/117/65
f 52/91/31 53/76/16 54/75/15 64/118/66
f 68/79/19 65/95/35 66/119/27 67/120/26
f 70/80/20 68/79/19 67/120/26 69/121/61
f 72/92/32 70/80/20 69/121/61 71/122/55
f 74/77/17 72/92/32 71/122/55 73/123/45
f 76/78/18 74/77/17 73/123/45 75/124/44
f 78/90/30 76/78/18 75/124/44 77/125/57
f 80/73/13 78/90/30 77/125/57 79/126/49
f 82/74/14 80/73/13 79/126/49 81/127/48
f 84/84/24 82/74/14 81/127/48 83/128/59
f 86/94/34 84/84/24 83/128/59 85/129/53
f 88/102/42 86/94/34 85/129/53 87/130/51
f 65/95/35 88/102/42 87/130/51 66/119/27
f 49/96/36 60/101/41 88/102/42 65/95/35
f 40/131/67 92/132/68 93/133/69 41/134/70
f 47/135/71 99/136/72 100/137/73 48/138/74
f 44/139/75 96/140/76 97/141/77 45/142/78
f 41/134/70 93/133/69 94/143/79 42/144/80
f 48/138/74 100/137/73 89/98/38 37/97/37
f 38/100/40 90/99/39 91/145/81 39/146/82
f 45/142/78 97/141/77 98/147/83 46/148/84
f 42/144/80 94/143/79 95/149/85 43/150/86
f 39/146/82 91/145/81 92/132/68 40/131/67
f 46/148/84 98/147/83 99/136/72 47/135/71
f 43/150/86 95/149/85 96/140/76 44/139/75
f 89/98/87 100/137/88 101/151/89 90/99/90
f 100/137/88 99/136/91 103/152/92 101/151/89
f 99/136/91 98/147/93 97/141/94 103/152/92
f 90/99/90 101/151/89 102/153/95 91/145/96
f 101/151/89 103/152/92 104/154/97 102/153/95
f 103/152/92 97/141/94 96/140/98 104/154/97
f 91/145/96 102/153/95 93/133/99 92/132/100
f 102/153/95 104/154/97 94/143/101 93/133/99
f 104/154/97 96/140/98 95/149/102 94/143/101
o Sphere
v 0.000000 4.785336 4.459455
v 0.016565 4.815490 4.481833
v 0.030608 4.788598 4.466980
v 0.039991 4.756365 4.463239
v 0.043286 4.723699 4.471179
v 0.039991 4.695572 4.489592
v 0.030608 4.676267 4.515673
v 0.016565 4.668723 4.545454
v 0.028691 4.820313 4.492958
v 0.053014 4.797510 4.487537
v 0.069266 4.768009 4.490099
v 0.074973 4.736302 4.500252
v 0.069266 4.707216 4.516452
v 0.053014 4.685179 4.536231
v 0.028691 4.673546 4.556580
v 0.033129 4.826901 4.508156
v 0.061215 4.809683 4.515620
v 0.079982 4.783914 4.526791
v 0.086571 4.753518 4.539967
v 0.079982 4.723121 4.553144
v 0.061215 4.697352 4.564314
v 0.033129 4.680134 4.571778
v 0.028691 4.833489 4.523355
v 0.053014 4.821856 4.543703
v 0.069266 4.799819 4.563482
v 0.074973 4.770733 4.579682
v 0.069266 4.739027 4.589835
v 0.053014 4.709526 4.592397
v 0.028691 4.686722 4.586976
v 0.016565 4.838312 4.534481
v 0.030608 4.830768 4.564261
v 0.039991 4.811463 4.590343
v 0.043286 4.783336 4.608755
v 0.039991 4.750670 4.616695
v 0.030608 4.718437 4.612955
v 0.016565 4.691545 4.598102
v 0.000000 4.840077 4.538553
v -0.000000 4.834030 4.571785
v 0.000000 4.815725 4.600174
v 0.000000 4.787949 4.619397
v 0.000000 4.754932 4.626527
v -0.000000 4.721699 4.620479
v 0.000000 4.693311 4.602174
v -0.016565 4.838312 4.534481
v -0.030608 4.830768 4.564261
v -0.039991 4.811463 4.590343
v -0.043286 4.783336 4.608755
v -0.039991 4.750670 4.616695
v -0.030608 4.718437 4.612955
v -0.016565 4.691545 4.598102
v 0.000000 4.832947 4.505536
v -0.028691 4.833489 4.523355
v -0.053014 4.821856 4.543703
v -0.069266 4.799819 4.563482
v -0.074973 4.770733 4.579682
v -0.069266 4.739027 4.589835
v -0.053014 4.709526 4.592397
v -0.028691 4.686722 4.586976
v 0.000000 4.674088 4.574399
v -0.033129 4.826901 4.508156
v -0.061215 4.809683 4.515620
v -0.079982 4.783914 4.526791
v -0.086571 4.753518 4.539967
v -0.079982 4.723121 4.553144
v -0.061215 4.697352 4.564314
v -0.033129 4.680134 4.571778
v -0.028691 4.820313 4.492958
v -0.053014 4.797510 4.487537
v -0.069266 4.768009 4.490099
v -0.074973 4.736302 4.500252
v -0.069266 4.707216 4.516452
v -0.053014 4.685179 4.536231
v -0.028691 4.673546 4.556580
v -0.016565 4.815490 4.481833
v -0.030608 4.788598 4.466980
v -0.039991 4.756365 4.463239
v -0.043286 4.723699 4.471179
v -0.039991 4.695572 4.489592
v -0.030608 4.676267 4.515673
v -0.016565 4.668723 4.545454
v -0.000000 4.813725 4.477760
v -0.000000 4.752103 4.453407
v 0.000000 4.719086 4.460537
v -0.000000 4.691310 4.479760
v 0.000000 4.673006 4.508149
v -0.000000 4.666958 4.541381
vn -0.0000 0.3469 -0.9379
vn 0.2049 0.6958 -0.6884
vn 0.3613 0.3854 -0.8491
vn 0.4642 0.0213 -0.8855
vn 0.5000 -0.3444 -0.7946
vn 0.4642 -0.6608 -0.5898
vn 0.3613 -0.8832 -0.2992
vn 0.2049 -0.9781 0.0373
vn 0.3548 0.7555 -0.5508
vn 0.6258 0.4906 -0.6064
vn 0.8040 0.1565 -0.5737
vn 0.8660 -0.1989 -0.4588
vn 0.8040 -0.5257 -0.2780
vn 0.6258 -0.7780 -0.0565
vn 0.3548 -0.9184 0.1749
vn 0.4097 0.8370 -0.3628
vn 0.7226 0.6343 -0.2749
vn 0.9283 0.3411 -0.1479
vn 1.0000 -0.0000 -0.0000
vn 0.9283 -0.3411 0.1479
vn 0.7226 -0.6343 0.2749
vn 0.4097 -0.8370 0.3628
vn 0.3548 0.9184 -0.1749
vn 0.6258 0.7780 0.0565
vn 0.8040 0.5257 0.2780
vn 0.8660 0.1989 0.4588
vn 0.8040 -0.1565 0.5737
vn 0.6258 -0.4906 0.6064
vn 0.3548 -0.7555 0.5508
vn 0.2049 0.9781 -0.0373
vn 0.3613 0.8832 0.2992
vn 0.4642 0.6608 0.5898
vn 0.5000 0.3444 0.7946
vn 0.4642 -0.0213 0.8855
vn 0.3613 -0.3854 0.8491
vn 0.2049 -0.6958 0.6884
vn -0.0000 0.9999 0.0131
vn -0.0000 0.9217 0.3880
vn -0.0000 0.7103 0.7039
vn -0.0000 0.3977 0.9175
vn -0.0000 0.0281 0.9996
vn -0.0000 -0.3469 0.9379
vn -0.0000 -0.6740 0.7387
vn -0.2049 0.9781 -0.0373
vn -0.3613 0.8832 0.2992
vn -0.4642 0.6608 0.5898
vn -0.5000 0.3444 0.7946
vn -0.4642 -0.0213 0.8855
vn -0.3613 -0.3854 0.8491
vn -0.2049 -0.6958 0.6884
vn -0.0000 0.9175 -0.3977
vn -0.3548 0.9184 -0.1749
vn -0.6258 0.7780 0.0565
vn -0.8040 0.5257 0.2780
vn -0.8660 0.1989 0.4588
vn -0.8040 -0.1565 0.5737
vn -0.6258 -0.4906 0.6064
vn -0.3548 -0.7555 0.5508
vn -0.0000 -0.9175 0.3977
vn -0.4097 0.8370 -0.3628
vn -0.7226 0.6343 -0.2749
vn -0.9283 0.3411 -0.1479
vn -1.0000 -0.0000 -0.0000
vn -0.9283 -0.3411 0.1479
vn -0.7226 -0.6343 0.2749
vn -0.4097 -0.8370 0.3628
vn -0.3548 0.7555 -0.5508
vn -0.6258 0.4906 -0.6064
vn -0.8040 0.1565 -0.5737
vn -0.8660 -0.1989 -0.4588
vn -0.8040 -0.5257 -0.2780
vn -0.6258 -0.7780 -0.0565
vn -0.3548 -0.9184 0.1749
vn -0.2049 0.6958 -0.6884
vn -0.3613 0.3854 -0.8491
vn -0.4642 0.0213 -0.8855
vn -0.5000 -0.3444 -0.7946
vn -0.4642 -0.6608 -0.5898
vn -0.3613 -0.8832 -0.2992
vn -0.2049 -0.9781 0.0373
vn -0.0000 0.6740 -0.7387
vn -0.0000 -0.0281 -0.9996
vn -0.0000 -0.3977 -0.9175
vn -0.0000 -0.7103 -0.7039
vn -0.0000 -0.9217 -0.3880
vn -0.0000 -0.9999 -0.0131
vt 0.773073 0.321491
vt 0.778889 0.322549
vt 0.777572 0.323120
vt 0.772361 0.321800
vt 0.783857 0.325752
vt 0.787221 0.330613
vt 0.785359 0.331421
vt 0.782137 0.326498
vt 0.788469 0.336391
vt 0.787410 0.342207
vt 0.786094 0.342778
vt 0.786748 0.337137
vt 0.784207 0.347175
vt 0.779346 0.350539
vt 0.783494 0.347484
vt 0.767295 0.322738
vt 0.770414 0.322644
vt 0.777436 0.328536
vt 0.773975 0.324679
vt 0.782048 0.339175
vt 0.780271 0.333626
vt 0.781547 0.348328
vt 0.782496 0.344337
vt 0.775627 0.341958
vt 0.773321 0.336639
vt 0.778888 0.349481
vt 0.777581 0.346468
vt 0.769060 0.326810
vt 0.767754 0.323797
vt 0.771015 0.331319
vt 0.764145 0.328940
vt 0.765094 0.324950
vt 0.766371 0.339652
vt 0.764594 0.334103
vt 0.772667 0.348598
vt 0.769206 0.344742
vt 0.776228 0.350634
vt 0.769069 0.350158
vt 0.764505 0.346779
vt 0.774281 0.351478
vt 0.763147 0.325793
vt 0.759893 0.336140
vt 0.760548 0.330500
vt 0.761283 0.341857
vt 0.762434 0.326102
vt 0.758173 0.336886
vt 0.759231 0.331071
vt 0.762784 0.347525
vt 0.759421 0.342664
vt 0.773568 0.351787
vt 0.767753 0.350728
s 1
usemtl Emision_Light_lamp
f 190/155/188 189/156/187 111/157/109 112/158/110
f 188/159/186 187/160/185 109/161/107 110/162/108
f 186/163/184 105/164/103 107/165/105 108/166/106
f 185/167/183 155/168/153 106/169/104
f 163/170/161 190/155/188 112/158/110
f 189/156/187 188/159/186 110/162/108 111/157/109
f 187/160/185 186/163/184 108/166/106 109/161/107
f 105/164/103 185/167/183 106/169/104 107/165/105
f 163/170/161 112/158/110 119/171/117
f 111/157/109 110/162/108 117/172/115 118/173/116
f 109/161/107 108/166/106 115/174/113 116/175/114
f 107/165/105 106/169/104 113/176/111 114/177/112
f 112/158/110 111/157/109 118/173/116 119/171/117
f 110/162/108 109/161/107 116/175/114 117/172/115
f 108/166/106 107/165/105 114/177/112 115/174/113
f 106/169/104 155/168/153 113/176/111
f 116/175/114 115/174/113 122/178/120 123/179/121
f 114/177/112 113/176/111 120/180/118 121/181/119
f 119/171/117 118/173/116 125/182/123 126/183/124
f 117/172/115 116/175/114 123/179/121 124/184/122
f 115/174/113 114/177/112 121/181/119 122/178/120
f 113/176/111 155/168/153 120/180/118
f 163/170/161 119/171/117 126/183/124
f 118/173/116 117/172/115 124/184/122 125/182/123
f 126/183/124 125/182/123 132/185/130 133/186/131
f 124/184/122 123/179/121 130/187/128 131/188/129
f 122/178/120 121/181/119 128/189/126 129/190/127
f 120/180/118 155/168/153 127/191/125
f 163/170/161 126/183/124 133/186/131
f 125/182/123 124/184/122 131/188/129 132/185/130
f 123/179/121 122/178/120 129/190/127 130/187/128
f 121/181/119 120/180/118 127/191/125 128/189/126
f 129/190/127 128/189/126 135/192/133 136/193/134
f 127/191/125 155/168/153 134/194/132
f 163/170/161 133/186/131 140/195/138
f 132/185/130 131/188/129 138/196/136 139/197/137
f 130/187/128 129/190/127 136/193/134 137/198/135
f 128/189/126 127/191/125 134/194/132 135/192/133
f 133/186/131 132/185/130 139/197/137 140/195/138
f 131/188/129 130/187/128 137/198/135 138/196/136
f 163/170/161 140/195/138 147/199/145
f 139/197/137 138/196/136 145/200/143 146/201/144
f 137/198/135 136/193/134 143/202/141 144/203/142
f 135/192/133 134/194/132 141/204/139 142/205/140
f 140/195/138 139/197/137 146/201/144 147/199/145
f 138/196/136 137/198/135 144/203/142 145/200/143
f 136/193/134 135/192/133 142/205/140 143/202/141
f 134/194/132 155/168/153 141/204/139
f 142/205/140 141/204/139 148/194/146 149/192/147
f 147/199/145 146/201/144 153/197/151 154/195/152
f 145/200/143 144/203/142 151/198/149 152/196/150
f 143/202/141 142/205/140 149/192/147 150/193/148
f 141/204/139 155/168/153 148/194/146
f 163/170/161 147/199/145 154/195/152
f 146/201/144 145/200/143 152/196/150 153/197/151
f 144/203/142 143/202/141 150/193/148 151/198/149
f 154/195/152 153/197/151 161/185/159 162/186/160
f 152/196/150 151/198/149 159/187/157 160/188/158
f 150/193/148 149/192/147 157/189/155 158/190/156
f 148/194/146 155/168/153 156/191/154
f 163/170/161 154/195/152 162/186/160
f 153/197/151 152/196/150 160/188/158 161/185/159
f 151/198/149 150/193/148 158/190/156 159/187/157
f 149/192/147 148/194/146 156/191/154 157/189/155
f 156/191/154 155/168/153 164/180/162
f 163/170/161 162/186/160 170/183/168
f 161/185/159 160/188/158 168/184/166 169/182/167
f 159/187/157 158/190/156 166/178/164 167/179/165
f 157/189/155 156/191/154 164/180/162 165/181/163
f 162/186/160 161/185/159 169/182/167 170/183/168
f 160/188/158 159/187/157 167/179/165 168/184/166
f 158/190/156 157/189/155 165/181/163 166/178/164
f 169/182/167 168/184/166 175/172/173 176/173/174
f 167/179/165 166/178/164 173/174/171 174/175/172
f 165/181/163 164/180/162 171/176/169 172/177/170
f 170/183/168 169/182/167 176/173/174 177/171/175
f 168/184/166 167/179/165 174/175/172 175/172/173
f 166/178/164 165/181/163 172/177/170 173/174/171
f 164/180/162 155/168/153 171/176/169
f 163/170/161 170/183/168 177/171/175
f 177/171/175 176/173/174 183/157/181 184/158/182
f 175/172/173 174/175/172 181/161/179 182/162/180
f 173/174/171 172/177/170 179/165/177 180/166/178
f 171/176/169 155/168/153 178/169/176
f 163/170/161 177/171/175 184/158/182
f 176/173/174 175/172/173 182/162/180 183/157/181
f 174/175/172 173/174/171 180/166/178 181/161/179
f 172/177/170 171/176/169 178/169/176 179/165/177
f 182/162/180 181/161/179 187/160/185 188/159/186
f 180/166/178 179/165/177 105/164/103 186/163/184
f 178/169/176 155/168/153 185/167/183
f 163/170/161 184/158/182 190/155/188
f 183/157/181 182/162/180 188/159/186 189/156/187
f 181/161/179 180/166/178 186/163/184 187/160/185
f 179/165/177 178/169/176 185/167/183 105/164/103
f 184/158/182 183/157/181 189/156/187 190/155/188
o Cube.042
v -0.669526 1.721843 -4.041982
v -0.669526 3.609491 -4.041982
v -0.669526 1.721843 -4.086110
v -0.669526 3.609491 -4.086110
v -0.625399 1.721843 -4.041982
v -0.625399 3.609491 -4.041982
v -0.625399 1.721843 -4.086110
v -0.625399 3.609491 -4.086110
vn -1.0000 -0.0000 -0.0000
vn -0.0000 -0.0000 -1.0000
vn 1.0000 -0.0000 -0.0000
vn -0.0000 -0.0000 1.0000
vn -0.0000 -1.0000 -0.0000
vn -0.0000 1.0000 -0.0000
vt 0.457289 -0.071961
vt 11.151529 -0.071961
vt 11.151529 0.178039
vt 0.457290 0.178039
vt 0.457289 0.250000
vt 11.151529 0.250000
vt 11.151529 0.500000
vt 0.457290 0.500000
vt 0.457289 0.571961
vt 11.151529 0.571961
vt 11.151528 0.821961
vt 0.457290 0.821961
vt 0.457289 0.750000
vt 11.151529 0.750000
vt 11.151529 1.000000
vt 0.457290 1.000000
vt 0.125000 0.571961
vt 0.375000 0.571961
vt 0.375000 0.821961
vt 0.125000 0.821961
vt 0.625000 0.571961
vt 0.875000 0.571961
vt 0.875000 0.821961
vt 0.625000 0.821961
s 0
usemtl Wood
f 191/206/189 192/207/189 194/208/189 193/209/189
f 193/210/190 194/211/190 198/212/190 197/213/190
f 197/214/191 198/215/191 196/216/191 195/217/191
f 195/218/192 196/219/192 192/220/192 191/221/192
f 193/222/193 197/223/193 195/224/193 191/225/193
f 198/226/194 194/227/194 192/228/194 196/229/194
o Entrance
v 3.520635 3.982994 4.091333
v 0.000000 6.238535 4.091333
v 3.520635 2.555382 4.091333
v 1.760317 5.110765 4.091333
v 3.520635 3.639140 4.091333
v 3.520635 3.585151 4.091333
v 0.000000 3.585151 4.091333
v 0.000000 3.639140 4.091333
v 1.760317 3.639140 4.091333
v 1.760317 3.585151 4.091333
v 3.520635 1.003353 4.091333
v 3.520635 2.660461 4.091333
v 1.760317 2.660461 4.091333
v 0.000000 2.660461 4.091333
v 1.849671 5.053519 4.091333
v 1.849671 2.555382 4.091333
v 1.849671 3.639140 4.091333
v 1.849671 3.585151 4.091333
v 1.849671 1.003353 4.091333
v 1.849671 2.660461 4.091333
v -3.520635 3.982994 4.091333
v -3.520635 2.555382 4.091333
v -3.520635 3.639140 4.091333
v -3.520635 3.585151 4.091333
v -3.520635 1.003353 4.091333
v -1.320238 3.639140 4.029963
v -3.520635 2.660461 4.091333
v -1.849671 2.555382 4.091333
v -1.849671 1.003353 4.091333
v -1.848642 2.660461 4.091333
v 3.483649 3.966251 4.053431
v 0.000000 6.200964 4.054757
v 3.483293 2.555382 4.047938
v 1.738437 5.083954 4.047938
v 3.483293 3.639140 4.047938
v 3.483293 3.585151 4.047938
v 0.000000 3.585151 4.029963
v 0.000000 3.639140 4.029963
v 1.760317 3.639140 4.029963
v 1.760317 3.585151 4.029963
v 3.483293 1.003353 4.047938
v 3.483293 2.660461 4.047938
v 1.760317 2.660461 4.029963
v 0.000000 2.660461 4.029963
v 1.827790 5.026709 4.047938
v 1.849671 2.555382 4.029963
v 1.849671 3.639140 4.029963
v 1.849671 3.585151 4.029963
v 1.849671 1.003353 4.029963
v 1.849671 2.660461 4.029963
v -3.483649 3.966251 4.053431
v -3.483293 2.555382 4.047938
v -1.298357 5.365897 4.047938
v -3.483293 3.639140 4.047938
v -3.483293 3.585151 4.047938
v -3.483293 1.003353 4.047938
v -3.483293 2.660461 4.047938
v -1.848642 2.660461 4.034361
v -1.848642 3.639140 4.034361
v -1.848642 3.585151 4.091333
v -1.847519 5.023416 4.049282
v -1.848642 3.585151 4.034361
v -1.848642 3.639140 4.091333
v -1.848642 5.047762 4.091333
v -1.763199 2.660461 4.033650
v -1.763199 3.639140 4.033650
v -1.758720 5.078794 4.049065
v -1.763199 2.660461 4.091333
v -1.763199 3.639140 4.091333
v -1.763199 5.103539 4.091333
v -1.763199 3.585151 4.091333
v -1.763199 3.585151 4.033650
v -1.851478 2.555382 4.030914
v -1.851478 1.003353 4.030914
v -1.387896 3.639140 4.030526
v -1.368673 5.322045 4.048110
vn -0.0000 -0.0000 1.0000
vn -0.0030 0.0101 -0.9999
vn 0.0004 0.0103 -0.9999
vn -0.0047 0.0103 -0.9999
vn 0.0073 -0.0000 -1.0000
vn -0.0000 -0.0000 -1.0000
vn 0.0055 -0.0000 -1.0000
vn 0.0079 0.0133 -0.9999
vn 0.0028 0.0117 -0.9999
vn 0.0022 0.0113 -0.9999
vn 0.0063 0.0131 -0.9999
vn 0.0110 -0.0000 -0.9999
vn 0.0116 0.0138 -0.9998
vn -0.0087 0.0106 -0.9999
vn -0.0083 -0.0000 -1.0000
vn -0.0087 0.0055 -0.9999
vn -0.0088 0.0083 -0.9999
vn -0.0010 -0.0000 -1.0000
vn -0.0000 -1.0000 -0.0000
vn -0.0052 -0.0000 -1.0000
vn -0.0093 0.0119 -0.9999
vn -0.0089 0.0111 -0.9999
vn -0.0090 0.0113 -0.9999
vn -0.0087 0.0107 -0.9999
vn -0.0104 -0.0000 -0.9999
vn -0.0099 0.0083 -0.9999
vt 0.007361 -2.045025
vt 0.481642 -2.045025
vt 0.481642 -2.004420
vt 0.007361 -2.004420
vt -0.046534 -2.804368
vt 0.007361 -2.804368
vt -0.046534 -2.045025
vt 0.509333 -2.045025
vt 1.234779 -2.045025
vt 1.264140 -2.004420
vt 0.509333 -2.004420
vt 0.481642 -2.804368
vt 1.395000 -0.614455
vt 1.823311 -1.204472
vt 0.509333 -1.204472
vt 0.509333 -0.604512
vt -0.842582 -2.045025
vt -0.842582 -2.804368
vt -0.046534 0.395423
vt -0.046534 -0.363919
vt 0.007361 -0.364387
vt 0.007361 0.395423
vt 0.007361 -1.204472
vt 0.481642 -1.204472
vt 1.250389 -1.994477
vt 1.221027 -2.035082
vt -0.046534 -2.787398
vt 0.007361 -2.787398
vt 0.509333 -2.787398
vt 0.677110 -2.787560
vt 0.481642 -2.787398
vt 1.372507 -0.582501
vt 0.509333 -0.573766
vt 0.481642 -0.364387
vt 0.007361 0.378454
vt 0.481642 0.378454
vt 1.282834 -2.804368
vt 1.282834 -2.045025
vt 1.306833 -2.045025
vt 1.299803 -2.787398
vt 1.306461 -0.363098
vt 1.282834 -0.363920
vt 1.282834 0.395423
vt 1.299803 0.378454
vt -0.842582 0.395423
vt -0.842582 -0.363919
vt 0.481642 -0.403215
vt 0.007361 -0.403215
vt 0.677111 0.378615
vt 1.219338 -0.364897
vt 0.509333 -0.364387
vt 0.509333 0.378454
vt 0.509333 -2.804368
vt 0.685698 -2.804368
vt 0.481642 0.395423
vt 1.247742 -0.405251
vt 0.509333 -0.403215
vt 0.509333 0.395423
vt 1.231826 -0.364387
vt 0.685699 0.395423
vt -0.842582 0.378453
vt -0.046534 0.378454
vt -0.046534 -0.363098
vt -0.842582 -0.363098
vt -0.842582 -2.787398
vt 1.260434 -0.403215
vt 1.842582 -1.204472
s 1
usemtl Stylized_Wood_Offset
f 218/230/195 216/231/195 208/232/195 211/233/195
f 201/234/195 210/235/195 218/230/195 214/236/195
f 215/237/195 213/238/195 202/239/195 207/240/195
f 210/235/195 204/241/195 216/231/195 218/230/195
f 251/242/196 230/243/197 236/244/197 224/245/198
f 201/234/195 214/236/195 217/246/195 209/247/195
f 220/248/195 226/249/195 228/250/195 225/251/195
f 248/230/199 241/233/200 238/232/200 246/231/201
f 212/252/195 211/233/195 208/232/195 205/253/195
f 245/237/202 237/240/203 232/254/204 243/255/205
f 231/256/206 244/236/206 248/230/199 240/257/206
f 233/258/207 245/237/202 243/255/205 229/259/207
f 240/257/206 248/230/199 246/231/201 234/260/206
f 274/261/208 251/242/196 224/245/198 273/262/208
f 260/263/209 256/250/210 255/264/211 253/265/209
f 235/253/212 238/232/200 241/233/200 242/252/212
f 209/266/213 217/267/213 247/268/213 239/269/213
f 272/270/213 227/271/213 223/272/213 254/273/213
f 226/249/195 220/248/195 223/274/195 227/275/195
f 270/276/214 263/277/214 256/250/210 260/263/209
f 249/278/215 259/279/216 257/280/217 252/281/215
f 203/282/195 199/283/195 213/238/195 215/237/195
f 225/251/195 228/250/195 258/263/195 222/284/195
f 259/279/216 265/285/218 264/286/218 257/280/217
f 228/250/195 266/277/195 269/276/195 258/263/195
f 221/287/195 261/280/195 262/288/195 219/289/195
f 254/290/219 250/291/220 271/292/220 272/293/219
f 255/264/211 256/250/210 271/292/220 250/291/220
f 244/236/206 231/256/206 239/294/206 247/246/206
f 270/276/214 235/253/212 242/252/212 263/277/214
f 265/285/218 274/261/208 273/262/208 264/286/218
f 266/277/195 212/252/195 205/253/195 269/276/195
f 261/280/195 267/286/195 268/295/195 262/288/195
f 267/286/195 206/244/195 200/296/195 268/295/195
f 237/240/203 236/244/197 230/243/197 232/254/204
f 202/239/195 200/296/195 206/244/195 207/240/195
o Floor
v 3.520635 0.000000 4.091333
v 3.520635 0.000000 -4.091333
v -3.520635 0.000000 4.091333
v -3.520635 0.000000 -4.091333
v 3.520635 0.040550 4.091333
v 3.520635 0.040550 -4.091333
v -3.520635 0.040550 4.091333
v -3.520635 0.040550 -4.091333
vn -0.0000 1.0000 -0.0000
vn 1.0000 -0.0000 -0.0000
vn -0.0000 -0.0000 -1.0000
vn -1.0000 -0.0000 -0.0000
vn -0.0000 -0.0000 1.0000
vn -0.0000 -1.0000 -0.0000
vt 2.712040 3.070614
vt -1.712040 3.070614
vt -1.712040 -2.070614
vt 2.712040 -2.070614
vt -2.070614 0.500000
vt 3.070614 0.500000
vt 3.070614 0.525478
vt -2.070614 0.525478
vt 2.712040 0.500000
vt -1.712040 0.500000
vt -1.712040 0.525478
vt 2.712040 0.525478
s 1
usemtl Dirt_02
f 280/297/221 282/298/221 281/299/221 279/300/221
f 275/301/222 276/302/222 280/303/222 279/304/222
f 276/305/223 278/306/223 282/307/223 280/308/223
f 278/302/224 277/301/224 281/304/224 282/303/224
f 277/306/225 275/305/225 279/308/225 281/307/225
f 275/300/226 277/299/226 278/298/226 276/297/226
o Cube.018
v 3.800903 4.022918 4.299727
v 3.800903 4.022918 -4.299727
v 0.000000 6.285325 -4.299727
v 0.000000 6.285325 4.299727
v 3.533581 4.029964 -4.299727
v 3.533581 4.029964 4.299727
v -3.800903 4.022918 4.299727
v -3.800903 4.022918 -4.299727
v -3.533581 4.029964 -4.299727
v -3.533581 4.029964 4.299727
v 3.798886 3.976163 4.299727
v 3.798886 3.976163 -4.299727
v 0.000000 6.238535 -4.299727
v 0.000000 6.238535 4.299727
v 3.516361 3.985732 -4.299727
v 3.516361 3.985732 4.299727
v -3.798886 3.976163 4.299727
v -3.798886 3.976163 -4.299727
v -3.516361 3.985732 -4.299727
v -3.516361 3.985732 4.299727
v 3.800903 4.022918 -2.979625
v 3.800903 4.022918 -0.113141
v 0.000000 6.285325 -0.113141
v 0.000000 6.285325 -2.979625
v 3.533581 4.029964 -2.979625
v 3.533581 4.029964 -0.113141
v -3.800903 4.022918 -2.979625
v -3.800903 4.022918 -0.113141
v -3.533581 4.029964 -2.979625
v -3.533581 4.029964 -0.113141
v 3.798886 3.976163 -2.979625
v 3.798886 3.976163 -0.113141
v 0.000000 6.238535 -0.113141
v 0.000000 6.238535 -2.979625
v 3.516361 3.985732 -2.979625
v 3.516361 3.985732 -0.113141
v -3.798886 3.976163 -2.979625
v -3.798886 3.976163 -0.113141
v -3.516361 3.985732 -2.979625
v -3.516361 3.985732 -0.113141
v 3.800903 4.022918 3.297938
v 3.533581 4.029964 3.297938
v -3.800903 4.022918 3.297938
v -3.533581 4.029964 3.297938
v 3.798886 3.976163 3.297938
v 3.516361 3.985732 3.297938
v -3.798886 3.976163 3.297938
v -3.516361 3.985732 3.297938
v 0.000000 6.285325 3.297938
v 0.000000 6.238535 3.297938
vn 0.5380 0.8429 -0.0000
vn 0.0263 0.9997 -0.0000
vn -0.5380 0.8429 -0.0000
vn -0.0263 0.9997 -0.0000
vn -0.5394 -0.8420 -0.0000
vn -0.0338 -0.9994 -0.0000
vn 0.5394 -0.8420 -0.0000
vn 0.0338 -0.9994 -0.0000
vn 0.9991 -0.0431 -0.0000
vn -0.0000 -0.0000 -1.0000
vn -0.0000 -0.0000 1.0000
vn -0.9991 -0.0431 -0.0000
vt 0.356918 1.552127
vt 0.356918 0.852675
vt 0.495370 0.852675
vt 0.495371 1.552127
vt 0.633823 0.809721
vt 0.633823 0.852675
vt 0.495370 0.809722
vt -0.554669 0.852675
vt -0.693122 0.852675
vt -0.693122 0.153222
vt -0.554669 0.153222
vt 0.356917 -0.677488
vt 0.495370 -0.677488
vt 0.495370 -0.634535
vt 0.356917 -0.634535
vt 0.356918 -0.543716
vt 0.495370 -0.543716
vt 0.495370 0.153222
vt 0.356918 0.153222
vt 0.356918 -0.589125
vt 0.495370 -0.589125
vt 0.495370 -0.543717
vt 0.633823 0.855189
vt 0.633823 1.552127
vt 0.495370 1.552128
vt 0.495370 0.855189
vt -0.554669 -0.634535
vt -0.554669 -0.589125
vt -0.693122 -0.589125
vt -0.693122 -0.634535
vt 0.383109 1.631504
vt 0.521541 1.633715
vt 0.521704 1.656468
vt 0.383234 1.654243
vt -0.693122 1.670872
vt -0.666771 1.614733
vt -0.666936 1.637374
vt -0.687661 1.677488
vt 0.497877 0.780471
vt 1.197173 0.781088
vt 1.192414 0.795096
vt 0.495370 0.795096
vt 0.495370 0.751840
vt 1.194846 0.751361
vt 1.197174 0.765848
vt 0.500129 0.765848
vt 0.540090 1.670675
vt 0.535206 1.677488
vt 0.339533 1.567917
vt 0.521952 1.570780
vt 0.522126 1.593423
vt 0.339656 1.590576
vt 0.540075 1.607949
vt 0.535134 1.614733
vt 0.495371 0.795714
vt 1.194668 0.795096
vt 1.197174 0.809721
vt 0.500130 0.809721
vt 1.194927 0.780470
vt 0.495370 0.779858
vt 0.500388 0.765848
vt 1.197173 0.765848
vt -0.693122 1.608058
vt -0.666365 1.552127
vt -0.666523 1.574879
vt -0.687735 1.614733
vt -0.088249 1.623974
vt -0.088255 1.646670
vt -0.056572 1.561699
vt -0.056560 1.584395
vt -0.484353 1.617647
vt -0.484468 1.640305
vt 0.495369 -0.634535
vt 0.495369 -0.589125
vt 0.312924 -0.589125
vt 0.312924 -0.634535
vt -0.083240 -0.589125
vt -0.083240 -0.634535
vt 1.683863 0.855189
vt 1.683863 1.552127
vt 1.501417 1.552127
vt 1.501417 0.855189
vt 1.105253 1.552127
vt 1.105253 0.855189
vt -0.510677 -0.589125
vt -0.510676 -0.543717
vt -0.693122 -0.543717
vt -0.114512 -0.589125
vt -0.114512 -0.543717
vt -0.693122 -0.543716
vt -0.510677 0.153222
vt -0.693122 0.153222
vt -0.693122 -0.677488
vt -0.510677 -0.677488
vt -0.510676 -0.634535
vt -0.693122 -0.634535
vt -0.114513 -0.677488
vt -0.114513 -0.634535
vt 0.495370 0.852675
vt 0.312925 0.852675
vt 0.312925 0.153222
vt 0.495370 0.153222
vt -0.083239 0.852675
vt -0.083239 0.153222
vt 1.683861 0.809721
vt 1.683861 0.852675
vt 1.501416 0.852675
vt 1.501416 0.809721
vt 1.105252 0.852675
vt 1.105253 0.809721
vt -0.693122 1.552128
vt -0.693122 0.852675
vt -0.510677 0.852675
vt -0.510677 1.552128
vt -0.527933 1.554300
vt -0.528052 1.577039
vt -0.114512 0.153222
vt -0.114512 1.552127
vt -0.114512 0.852675
s 1
usemtl Brick_Small_DirtyFreepoly.org
f 324/309/227 331/310/227 286/311/227 288/312/227
f 323/313/228 324/314/228 288/311/228 283/315/228
f 326/316/229 292/317/229 286/318/229 331/319/229
f 325/320/230 289/321/230 292/322/230 326/323/230
f 328/324/231 298/325/231 296/326/231 332/327/231
f 327/328/232 293/329/232 298/330/232 328/324/232
f 330/331/233 332/332/233 296/333/233 302/334/233
f 329/335/234 330/336/234 302/337/234 299/338/234
f 323/339/235 283/340/235 293/341/235 327/342/235
f 287/343/236 284/344/236 294/345/236 297/346/236
f 288/347/237 286/348/237 296/349/237 298/350/237
f 285/351/236 287/352/236 297/353/236 295/354/236
f 283/340/237 288/355/237 298/356/237 293/341/237
f 309/357/238 290/358/238 300/359/238 319/360/238
f 290/358/236 291/361/236 301/362/236 300/359/236
f 286/363/237 292/364/237 302/365/237 296/366/237
f 291/367/236 285/368/236 295/369/236 301/370/236
f 292/371/237 289/372/237 299/373/237 302/374/237
f 304/375/235 323/339/235 327/342/235 314/376/235
f 310/377/238 309/357/238 319/360/238 320/378/238
f 284/344/235 303/379/235 313/380/235 294/345/235
f 303/379/235 304/375/235 314/376/235 313/380/235
f 300/381/234 301/382/234 321/383/234 319/384/234
f 319/384/234 321/383/234 322/385/234 320/386/234
f 301/387/233 295/388/233 316/389/233 321/390/233
f 321/390/233 316/389/233 315/391/233 322/392/233
f 294/337/232 313/393/232 317/394/232 297/395/232
f 313/393/232 314/396/232 318/397/232 317/394/232
f 297/398/231 317/394/231 316/399/231 295/400/231
f 290/401/230 309/402/230 311/403/230 291/404/230
f 309/402/230 310/405/230 312/406/230 311/403/230
f 291/407/229 311/408/229 306/409/229 285/410/229
f 311/408/229 312/411/229 305/412/229 306/409/229
f 284/413/228 287/414/228 307/415/228 303/416/228
f 303/416/228 307/415/228 308/417/228 304/418/228
f 287/419/227 285/420/227 306/421/227 307/422/227
f 307/422/237 306/421/237 316/399/237 317/394/237
f 289/372/238 325/423/238 329/424/238 299/373/238
f 320/386/234 322/385/234 330/336/234 329/335/234
f 314/396/232 327/328/232 328/324/232 318/397/232
f 318/397/231 328/324/231 332/327/231 315/425/231
f 310/405/230 325/320/230 326/323/230 312/406/230
f 304/418/228 308/417/228 324/314/228 323/313/228
f 308/426/227 305/427/227 331/310/227 324/309/227
f 325/423/238 310/377/238 320/378/238 329/424/238
o Brick
v 3.545280 0.000000 4.119974
v 3.545280 0.000000 -4.119974
v 3.545280 0.962865 -4.119974
v 3.545280 0.962865 4.119974
v 3.545280 1.003353 -4.119974
v 3.545280 1.003353 4.119974
v 3.555489 0.000000 -0.230192
v 3.555489 0.962865 -0.230192
v 3.555489 1.003353 -0.230192
v 3.555489 0.000000 -1.887808
v 3.555489 0.962865 -1.887808
v 3.555489 1.003353 -1.887808
v 1.849671 0.000000 4.131837
v 1.849671 0.962865 4.131837
v 1.849671 1.003353 4.131837
v -3.545280 0.000000 4.119974
v -3.545280 0.000000 -4.119974
v -3.545280 0.962865 -4.119974
v -3.545280 0.962865 4.119974
v -3.545280 1.003353 -4.119974
v -3.545280 1.003353 4.119974
v -1.849671 0.000000 4.131837
v -1.849671 0.962865 4.131837
v -1.849671 1.003353 4.131837
v 3.455660 0.000000 4.015825
v 3.455660 0.000000 -4.015825
v 3.455660 0.962865 -4.015825
v 3.455660 0.962865 4.015825
v 3.455660 1.003353 -4.015825
v 3.455660 1.003353 4.015825
v 3.428746 0.000000 -0.230192
v 3.428746 0.962865 -0.230192
v 3.428746 1.003353 -0.230192
v 3.428746 0.000000 -1.887808
v 3.428746 0.962865 -1.887808
v 3.428746 1.003353 -1.887808
v 1.849671 0.000000 3.984549
v 1.849671 0.962865 3.984549
v 1.849671 1.003353 3.984549
v -3.455660 0.000000 4.015825
v -3.455660 0.000000 -4.015825
v -3.455660 0.962865 -4.015825
v -3.455660 0.962865 4.015825
v -3.455660 1.003353 -4.015825
v -3.455660 1.003353 4.015825
v -1.849671 0.000000 3.984549
v -1.849671 0.962865 3.984549
v -1.849671 1.003353 3.984549
v 3.566468 1.003353 -4.144578
v 3.566468 0.962865 -4.144578
v 3.566495 1.003353 4.144547
v 3.566495 0.962865 4.144547
v 3.585442 0.962865 -0.230098
v 3.585442 1.003353 -0.230098
v 3.585442 0.962865 -1.887993
v 3.585442 1.003353 -1.887993
v 1.849851 0.962865 4.166645
v 1.849851 1.003353 4.166645
v -3.566468 1.003353 -4.144578
v -3.566468 0.962865 -4.144578
v -3.566495 1.003353 4.144547
v -3.566495 0.962865 4.144547
v -1.849851 0.962865 4.166645
v -1.849851 1.003353 4.166645
v -3.430489 1.003353 -3.986574
v -3.430701 1.003353 3.986330
v 3.430305 1.003353 -3.986790
v 3.430305 0.962865 -3.986790
v 3.430608 1.003353 3.986437
v 3.430608 0.962865 3.986437
v 3.393151 0.962865 -0.229888
v 3.393151 1.003353 -0.229888
v 3.393153 0.962865 -1.888416
v 3.393153 1.003353 -1.888416
v 1.850267 0.962865 3.943188
v 1.850267 1.003353 3.943188
v -3.430489 0.962865 -3.986574
v -3.430701 0.962865 3.986330
v -1.850267 0.962865 3.943188
v -1.850267 1.003353 3.943188
vn -0.0000 1.0000 -0.0000
vn -1.0000 -0.0000 0.0026
vn -1.0000 -0.0000 0.0017
vn -1.0000 -0.0000 0.0052
vn 1.0000 -0.0000 -0.0046
vn 0.0070 -0.0000 1.0000
vn -1.0000 -0.0000 -0.0000
vn -0.0000 -1.0000 -0.0000
vn -0.0070 -0.0000 1.0000
vn 1.0000 -0.0000 0.0023
vn -0.0000 -0.0000 1.0000
vn -0.9999 -0.0000 -0.0126
vn 0.0195 -0.0000 -0.9998
vn 1.0000 -0.0000 -0.0000
vn -1.0000 -0.0000 -0.0048
vn -1.0000 -0.0000 -0.0072
vn -0.9999 -0.0000 -0.0144
vn -0.0195 -0.0000 -0.9998
vn -0.0000 -0.0000 -1.0000
vn -1.0000 -0.0000 0.0063
vn 0.0016 -0.0000 -1.0000
vn 0.0011 -0.0000 -1.0000
vn -0.0029 -0.0000 -1.0000
vn -0.0043 -0.0000 -1.0000
vn 0.0021 -0.0000 1.0000
vn 0.0031 -0.0000 1.0000
vn -0.0085 -0.0000 1.0000
vn -0.0057 -0.0000 1.0000
vn 1.0000 -0.0000 0.0026
vn 1.0000 -0.0000 0.0017
vn 1.0000 -0.0000 -0.0048
vn 1.0000 -0.0000 -0.0072
vn 1.0000 -0.0000 -0.0084
vn 0.0129 -0.0000 0.9999
vn -0.0129 -0.0000 0.9999
vn 1.0000 -0.0000 0.0043
vn 1.0000 -0.0000 0.0052
vn 0.0032 -0.0000 -1.0000
vn 0.0062 -0.0000 1.0000
vn -0.9998 -0.0000 -0.0177
vn 0.0274 -0.0000 -0.9996
vn -0.0273 -0.0000 -0.9996
vn -0.0171 -0.0000 0.9999
vn -1.0000 -0.0000 0.0089
vn 0.9999 -0.0000 -0.0144
vn -0.0086 -0.0000 -1.0000
vt 3.983717 6.090607
vt 4.011062 7.951146
vt 3.985301 7.925760
vt 3.947553 6.091138
vt -1.379325 0.827592
vt -3.102119 0.837965
vt -3.123674 0.816480
vt -1.379508 0.797160
vt 0.827592 -3.889043
vt 0.827592 -3.935472
vt 0.797160 -3.935472
vt 0.797160 -3.889043
vt 8.042204 -5.039656
vt 8.042204 -3.935472
vt 6.090607 -3.935472
vt 6.090607 -5.039656
vt 4.102119 0.837965
vt 2.379325 0.827592
vt 2.379508 0.797160
vt 4.123674 0.816480
vt 4.102119 -5.039656
vt 4.102119 -3.935472
vt 2.379325 -3.935472
vt 2.379325 -5.039656
vt 0.837965 -5.039656
vt 0.837965 -3.935472
vt -3.102119 -5.039656
vt -1.379325 -5.039656
vt -1.379325 -3.935472
vt -3.102119 -3.935472
vt -3.102119 8.042204
vt 4.102119 8.042204
vt -3.011062 7.951146
vt 4.641343 -5.039656
vt 4.641343 -3.935472
vt 4.011062 -3.935472
vt -3.011062 -3.935472
vt -3.011062 -5.039656
vt 4.011062 -5.039656
vt -3.011062 0.929022
vt -2.985488 7.925571
vt -2.985703 0.954810
vt 7.951146 -5.039656
vt 7.951146 -3.935472
vt -1.379325 0.956367
vt -1.379931 0.992529
vt 0.929022 -3.935472
vt 0.929022 -5.039656
vt 0.956367 -3.935472
vt 0.956367 -3.889043
vt 0.992529 -3.889043
vt 0.992529 -3.935472
vt 2.379325 0.956367
vt 4.011062 0.929022
vt 4.112492 6.090607
vt 4.123647 -3.935472
vt -3.123647 -3.935472
vt -3.123647 -3.889043
vt 4.123647 -3.889043
vt 4.112492 4.641343
vt 3.983717 4.641343
vt 4.112492 -3.889043
vt 4.112492 -3.935472
vt 3.983717 -3.935472
vt 3.983717 -3.889043
vt 4.112492 -5.039656
vt 3.983717 -5.039656
vt 0.827592 -5.039656
vt 0.956367 -5.039656
vt -3.123647 8.063716
vt 4.123647 8.063716
vt 8.063716 -3.935472
vt 8.063716 -3.889043
vt 6.090769 -3.889043
vt 6.090769 -3.935472
vt 4.123674 -3.935472
vt 4.123674 -3.889043
vt 2.379508 -3.889043
vt 2.379508 -3.935472
vt 0.816480 -3.935472
vt 0.816480 -3.889043
vt -3.123674 -3.935472
vt -1.379508 -3.935472
vt -1.379508 -3.889043
vt -3.123674 -3.889043
vt 4.641260 -3.935472
vt 4.641260 -3.889043
vt 4.142925 -3.889043
vt 4.142925 -3.935472
vt 4.142925 6.090769
vt 4.142925 4.641260
vt 3.985301 -3.889043
vt -2.985488 -3.889043
vt -2.985488 -3.935472
vt 3.985301 -3.935472
vt 7.925760 -3.935472
vt 6.091138 -3.935472
vt 6.091138 -3.889043
vt 7.925760 -3.889043
vt 3.985608 -3.935472
vt 2.379931 -3.935472
vt 2.379931 -3.889043
vt 3.985608 -3.889043
vt 7.925571 -3.889043
vt 0.954810 -3.889043
vt 0.954810 -3.935472
vt 7.925571 -3.935472
vt -2.985703 -3.935472
vt -2.985703 -3.889043
vt -1.379931 -3.889043
vt -1.379931 -3.935472
vt 3.947553 -3.889043
vt 3.947553 -3.935472
vt 4.641076 -3.935472
vt 0.954716 -3.935472
vt 0.954716 -3.889043
vt 4.641076 -3.889043
vt 3.985608 0.954716
vt 3.947551 4.641076
vt 2.379931 0.992529
vt 3.947551 -3.935472
vt 3.947551 -3.889043
s 1
usemtl Stylized_Bricks
f 368/428/239 361/429/239 399/430/239 406/431/239
f 356/432/239 353/433/239 393/434/239 396/435/239
f 347/436/240 346/437/241 389/438/242 390/439/242
f 334/440/243 335/441/243 343/442/243 342/443/243
f 338/444/239 347/445/239 390/446/239 383/447/239
f 333/448/244 336/449/244 346/450/244 345/451/244
f 349/440/245 348/452/245 351/453/245 350/441/245
f 351/433/246 355/432/246 395/435/246 394/434/246
f 348/454/247 354/455/247 355/456/247 351/457/247
f 349/458/246 334/459/246 358/429/246 373/460/246
f 339/461/248 340/462/248 336/453/248 333/452/248
f 359/463/249 374/464/249 373/465/249 358/466/249
f 375/467/246 374/460/246 409/468/246 410/469/246
f 374/460/246 359/429/246 400/430/246 409/468/246
f 358/470/250 366/443/250 367/442/250 359/471/250
f 359/429/246 367/428/246 405/431/246 400/430/246
f 357/466/251 369/451/251 370/450/251 360/463/251
f 379/472/246 375/467/246 410/469/246 411/473/246
f 374/471/252 375/474/252 372/475/252 373/470/252
f 370/476/253 371/477/254 408/478/255 407/479/255
f 372/465/256 375/464/256 379/456/256 378/455/256
f 333/444/246 345/445/246 369/480/246 357/481/246
f 334/459/246 342/482/246 366/428/246 358/429/246
f 382/483/257 392/484/257 391/485/257 381/486/257
f 363/461/258 357/475/258 360/474/258 364/462/258
f 338/444/239 341/487/239 365/488/239 362/481/239
f 341/489/259 340/490/260 364/491/261 365/492/262
f 340/490/260 339/493/257 363/494/257 364/491/261
f 344/482/239 337/459/239 361/429/239 368/428/239
f 343/490/263 344/489/264 368/492/265 367/491/266
f 342/493/249 343/490/263 367/491/266 366/494/249
f 337/459/239 352/458/239 376/460/239 361/429/239
f 347/445/239 338/444/239 362/481/239 371/480/239
f 346/437/241 347/436/240 371/477/254 370/476/253
f 345/495/245 346/437/241 370/476/253 369/496/245
f 354/432/246 348/433/246 372/467/246 378/472/246
f 352/458/239 353/433/239 377/467/239 376/460/239
f 373/460/246 372/467/246 348/433/246 349/458/246
f 353/433/239 356/432/239 380/472/239 377/467/239
f 356/436/267 355/437/268 379/476/269 380/477/270
f 355/437/268 354/495/252 378/496/252 379/476/269
f 335/459/246 350/458/246 392/497/246 382/498/246
f 339/487/246 333/444/246 357/481/246 363/488/246
f 382/499/271 381/500/271 388/501/271 387/502/271
f 384/503/272 383/504/272 390/505/272 389/506/272
f 381/498/239 391/497/239 352/458/239 337/459/239
f 392/499/245 394/507/245 393/508/245 391/500/245
f 394/509/273 395/510/273 396/511/273 393/512/273
f 385/513/274 386/514/274 383/508/274 384/507/274
f 355/437/268 356/436/267 396/439/275 395/438/275
f 340/490/260 341/489/259 386/515/276 385/516/276
f 350/458/246 351/433/246 394/434/246 392/497/246
f 343/482/246 335/459/246 382/498/246 387/517/246
f 337/459/239 344/482/239 388/517/239 381/498/239
f 391/497/239 393/434/239 353/433/239 352/458/239
f 344/489/264 343/490/263 387/516/277 388/515/277
f 349/454/257 350/457/257 335/449/257 334/448/257
f 336/444/246 340/487/246 385/518/246 384/447/246
f 346/445/246 336/444/246 384/447/246 389/446/246
f 399/519/249 397/520/249 409/521/249 400/522/249
f 341/487/239 338/444/239 383/447/239 386/518/239
f 400/523/278 405/524/278 406/525/278 399/526/278
f 402/527/279 407/528/279 408/529/279 401/530/279
f 397/531/252 398/532/252 410/533/252 409/534/252
f 410/535/280 398/536/280 412/537/280 411/538/280
f 361/429/239 376/460/239 397/468/239 399/430/239
f 367/491/266 368/492/265 406/539/281 405/540/281
f 377/467/239 380/472/239 412/473/239 398/469/239
f 403/541/282 402/542/282 401/543/282 404/544/282
f 380/477/270 379/476/269 411/479/283 412/478/283
f 364/488/246 360/481/246 402/545/246 403/546/246
f 360/481/246 370/480/246 407/547/246 402/545/246
f 376/460/239 377/467/239 398/469/239 397/468/239
f 371/480/239 362/481/239 401/545/239 408/547/239
f 365/492/262 364/491/261 403/548/284 404/549/284
f 362/481/239 365/488/239 404/546/239 401/545/239
o Cube.020
v 3.555979 3.639140 4.132406
v 3.555979 3.585151 4.132406
v 3.555979 3.585151 -4.132406
v 3.555979 3.639140 -4.132406
v -3.555979 3.639140 4.132406
v -3.555979 3.585151 4.132406
v -3.555979 3.585151 -4.132406
v -3.555979 3.639140 -4.132406
v 3.451449 3.639140 4.010736
v 3.451449 3.585151 4.010736
v 3.451383 3.585151 -4.010812
v 3.451383 3.639140 -4.010812
v -3.451412 3.639140 4.010779
v -3.451412 3.585151 4.010779
v -3.451346 3.585151 -4.010856
v -3.451346 3.639140 -4.010856
vn -0.0000 1.0000 -0.0000
vn -0.0000 -0.0000 -1.0000
vn -0.0000 -1.0000 -0.0000
vn 1.0000 -0.0000 -0.0000
vn -1.0000 -0.0000 -0.0000
vn -0.0000 -0.0000 1.0000
vt 2.253358 2.253340
vt 2.306495 2.306495
vt -1.306495 2.306495
vt -1.253339 2.253358
vt -1.253373 -1.253325
vt -1.306495 -1.306495
vt 2.306495 -1.306495
vt 2.253392 -1.253306
vt -1.253373 2.586626
vt 2.253392 2.586626
vt 2.253392 2.555670
vt -1.253373 2.555670
vt 2.306495 2.586626
vt -1.306495 2.586626
vt -1.306495 2.555670
vt 2.306495 2.555670
vt 2.253340 2.555670
vt -1.253306 2.555670
vt -1.253306 2.586626
vt 2.253340 2.586626
vt 2.253358 2.586626
vt -1.253339 2.586626
vt -1.253339 2.555670
vt 2.253358 2.555670
vt -1.253325 2.586626
vt -1.253325 2.555670
s 1
usemtl Wood
f 424/550/285 416/551/285 420/552/285 428/553/285
f 425/554/285 417/555/285 413/556/285 421/557/285
f 425/558/286 421/559/286 422/560/286 426/561/286
f 427/553/287 419/552/287 415/551/287 423/550/287
f 421/557/285 413/556/285 416/551/285 424/550/285
f 416/562/288 413/563/288 414/564/288 415/565/288
f 420/563/286 416/562/286 415/565/286 419/564/286
f 419/565/289 418/564/289 417/563/289 420/562/289
f 423/550/287 415/551/287 414/556/287 422/557/287
f 418/564/290 414/565/290 413/562/290 417/563/290
f 423/566/289 422/567/289 421/568/289 424/569/289
f 424/570/290 428/571/290 427/572/290 423/573/290
f 428/570/288 425/574/288 426/575/288 427/573/288
f 428/553/285 420/552/285 417/555/285 425/554/285
f 426/554/287 418/555/287 419/552/287 427/553/287
f 422/557/287 414/556/287 418/555/287 426/554/287
o Exit
v 3.520635 3.982994 -4.091333
v 3.520635 3.585151 -4.091333
v 3.520635 3.639140 -4.091333
v 3.520635 1.003353 -4.091333
v -3.520635 3.982994 -4.091333
v -3.520635 3.585151 -4.091333
v -3.520635 3.639140 -4.091333
v -3.520635 1.003353 -4.091333
v 3.483649 3.966251 -4.053431
v 3.483293 3.585151 -4.047938
v 3.483293 3.639140 -4.047938
v 3.483293 1.003353 -4.047938
v -3.483649 3.966251 -4.053431
v -3.483293 3.585151 -4.047938
v -3.483293 3.639140 -4.047938
v -3.483293 1.003353 -4.047938
v 3.520635 1.722684 -4.091333
v -3.520635 1.722684 -4.091333
v 3.483293 1.722684 -4.047938
v -3.483293 1.722684 -4.047938
v -0.000673 3.639140 -4.091333
v 0.065769 1.003353 -4.091333
v -0.000673 6.245795 -4.091333
v 0.065769 3.585151 -4.091333
v -0.000673 3.639140 -4.029963
v 0.065769 1.003353 -4.029963
v -0.001491 6.208625 -4.054502
v 0.065769 3.585151 -4.029963
v 0.065769 1.722684 -4.091333
v 0.065769 1.722684 -4.029963
v -1.387896 3.585151 -4.030526
v -1.387896 3.585151 -4.091333
v -1.387896 5.348540 -4.091333
v -1.387896 3.639140 -4.091333
v -1.387896 1.003353 -4.091333
v -1.368673 5.322045 -4.048110
v -1.387896 3.639140 -4.030526
v -1.387896 1.003353 -4.030526
v -1.387896 1.722684 -4.030526
v -1.387896 1.722684 -4.091333
vn -1.0000 -0.0000 -0.0000
vn 0.0053 -0.0000 1.0000
vn 0.0034 -0.0000 1.0000
vn -0.0000 -0.0000 -1.0000
vn -0.0083 -0.0000 1.0000
vn -0.0057 -0.0000 1.0000
vn -0.0000 1.0000 -0.0000
vn 0.0058 0.0104 0.9999
vn 0.0024 -0.0000 1.0000
vn -0.0000 -1.0000 -0.0000
vn 1.0000 -0.0000 -0.0000
vn -0.0043 -0.0000 1.0000
vn -0.0091 0.0116 0.9999
vt 0.503847 -2.125822
vt 0.503847 -0.959637
vt 0.474550 -0.959637
vt 0.474550 -2.125822
vt -1.112743 1.009278
vt 0.053439 1.009275
vt 0.053418 2.905193
vt -1.112764 2.905196
vt 2.105078 0.952438
vt 0.472919 0.952438
vt 1.889772 -1.001067
vt 2.105077 -1.001067
vt -1.112765 -0.959632
vt 0.053417 -0.959635
vt 0.053438 0.202830
vt -1.112744 0.202834
vt 0.416494 -0.959637
vt 0.416225 -1.766082
vt 0.445522 -1.766082
vt 0.445522 -0.959637
vt 2.555487 2.905196
vt 2.105078 2.905196
vt 2.105078 0.988551
vt 2.555488 0.988551
vt 2.555488 0.182106
vt 2.555488 -1.001067
vt 3.721673 -1.001067
vt 3.721673 0.182106
vt -1.112765 0.972225
vt -1.112786 2.905002
vt -1.317613 2.905196
vt -2.721673 0.971760
vt 0.503847 1.009274
vt 0.503826 2.905191
vt 2.105078 0.182106
vt -2.690745 0.988551
vt -2.690745 2.905197
vt -2.711461 2.884481
vt -2.720042 0.988551
vt 2.105078 2.905196
vt 1.889773 2.905196
vt 1.034735 1.722023
vt 2.105078 1.722023
vt 0.445522 -2.125822
vt 0.445522 -0.959637
vt 0.503826 -0.959637
vt 0.503846 0.202829
vt -1.317610 -0.960027
vt -1.112784 -0.959826
vt -1.112764 0.202639
vt -2.166534 0.213296
vt -2.690745 -1.001067
vt -2.690745 0.182106
vt -2.719774 0.182106
vt -2.711461 -0.980350
vt 2.105078 -1.001067
vt 3.721673 2.905196
vt 3.721673 0.988551
s 1
usemtl Stylized_Wood_Offset
f 458/576/291 456/577/291 452/578/291 457/579/291
f 456/580/292 458/581/293 447/582/292 438/583/292
f 449/584/294 451/585/294 429/586/294 431/587/294
f 442/588/295 448/589/295 467/590/296 459/591/295
f 467/592/297 458/593/297 457/594/297 468/595/297
f 445/596/294 432/597/294 450/598/294 457/599/294
f 468/600/294 446/601/294 434/602/294 460/603/294
f 453/604/298 439/605/298 437/606/298 455/607/298
f 454/608/299 440/609/292 447/582/292 458/581/293
f 468/600/294 457/599/294 450/598/294 463/610/294
f 450/611/300 432/612/300 440/613/300 454/614/300
f 435/615/294 433/616/294 461/617/294 462/618/294
f 467/619/301 468/579/301 460/578/301 459/620/301
f 467/590/296 448/589/295 444/621/295 466/622/302
f 441/623/303 443/624/303 465/625/303 464/626/303
f 436/627/300 463/628/300 466/629/300 444/630/300
f 436/631/294 446/601/294 468/600/294 463/610/294
f 454/614/300 466/629/300 463/628/300 450/611/300
f 467/590/296 466/622/302 454/608/299 458/581/293
f 430/632/294 445/596/294 457/599/294 452/633/294
o Left_wall
v 3.520635 3.982994 4.091333
v 3.520635 3.982994 -4.091333
v 3.520635 3.585151 -4.091333
v 3.520635 3.639140 -4.091333
v 3.520635 3.639140 4.091333
v 3.520635 3.585151 4.091333
v 3.520635 1.003353 -4.091333
v 3.520635 1.003353 4.091333
v 3.520635 3.982994 -0.230192
v 3.520635 3.639140 -0.230192
v 3.520635 3.585151 -0.230192
v 3.520635 1.003353 -0.230192
v 3.520635 3.982994 -1.887808
v 3.520635 3.639140 -1.887808
v 3.520635 3.585151 -1.887808
v 3.520635 1.003353 -1.887808
v 3.520635 2.660461 -4.091333
v 3.520635 2.660461 4.091333
v 3.520635 2.660461 -0.230192
v 3.520635 2.660461 -1.887808
v 3.483649 3.966251 4.053431
v 3.483649 3.966251 -4.053431
v 3.483293 3.585151 -4.047938
v 3.483293 3.639140 -4.047938
v 3.483293 3.639140 4.047938
v 3.483293 3.585151 4.047938
v 3.483293 1.003353 -4.047938
v 3.483293 1.003353 4.047938
v 3.473608 3.961705 -0.230192
v 3.467825 3.639140 -0.230192
v 3.467825 3.585151 -0.230192
v 3.467825 1.003353 -0.230192
v 3.473608 3.961705 -1.887808
v 3.467825 3.639140 -1.887808
v 3.467825 3.585151 -1.887808
v 3.467825 1.003353 -1.887808
v 3.483293 2.660461 -4.047938
v 3.483293 2.660461 4.047938
v 3.467825 2.660461 -0.230192
v 3.467825 2.660461 -1.887808
vn 1.0000 -0.0000 -0.0000
vn -1.0000 -0.0000 0.0036
vn -1.0000 -0.0000 0.0024
vn -0.9999 0.0137 0.0015
vn -1.0000 0.0094 0.0030
vn -1.0000 -0.0000 0.0018
vn -0.9999 0.0137 -0.0029
vn -1.0000 -0.0000 -0.0036
vn -1.0000 -0.0000 -0.0048
vn -0.9999 0.0094 -0.0059
vn -1.0000 -0.0000 -0.0072
vn -0.0000 -1.0000 -0.0000
vt -0.111472 0.741385
vt -1.137927 0.741386
vt -1.137927 -1.443571
vt -0.111473 -1.443571
vt 0.835035 0.741386
vt -0.006328 0.741386
vt -0.006329 -1.443571
vt 0.835035 -1.443571
vt -0.111472 1.579472
vt -1.137927 1.579473
vt 0.835035 1.579472
vt -0.006329 1.579472
vt -0.111473 2.693571
vt -1.137927 2.693571
vt 0.835035 2.693571
vt -0.006330 2.693571
vt 2.187006 -1.443571
vt 2.187006 0.741386
vt 2.187005 1.579472
vt 2.187006 2.693571
s 1
usemtl Stylized_Wood_Offset
f 478/634/304 477/635/304 469/636/304 473/637/304
f 487/638/304 479/639/304 474/640/304 486/641/304
f 482/642/304 481/643/304 477/635/304 478/634/304
f 487/638/304 488/644/304 483/645/304 479/639/304
f 472/646/304 470/647/304 481/643/304 482/642/304
f 485/648/304 471/649/304 483/645/304 488/644/304
f 496/650/305 506/641/305 507/638/306 500/651/305
f 488/644/304 484/652/304 475/653/304 485/648/304
f 498/634/307 493/637/308 489/636/308 497/635/307
f 507/638/306 506/641/305 494/640/305 499/639/309
f 502/642/310 498/634/307 497/635/307 501/643/310
f 503/645/311 508/644/312 507/638/306 499/639/309
f 492/646/313 502/642/310 501/643/310 490/647/313
f 505/648/314 508/644/312 503/645/311 491/649/314
f 505/648/314 495/653/314 504/652/314 508/644/312
f 480/651/315 476/650/315 496/650/315 500/651/315
f 475/653/315 484/652/315 504/652/315 495/653/315
f 480/651/304 487/638/304 486/641/304 476/650/304
o Right_wall
v -3.520635 3.982994 4.091333
v -3.520635 3.982994 -4.091333
v -3.520635 3.585151 -4.091333
v -3.520635 3.639140 -4.091333
v -3.520635 3.639140 4.091333
v -3.520635 3.585151 4.091333
v -3.520635 1.003353 -4.091333
v -3.520635 1.003353 4.091333
v -3.483649 3.966251 4.053431
v -3.483649 3.966251 -4.053431
v -3.483293 3.585151 -4.047938
v -3.483293 3.639140 -4.047938
v -3.483293 3.639140 4.047938
v -3.483293 3.585151 4.047938
v -3.483293 1.003353 -4.047938
v -3.483293 1.003353 4.047938
vn 1.0000 -0.0000 -0.0000
vn -1.0000 -0.0000 -0.0000
vn -0.0000 -1.0000 -0.0000
vn 1.0000 0.0011 -0.0000
vt 0.650891 2.039038
vt -0.613475 2.039035
vt -0.613475 -0.983720
vt 0.650891 -0.983718
vt 0.650891 -1.016124
vt 1.915261 -1.016124
vt 1.915261 2.039037
vt -0.948804 -0.999922
vt -0.948804 2.022835
vt -0.965006 2.039038
vt -0.965006 -1.016124
vt -0.781884 -0.987820
vt -0.781883 2.039038
vt -0.942078 2.036987
vt -0.942078 -0.985769
vt -0.781884 -1.016124
vt -0.613490 -1.016124
vt -0.613489 2.039038
s 1
usemtl Stylized_Wood_Offset
f 522/654/316 524/655/316 523/656/316 519/657/316
f 516/658/317 514/659/317 511/660/317 515/654/317
f 523/661/318 524/662/318 516/663/318 515/664/318
f 518/665/319 517/666/319 521/667/319 520/668/319
f 512/666/317 513/669/317 509/670/317 510/671/317
o Left_wall.001
v 3.582752 2.555382 -1.778667
v 3.582752 2.555382 -0.341768
v 3.582752 2.555382 -0.230192
v 3.582752 2.660461 -1.778667
v 3.582752 1.003353 -1.887808
v 3.582752 1.003353 -1.778667
v 3.582752 1.003353 -0.341768
v 3.582752 1.003353 -0.230192
v 3.582752 2.660461 -0.230192
v 3.582752 2.555382 -1.887808
v 3.582752 2.660461 -1.887808
v 3.582752 2.660461 -0.341768
v 3.582752 0.002588 -1.887808
v 3.582752 0.002588 -1.778667
v 3.582752 0.002588 -0.341768
v 3.582752 0.002588 -0.230192
v 3.383628 2.555382 -1.778667
v 3.383628 2.555382 -0.341768
v 3.383628 2.555382 -0.230192
v 3.383628 2.660461 -1.778667
v 3.383628 1.003353 -1.887808
v 3.383628 1.003353 -1.778667
v 3.383628 1.003353 -0.341768
v 3.383628 1.003353 -0.230192
v 3.383628 2.660461 -0.230192
v 3.383628 2.555382 -1.887808
v 3.383628 2.660461 -1.887808
v 3.383628 2.660461 -0.341768
v 3.383628 0.002588 -1.887808
v 3.383628 0.002588 -1.778667
v 3.383628 0.002588 -0.341768
v 3.383628 0.002588 -0.230192
vn -0.0000 -0.0000 -1.0000
vn -0.0000 -1.0000 -0.0000
vn -0.0000 1.0000 -0.0000
vn 1.0000 -0.0000 -0.0000
vn -0.0000 -0.0000 1.0000
vn -1.0000 -0.0000 -0.0000
vt 0.787389 0.000000
vt 0.834682 0.000000
vt 0.834682 0.024957
vt 0.787389 0.024957
vt 0.929269 0.368617
vt 0.881976 0.368617
vt 0.881976 0.000000
vt 0.929269 0.000000
vt 0.047293 0.678556
vt 0.047293 0.631262
vt 0.073793 0.631262
vt 0.073793 0.678556
vt 0.000000 0.631262
vt 0.047293 0.631262
vt 0.047293 0.972535
vt 0.000000 0.972535
vt 0.929269 0.606305
vt 0.881976 0.606305
vt 0.881976 0.606305
vt 0.929269 0.606305
vt 0.929269 0.632805
vt 0.881976 0.632805
vt 0.929269 0.974078
vt 0.881976 0.974078
vt 0.367195 0.000000
vt 0.367195 0.024957
vt 0.025922 0.024957
vt 0.025922 0.000000
vt 0.393695 0.024957
vt 0.393695 0.393574
vt 0.367195 0.393574
vt 0.393695 0.000000
vt 0.000000 0.024957
vt 0.000000 0.000000
vt 0.000000 0.393574
vt 0.025922 0.393574
vt 0.025922 0.631262
vt 0.000000 0.631262
vt 0.393695 0.631262
vt 0.367195 0.631262
vt 0.787389 0.393574
vt 0.834682 0.393574
vt 0.834682 0.631262
vt 0.787389 0.631262
vt 0.976562 0.368617
vt 0.976562 0.606305
vt 0.929269 1.000000
vt 0.881976 1.000000
vt 0.881976 0.024957
vt 0.073793 0.678556
vt 0.073793 0.631262
vt 0.099715 0.631262
vt 0.099715 0.678556
vt 0.976562 0.000000
vt 0.881976 0.393574
vt 0.420195 0.000000
vt 0.761467 0.000000
vt 0.761467 0.024957
vt 0.420195 0.024957
vt 0.420195 0.393574
vt 0.420195 0.631262
vt 0.761467 0.393574
vt 0.761467 0.631262
vt 0.881976 0.631262
s 1
usemtl Wood
f 551/672/320 535/673/320 534/674/320 550/675/320
f 531/676/320 547/677/320 542/678/320 526/679/320
f 540/680/321 556/681/321 555/682/321 539/683/321
f 526/684/321 542/685/321 541/686/321 525/687/321
f 539/688/320 555/689/320 547/677/320 531/676/320
f 549/690/322 533/691/322 536/692/322 552/693/322
f 552/693/322 536/692/322 528/694/322 544/695/322
f 536/696/323 526/697/323 525/698/323 528/699/323
f 526/697/323 527/700/323 532/701/323 531/702/323
f 526/697/323 536/696/323 533/703/323 527/700/323
f 534/704/323 535/705/323 528/699/323 525/698/323
f 529/706/323 530/707/323 538/708/323 537/709/323
f 531/702/323 532/701/323 540/710/323 539/711/323
f 529/706/323 534/704/323 525/698/323 530/707/323
f 545/712/320 529/713/320 537/714/320 553/715/320
f 530/676/324 546/716/324 554/717/324 538/688/324
f 550/675/320 534/674/320 529/713/320 545/712/320
f 544/695/322 528/694/322 535/718/322 551/719/322
f 543/720/324 527/674/324 533/673/324 549/678/324
f 538/721/321 554/722/321 553/723/321 537/724/321
f 525/679/324 541/725/324 546/716/324 530/676/324
f 548/726/324 532/713/324 527/674/324 543/720/324
f 552/727/325 544/728/325 541/729/325 542/730/325
f 543/700/325 542/730/325 547/731/325 548/701/325
f 542/730/325 543/700/325 549/703/325 552/727/325
f 550/675/325 541/729/325 544/728/325 551/672/325
f 548/701/325 547/731/325 555/732/325 556/710/325
f 546/733/325 545/712/325 553/715/325 554/734/325
f 541/729/325 550/675/325 545/712/325 546/733/325
f 548/726/324 556/735/324 540/714/324 532/713/324
o Entrance.001
v 1.849671 2.555382 4.158528
v 1.760317 2.555382 4.158528
v 1.760317 2.660461 4.158528
v 1.849671 2.660461 4.158528
v -1.849671 2.555382 4.158528
v -1.760317 2.555382 4.158528
v -1.849671 2.660461 4.158528
v -1.764062 2.660461 4.158528
v 1.760317 0.002499 4.158528
v -1.760317 0.002499 4.158528
v 1.849671 0.002499 4.158528
v -1.849671 0.002499 4.158528
v -1.763199 2.660461 3.961432
v -1.760317 2.555382 3.957745
v 1.849671 2.555382 3.957745
v 1.760317 2.555382 3.957745
v 1.760317 2.660461 3.957745
v 1.849671 2.660461 3.957745
v -1.851478 2.555382 3.958696
v -1.848642 2.660461 3.962143
v 1.849671 0.002499 3.957745
v 1.760317 0.002499 3.957745
v -1.851478 0.002499 3.958696
v -1.760317 0.002499 3.957745
vn -0.0000 1.0000 -0.0000
vn -1.0000 -0.0000 -0.0000
vn 1.0000 -0.0000 -0.0000
vn -1.0000 0.0067 0.0055
vn -1.0000 -0.0000 0.0090
vn -0.0000 -1.0000 -0.0000
vn -0.0000 -0.0000 1.0000
vn -0.0000 -0.0000 -1.0000
vn -0.0002 0.0058 -1.0000
vn -0.9999 0.0135 0.0020
vn -0.0104 -0.0000 -0.9999
vn -0.0099 0.0168 -0.9998
vn -0.0067 0.0171 -0.9998
vn -0.0050 0.0259 -0.9997
vn -0.0003 0.0088 -1.0000
vn -0.0094 0.0339 -0.9994
vt 0.911740 0.000000
vt 0.937995 0.000000
vt 0.937995 0.013578
vt 0.911740 0.013578
vt 0.455865 0.562151
vt 0.482120 0.562151
vt 0.482120 1.000000
vt 0.455865 1.000000
vt 0.990505 0.018022
vt 0.964250 0.018022
vt 0.964250 0.000000
vt 0.990505 0.000000
vt 0.964250 0.473898
vt 0.990382 0.473899
vt 0.990382 0.911747
vt 0.964250 0.911747
vt 0.495973 0.588406
vt 0.495973 0.562151
vt 0.509551 0.562151
vt 0.509551 0.588406
vt 0.455865 0.013009
vt 0.473887 0.013578
vt 0.473887 0.548573
vt 0.455865 0.548573
vt 0.937995 0.534994
vt 0.937995 -0.000000
vt 0.964250 -0.000000
vt 0.964250 0.534994
vt 0.455861 0.000009
vt 0.455861 0.013587
vt 0.018022 0.013578
vt 0.018022 0.000000
vt 0.473887 0.562151
vt 0.455865 0.562151
vt 0.937513 0.549010
vt 0.911740 0.549142
vt 0.964250 0.972847
vt 0.937995 0.972847
vt 0.964250 0.455876
vt 0.989929 0.455875
vt 0.473887 0.000000
vt 0.455865 0.000000
vt 0.482120 0.588404
vt 0.482356 0.562150
vt 0.495933 0.562272
vt 0.495973 0.588404
vt 0.911740 0.000000
vt 0.911740 0.013578
vt 0.911740 0.548573
vt 0.911740 0.562151
vt 0.455865 0.548578
vt 0.455864 0.562431
vt 0.018025 0.562423
vt 0.018026 0.548570
vt 0.990505 0.455875
vt 0.964250 0.455875
vt 0.000001 0.549009
vt 0.000000 0.013578
vt 0.000000 0.000000
vt 0.000000 0.561993
vt 0.937420 0.561994
vt 0.911740 0.562151
s 1
usemtl Wood
f 560/736/326 574/737/326 573/738/326 559/739/326
f 558/740/327 572/741/327 578/742/327 565/743/327
f 557/744/328 571/745/328 574/746/328 560/747/328
f 561/748/329 575/749/329 579/750/330 568/751/330
f 577/752/331 567/753/331 565/754/331 578/755/331
f 564/756/332 562/757/332 558/758/332 559/759/332
f 558/760/331 562/761/331 570/762/331 572/763/331
f 577/764/333 578/765/333 572/766/334 571/767/333
f 557/768/332 560/769/332 559/759/332 558/758/332
f 559/739/326 573/738/326 569/770/326 564/771/326
f 566/772/328 580/773/328 570/760/328 562/763/328
f 563/774/335 576/775/335 575/749/329 561/748/329
f 561/776/332 562/757/332 564/756/332 563/777/332
f 580/778/331 566/779/331 568/780/331 579/781/331
f 568/782/332 566/783/332 562/757/332 561/776/332
f 565/784/332 567/785/332 557/768/332 558/758/332
f 580/786/336 579/787/336 575/788/337 570/789/338
f 557/744/328 567/790/328 577/791/328 571/745/328
f 569/792/339 573/793/340 572/766/334 570/789/338
f 571/767/333 572/766/334 573/793/340 574/794/333
f 576/795/341 569/792/339 570/789/338 575/788/337
f 564/771/326 569/770/326 576/796/326 563/797/326
o Cube.019
v 1.858810 5.098912 -1.232982
v 1.849752 5.053468 -1.232982
v 1.990126 4.963535 -1.232982
v 1.999871 5.008877 -1.232982
v 1.849752 5.053468 -2.141477
v 1.858810 5.098912 -2.141477
v 1.999871 5.008877 -2.141477
v 1.990126 4.963535 -2.141477
v 2.183749 4.891514 -1.232982
v 2.173108 4.846306 -1.232982
v 2.173108 4.846306 -2.141477
v 2.183749 4.891514 -2.141477
v 2.327124 4.800003 -1.232982
v 2.327124 4.800003 -2.141477
v 2.315784 4.754898 -1.232982
v 2.315784 4.754898 -2.141477
v 2.494231 4.693344 -1.232982
v 2.494231 4.693344 -2.141477
v 2.482077 4.648360 -1.232982
v 2.482077 4.648360 -2.141477
v 2.650804 4.593410 -2.979625
v 2.650804 4.593410 -1.232982
v 2.650804 4.593410 -2.141477
v 2.637887 4.548539 -2.979625
v 2.637887 4.548539 -1.232982
v 2.637887 4.548539 -2.141477
v 2.807350 4.493491 -2.979625
v 2.807350 4.493491 -1.232982
v 2.807350 4.493491 -2.141477
v 2.793670 4.448734 -2.979625
v 2.793670 4.448734 -1.232982
v 2.793670 4.448734 -2.141477
v 1.858810 5.098912 -0.761546
v 1.849752 5.053468 -0.761546
v 1.990126 4.963535 -0.761546
v 1.999871 5.008877 -0.761546
v 2.183749 4.891514 -0.761546
v 2.173108 4.846306 -0.761546
v 2.315784 4.754898 -0.761546
v 2.327124 4.800003 -0.761546
v 2.494231 4.693344 -0.761546
v 2.482077 4.648360 -0.761546
v 2.637887 4.548539 -0.761546
v 2.650804 4.593410 -0.761546
v 2.807350 4.493491 -0.761546
v 2.793670 4.448734 -0.761546
v 1.858810 5.098912 -1.687774
v 1.999871 5.008877 -1.687774
v 1.849752 5.053468 -1.687774
v 1.990126 4.963535 -1.687774
v 2.482077 4.648360 -1.687774
v 2.494231 4.693344 -1.687774
v 2.650804 4.593410 -1.687774
v 2.637887 4.548539 -1.687774
v 2.793670 4.448734 -1.687774
v 2.807350 4.493491 -1.687774
v 1.210863 5.462780 -2.979625
v 1.216793 5.508688 -2.979625
v 1.210863 5.462780 -2.141477
v 1.216793 5.508688 -2.141477
v 1.210863 5.462780 -1.687774
v 1.216793 5.508688 -1.687774
v 1.370869 5.410347 -2.979625
v 1.370869 5.410347 -2.141477
v 1.370869 5.410347 -1.687774
v 1.364189 5.364550 -2.979625
v 1.364189 5.364550 -2.141477
v 1.364189 5.364550 -1.687774
v 2.183749 4.891514 -2.560551
v 2.173108 4.846306 -2.560551
v 2.315784 4.754898 -2.560551
v 2.327124 4.800003 -2.560551
v 2.494231 4.693344 -2.560551
v 2.482077 4.648360 -2.560551
v 2.637887 4.548539 -2.560551
v 2.650804 4.593410 -2.560551
v 2.807350 4.493491 -2.560551
v 2.793670 4.448734 -2.560551
v 1.216793 5.508688 -2.560551
v 1.210863 5.462780 -2.560551
v 1.364189 5.364550 -2.560551
v 1.370869 5.410347 -2.560551
v 2.983710 4.380927 -2.979625
v 2.983710 4.380927 -1.232982
v 2.983710 4.380927 -2.141477
v 2.969170 4.336298 -2.979625
v 2.969170 4.336298 -1.232982
v 2.969170 4.336298 -2.141477
v 2.969170 4.336298 -0.761546
v 2.983710 4.380927 -0.761546
v 2.983710 4.380927 -1.687774
v 2.969170 4.336298 -1.687774
v 2.969170 4.336298 -2.560551
v 2.983710 4.380927 -2.560551
v 1.050149 5.565744 -2.979625
v 1.050149 5.565744 -2.141477
v 1.050149 5.565744 -1.687774
v 1.055291 5.611769 -2.979625
v 1.055291 5.611769 -2.141477
v 1.055291 5.611769 -1.687774
v 1.055291 5.611769 -2.560551
v 1.050149 5.565744 -2.560551
v 1.687943 5.207970 -2.979625
v 1.687943 5.207970 -1.232982
v 1.687943 5.207970 -2.141477
v 1.687943 5.207970 -0.761546
v 1.687943 5.207970 -1.687774
v 1.679717 5.162403 -2.979625
v 1.679717 5.162403 -1.232982
v 1.679717 5.162403 -2.141477
v 1.679717 5.162403 -0.761546
v 1.679717 5.162403 -1.687774
v 1.687943 5.207970 -2.560551
v 1.679717 5.162403 -2.560551
v 1.521953 5.263476 -2.979625
v 1.521953 5.263476 -1.232982
v 1.521953 5.263476 -2.141477
v 1.521953 5.263476 -0.761546
v 1.521953 5.263476 -1.687774
v 1.521953 5.263476 -2.560551
v 1.529406 5.309158 -2.979625
v 1.529406 5.309158 -1.232982
v 1.529406 5.309158 -2.141477
v 1.529406 5.309158 -0.761546
v 1.529406 5.309158 -1.687774
v 1.529406 5.309158 -2.560551
vn -0.5394 -0.8420 -0.0000
vn 0.5380 0.8429 -0.0000
vn -0.5395 -0.8420 -0.0000
vn 0.9807 -0.1955 -0.0000
vn -0.0000 -0.0000 1.0000
vn -0.9777 0.2101 -0.0000
vn -0.0000 -0.0000 -1.0000
vn 0.9918 -0.1281 -0.0000
vn -0.9895 0.1443 -0.0000
vn -0.9698 0.2438 -0.0000
vn 0.9734 -0.2291 -0.0000
vn 0.9610 -0.2766 -0.0000
vn -0.9563 0.2923 -0.0000
vn -0.9508 0.3098 -0.0000
vn 0.9563 -0.2923 -0.0000
vn 0.9654 -0.2608 -0.0000
vn -0.9610 0.2766 -0.0000
vn -0.9841 0.1776 -0.0000
vn 0.9870 -0.1610 -0.0000
vt -0.452758 -0.338723
vt -0.394840 -0.338723
vt -0.394840 -0.305763
vt -0.452758 -0.305763
vt -0.452758 1.346394
vt -0.452758 1.313316
vt -0.394840 1.313316
vt -0.394840 1.346394
vt -0.452758 1.377387
vt -0.394840 1.377387
vt -0.452758 -0.369604
vt -0.394840 -0.369604
vt -0.452758 -0.400480
vt -0.394840 -0.400480
vt -0.452758 1.408374
vt -0.394840 1.408374
vt -0.269281 -0.435264
vt -0.204126 -0.435264
vt -0.204126 -0.400480
vt -0.269281 -0.400480
vt -0.269281 1.443284
vt -0.269281 1.408374
vt -0.204126 1.408374
vt -0.204126 1.443283
vt -0.269281 -0.369604
vt -0.204126 -0.369604
vt -0.204126 -0.338722
vt -0.269281 -0.338722
vt -0.269281 1.377387
vt -0.269281 1.346394
vt -0.204126 1.346394
vt -0.204126 1.377387
vt -0.269281 1.313316
vt -0.204126 1.313316
vt -0.204126 -0.305763
vt -0.269281 -0.305763
vt -0.394840 1.443284
vt -0.332136 1.408374
vt -0.332136 1.443284
vt -0.394840 -0.435264
vt -0.332135 -0.435264
vt -0.332135 -0.400480
vt -0.269281 1.284936
vt -0.269281 1.248538
vt -0.204126 1.248538
vt -0.204126 1.284936
vt -0.269281 -0.277485
vt -0.204126 -0.277485
vt -0.204126 -0.241218
vt -0.269281 -0.241218
vt -0.204126 -0.213396
vt -0.269281 -0.213396
vt -0.269281 1.220616
vt -0.204126 1.220616
vt -0.332135 -0.369604
vt -0.332136 1.377387
vt -0.394840 1.155412
vt -0.394840 1.124031
vt -0.332136 1.124031
vt -0.332136 1.155412
vt -0.394840 -0.148427
vt -0.332135 -0.148427
vt -0.332135 -0.117158
vt -0.394840 -0.117158
vt -0.510677 1.155412
vt -0.510677 1.124031
vt -0.452758 1.124031
vt -0.452758 1.155412
vt -0.510677 -0.148427
vt -0.452758 -0.148427
vt -0.452758 -0.117158
vt -0.510677 -0.117158
vt -0.452758 -0.086769
vt -0.510677 -0.086769
vt -0.510677 1.093532
vt -0.452758 1.093532
vt -0.510676 -0.435264
vt -0.452758 -0.435264
vt -0.510676 -0.400480
vt -0.510677 1.443284
vt -0.510677 1.408374
vt -0.452758 1.443284
vt -0.452758 -0.054916
vt -0.510677 -0.054916
vt -0.510677 1.061564
vt -0.452758 1.061564
vt -0.394840 1.093532
vt -0.394840 1.061564
vt -0.332136 1.061564
vt -0.332136 1.093532
vt -0.394840 -0.086769
vt -0.332135 -0.086769
vt -0.332135 -0.054916
vt -0.394840 -0.054916
vt -0.332135 -0.213396
vt -0.394840 -0.213396
vt -0.394840 1.220616
vt -0.332136 1.220616
vt -0.394840 -0.241218
vt -0.394840 1.248538
vt -0.332135 -0.241218
vt -0.332136 1.248538
vt -0.452758 1.284936
vt -0.452758 -0.277485
vt -0.394840 1.284936
vt -0.394840 -0.277485
vt -0.332136 1.346394
vt -0.332135 -0.338722
vt -0.510677 1.377387
vt -0.510676 -0.369604
vt -0.332135 -0.179696
vt -0.394840 -0.179696
vt -0.394840 1.186794
vt -0.332136 1.186794
vt -0.204126 -0.179696
vt -0.269281 -0.179696
vt -0.269281 1.186794
vt -0.204126 1.186794
vt -0.204126 -0.148427
vt -0.204126 1.155412
vt -0.269281 -0.148427
vt -0.269281 1.155412
vt -0.510676 -0.179696
vt -0.452758 -0.179696
vt -0.452758 1.186794
vt -0.510677 1.186794
s 1
usemtl Brick_Small_DirtyFreepoly.org
f 654/798/342 600/799/342 596/800/342 651/801/342
f 653/802/343 652/803/343 594/804/343 598/805/343
f 656/806/343 653/802/343 598/805/343 603/807/343
f 655/808/344 606/809/342 600/799/342 654/798/342
f 658/810/344 612/811/344 606/809/342 655/808/344
f 657/812/343 656/806/343 603/807/343 609/813/343
f 667/814/342 669/815/342 626/816/342 611/817/342
f 664/818/343 608/819/343 625/820/343 670/821/343
f 605/822/344 623/823/344 622/824/344 599/825/344
f 602/826/343 597/827/343 621/828/343 624/829/343
f 597/827/343 593/830/343 620/831/343 621/828/343
f 599/825/344 622/824/344 619/832/344 595/833/344
f 665/834/343 609/813/343 636/835/343 671/836/343
f 668/837/344 672/838/344 635/839/344 612/811/344
f 589/840/343 584/841/343 616/842/343 617/843/343
f 590/844/342 618/845/342 615/846/342 583/847/342
f 583/847/342 615/846/342 614/848/344 582/849/344
f 584/841/343 581/850/343 613/851/343 616/842/343
f 612/811/344 635/839/344 634/852/342 606/809/342
f 609/813/343 603/807/343 633/853/343 636/835/343
f 703/854/343 644/855/343 645/856/343 705/857/343
f 697/858/342 699/859/342 648/860/342 647/861/342
f 701/862/343 643/863/343 662/864/343 706/865/343
f 695/866/342 700/867/342 661/868/342 646/869/342
f 646/869/342 661/868/342 660/870/342 637/871/342
f 643/863/343 638/872/343 659/873/343 662/864/343
f 666/874/344 673/875/344 658/810/344 610/876/344
f 663/877/343 607/878/343 657/812/343 674/879/343
f 637/871/342 660/870/342 682/880/342 675/881/342
f 638/872/343 678/882/343 681/883/343 659/873/343
f 640/884/343 679/885/343 680/886/343 642/887/343
f 639/888/342 641/889/342 677/890/342 676/891/342
f 629/892/345 585/893/345 586/894/345 627/895/345
f 585/893/346 588/896/346 587/897/346 586/894/346
f 588/896/347 630/898/347 628/899/347 587/897/347
f 630/898/347 583/847/347 584/841/347 628/899/347
f 583/847/348 582/849/348 581/850/348 584/841/348
f 582/849/345 629/892/345 627/895/345 581/850/345
f 640/884/349 642/887/349 641/889/349 639/888/349
f 642/887/348 645/856/348 648/860/348 641/889/348
f 645/856/350 644/855/350 647/861/350 648/860/350
f 644/855/346 640/884/346 639/888/346 647/861/346
f 594/804/351 652/803/351 651/801/351 596/800/351
f 652/803/346 649/900/346 650/901/346 651/801/346
f 649/900/352 592/902/352 591/903/352 650/901/352
f 592/902/348 594/804/348 596/800/348 591/903/348
f 589/840/352 617/843/352 618/845/352 590/844/352
f 617/843/348 620/831/348 619/832/348 618/845/348
f 620/831/351 593/830/351 595/833/351 619/832/351
f 593/830/346 589/840/346 590/844/346 595/833/346
f 602/826/353 624/829/353 623/823/353 605/822/353
f 624/829/348 625/820/348 626/816/348 623/823/348
f 625/820/354 608/819/354 611/817/354 626/816/354
f 608/819/346 602/826/346 605/822/346 611/817/346
f 664/818/355 671/836/355 672/838/355 667/814/355
f 671/836/346 636/835/346 635/839/346 672/838/346
f 636/835/356 608/819/356 611/817/356 635/839/356
f 608/819/348 664/818/348 667/814/348 611/817/348
f 598/805/357 632/904/357 631/905/357 600/799/357
f 632/904/348 633/853/348 634/852/348 631/905/348
f 633/853/358 603/807/358 606/809/358 634/852/358
f 603/807/346 598/805/346 600/799/346 606/809/346
f 665/834/355 674/879/355 673/875/355 668/837/355
f 674/879/346 657/812/346 658/810/346 673/875/346
f 657/812/356 609/813/356 612/811/356 658/810/356
f 609/813/348 665/834/348 668/837/348 612/811/348
f 601/906/353 656/806/353 655/808/353 604/907/353
f 656/806/348 657/812/348 658/810/348 655/808/348
f 657/812/354 607/878/354 610/876/354 658/810/354
f 585/893/344 629/892/344 692/908/344 690/909/344
f 586/894/343 685/910/343 687/911/343 627/895/343
f 582/849/344 614/848/344 691/912/342 689/913/342
f 581/850/343 684/914/343 686/915/343 613/851/343
f 689/913/359 691/912/359 686/915/359 684/914/359
f 691/912/348 698/916/348 704/917/348 686/915/348
f 690/909/344 692/908/344 699/859/342 697/858/342
f 685/910/343 703/854/343 705/857/343 687/911/343
f 698/916/360 696/918/360 702/919/360 704/917/360
f 696/918/346 689/913/346 684/914/346 702/919/346
f 688/920/359 694/921/359 693/922/359 683/923/359
f 694/921/348 700/867/348 706/865/348 693/922/348
f 700/867/360 695/866/360 701/862/360 706/865/360
o Cube.021
v 0.000000 6.285325 -0.113141
v 0.000000 6.285325 -2.979625
v 0.000000 6.238535 -0.113141
v 0.000000 6.238535 -2.979625
v 0.000000 6.238535 -1.232982
v 0.000000 6.238535 -2.141477
v 0.000000 6.238535 -0.761546
v 0.000000 6.238535 -1.687774
v 0.000000 6.238535 -2.560551
v 1.050149 5.565744 -2.979625
v 1.050149 5.565744 -0.113141
v 1.050149 5.565744 -1.232982
v 1.050149 5.565744 -2.141477
v 1.050149 5.565744 -0.761546
v 1.050149 5.565744 -1.687774
v 1.055291 5.611769 -2.979625
v 1.055291 5.611769 -0.113141
v 1.050149 5.565744 -2.560551
vn -0.5394 -0.8420 -0.0000
vn -0.0000 -0.0000 1.0000
vn 0.5380 0.8429 -0.0000
vt -0.204126 -0.054916
vt -0.114512 -0.054916
vt -0.114512 0.153222
vt -0.204126 0.153222
vt -0.114512 1.061564
vt -0.114512 0.852675
vt -0.332135 -0.054916
vt -0.269281 -0.054916
vt -0.269281 0.153222
vt -0.332135 0.153222
vt -0.452758 -0.054916
vt -0.394840 -0.054916
vt -0.394840 0.153222
vt -0.452758 0.153222
vt -0.510677 0.852675
vt -0.510677 1.061564
vt -0.510677 -0.054916
vt -0.510677 0.153222
s 1
usemtl Brick_Small_DirtyFreepoly.org
f 720/924/361 717/925/361 709/926/361 713/927/361
f 723/928/362 707/929/362 709/926/362 717/925/362
f 721/930/361 718/931/361 711/932/361 714/933/361
f 724/934/361 719/935/361 712/936/361 715/937/361
f 708/938/363 707/929/363 723/928/363 722/939/363
f 718/931/361 720/924/361 713/927/361 711/932/361
f 719/935/361 721/930/361 714/933/361 712/936/361
f 716/940/361 724/934/361 715/937/361 710/941/361
o Exit.001
v -0.000673 6.245795 -4.091333
v -0.001491 6.208625 -4.054502
v -1.387896 5.348540 -4.091333
v -1.368673 5.322045 -4.048110
v -0.152321 6.147709 -4.091333
v -0.150948 6.111707 -4.053803
v -1.225195 5.453775 -4.091333
v -1.208322 5.426028 -4.048860
v -0.001365 5.273952 -4.050723
v -0.000673 5.273952 -4.091333
v -1.371634 5.273952 -4.045402
v -1.387896 5.273952 -4.091333
v -0.338355 5.273952 -4.156618
v -0.334919 5.273952 -4.114712
v -0.152321 5.273952 -4.091333
v -0.151160 5.273952 -4.050141
v -1.050208 5.273952 -4.111935
v -1.062493 5.273952 -4.156618
v -1.225195 5.273952 -4.091333
v -1.210921 5.273952 -4.046026
v -1.379705 4.462534 -4.038018
v -0.694285 4.462534 -4.156618
v -0.338355 4.462534 -4.091333
v -0.516320 4.462534 -4.156618
v -0.152321 4.462534 -4.091333
v -1.062493 4.462534 -4.091333
v -0.878389 4.462534 -4.091333
v -1.225195 4.462534 -4.091333
v -0.001022 4.462534 -4.040419
v -0.000673 4.462534 -4.091333
v -1.387896 4.462534 -4.091333
v -0.690363 4.462534 -4.104504
v -0.336624 4.462534 -4.039834
v -0.513494 4.462534 -4.104811
v -0.151736 4.462534 -4.040156
v -1.056306 4.462534 -4.038581
v -0.873335 4.462534 -4.038900
v -1.218005 4.462534 -4.038300
v -0.001195 4.871248 -4.045609
v -0.000673 4.871248 -4.091333
v -1.387896 4.871248 -4.091333
v -0.335765 4.871248 -4.044666
v -0.151446 4.871248 -4.045186
v -1.053234 4.871248 -4.042646
v -0.870826 4.871248 -4.108444
v -1.214437 4.871248 -4.042192
v -1.375639 4.871248 -4.041737
v -0.338355 4.871248 -4.091333
v -0.152321 4.871248 -4.091333
v -1.062493 4.871248 -4.091333
v -0.878389 4.871248 -4.156618
v -1.225195 4.871248 -4.091333
v -1.383442 4.086898 -4.034600
v -0.694285 4.086898 -4.091333
v -0.338355 4.086898 -4.091333
v -0.516320 4.086898 -4.091333
v -0.152321 4.086898 -4.091333
v -1.062493 4.086898 -4.091333
v -0.878389 4.086898 -4.091333
v -1.225195 4.086898 -4.091333
v -0.000863 4.086898 -4.035649
v -0.000673 4.086898 -4.091333
v -1.387896 4.086898 -4.091333
v -0.692152 4.086898 -4.035125
v -0.337414 4.086898 -4.035394
v -0.514783 4.086898 -4.035259
v -0.152003 4.086898 -4.035534
v -1.059129 4.086898 -4.034846
v -0.875640 4.086898 -4.034986
v -1.221285 4.086898 -4.034723
vn -0.0553 0.0364 0.9978
vn 0.0031 0.0084 1.0000
vn 0.0029 0.0042 1.0000
vn 0.0579 -0.0267 -0.9980
vn -0.0000 -0.0000 -1.0000
vn 0.9999 0.0002 0.0168
vn 0.9998 0.0001 0.0195
vn -0.4171 0.6463 0.6391
vn 0.9414 -0.0102 -0.3373
vn -0.0000 1.0000 -0.0000
vn 0.9736 -0.0412 -0.2246
vn -0.4318 0.6688 0.6052
vn -0.0660 -0.0267 -0.9975
vn -0.0006 0.0184 0.9998
vn 0.0674 0.0418 0.9969
vn -0.0047 0.0278 0.9996
vn 0.0028 0.0093 1.0000
vn 0.0525 0.0289 0.9982
vn -0.0495 -0.0200 -0.9986
vn -0.1961 -0.0792 -0.9774
vn -0.1242 -0.0529 -0.9908
vn 0.1282 0.0618 0.9898
vn 0.2011 0.0870 0.9757
vn -0.0847 0.0521 0.9950
vn -0.0410 0.0324 0.9986
vn -0.1707 0.0916 0.9811
vn 0.0868 -0.0401 -0.9954
vn 0.1723 -0.0796 -0.9818
vn 0.0434 -0.0200 -0.9989
vn 0.9999 0.0003 0.0115
vn -0.9255 0.0307 0.3775
vn -0.9431 0.0183 0.3320
vn -0.9432 0.0182 0.3316
vn 0.0028 0.0125 0.9999
vn 0.0012 0.0123 0.9999
vn 0.0012 0.0125 0.9999
vn 0.0018 0.0125 0.9999
vn 0.0018 0.0123 0.9999
vn 1.0000 0.0002 0.0050
vn 1.0000 0.0003 0.0070
vn -0.0876 -0.0429 -0.9952
vn -0.1167 -0.0549 -0.9917
vn -0.1739 -0.0853 -0.9811
vn 0.0889 0.0526 0.9946
vn 0.1758 0.0946 0.9799
vn 0.1192 0.0645 0.9908
vn 0.1798 -0.0852 -0.9800
vn 0.0604 -0.0286 -0.9978
vn 0.0906 -0.0429 -0.9950
vn -0.1792 0.0969 0.9790
vn -0.0898 0.0549 0.9944
vn -0.0591 0.0407 0.9974
vn 0.0012 0.0095 1.0000
vn 0.0012 0.0099 0.9999
vn 0.0457 0.0293 0.9985
vn 0.0018 0.0095 1.0000
vn -0.0438 -0.0197 -0.9988
vn 0.0013 0.0093 1.0000
vn 0.0018 0.0093 1.0000
vn -0.9706 0.0059 0.2406
vn -0.9880 0.0056 0.1546
vn -0.9880 0.0056 0.1544
vn -0.9706 0.0059 0.2404
vn 0.1774 0.0871 0.9803
vn -0.1740 -0.0784 -0.9816
vn -0.9934 0.0055 0.1142
vn -0.9995 0.0002 0.0323
vn -0.9976 0.0124 0.0679
vn -0.9984 0.0071 0.0564
vn -0.9984 0.0066 0.0554
vn -0.9990 0.0013 0.0440
vn -0.9991 0.0090 0.0404
vn 0.9984 -0.0124 -0.0558
vn 0.9920 -0.0236 -0.1244
vt -1.751895 -0.623686
vt -1.751896 -0.540585
vt -2.337136 -0.540658
vt -2.276449 -0.623572
vt 1.465379 -0.473397
vt 0.918104 -0.472690
vt 0.857455 -0.559980
vt 1.466095 -0.560478
vt 1.758992 -0.561676
vt -1.615248 -0.541378
vt 1.465974 0.119344
vt 1.353378 0.119344
vt -1.847108 -1.210166
vt -1.752007 -1.211662
vt 6.140245 1.799995
vt 1.465975 0.119344
vt -1.751878 -1.211605
vt 2.941217 0.580459
vt 1.718128 0.029082
vt 5.748615 1.562060
vt 2.570821 0.424537
vt -1.499725 -1.124124
vt 6.061465 1.306661
vt 2.857042 0.281492
vt -1.781998 -1.299123
vt 1.419271 0.209605
vt 1.465974 0.209605
vt -1.751948 -1.300795
vt -1.499720 -1.302984
vt -1.499722 -1.213554
vt -1.751879 -1.211605
vt -1.751876 -1.300763
vt 1.718127 0.209605
vt 1.465974 0.209605
vt 1.465974 0.119344
vt 1.718127 0.119344
vt 1.465974 0.029082
vt -1.752112 -1.122357
vt -1.499735 -0.726097
vt -1.499737 -0.623842
vt -1.751898 -0.623685
vt -1.752181 -0.725539
vt 1.718131 -0.372658
vt 1.465978 -0.372663
vt 1.465463 -0.473742
vt 1.717742 -0.474262
vt 1.718139 -0.560025
vt 1.465989 -0.560040
vt -1.111495 -0.544300
vt -1.017085 -0.543289
vt 1.470088 0.211386
vt -1.815224 -1.328966
vt 1.465989 -0.560040
vt -1.499739 -0.540488
vt -1.751901 -0.540584
vt -1.008601 -0.624149
vt -1.008601 -0.540301
vt -1.243814 -0.540391
vt -1.243813 -0.624002
vt 2.209109 -0.475274
vt 1.973786 -0.474789
vt 1.974052 -0.560011
vt 2.209253 -0.559997
vt -0.921266 -0.542262
vt -0.833201 -0.541319
vt 2.209249 -0.073053
vt 1.974044 -0.073053
vt 1.974044 -0.175188
vt 2.209249 -0.175188
vt -1.008597 -1.025599
vt -1.008598 -0.923805
vt -1.244061 -0.922781
vt -1.243806 -1.024321
vt 2.209249 -0.273917
vt 1.974044 -0.273917
vt 1.974047 -0.372654
vt 2.209250 -0.372651
vt -1.008599 -0.825407
vt -1.008600 -0.727008
vt -1.243811 -0.726572
vt -1.244085 -0.824660
vt -1.008596 -1.217351
vt -1.008596 -1.127392
vt -1.243804 -1.125827
vt -1.243803 -1.215533
vt 2.209249 0.119344
vt 1.974044 0.119344
vt 1.974044 0.029082
vt 2.209249 0.029082
vt 2.209249 0.209605
vt 1.974044 0.209605
vt -1.008595 -1.307310
vt -1.243802 -1.305238
vt 1.492535 0.106181
vt 1.823286 0.140489
vt -1.140834 -1.258008
vt -1.345641 -1.232310
vt 1.166649 0.072378
vt -1.547438 -1.206990
vt -1.499969 -1.022869
vt 1.718127 -0.073053
vt 2.127267 0.172020
vt -0.952602 -1.281626
vt 6.506977 0.073745
vt 3.268141 -0.203651
vt 6.347951 0.162962
vt 3.201815 -0.182230
vt 6.037804 0.330295
vt 2.812381 -0.144292
vt 5.953346 0.407367
vt 2.791101 -0.134044
vt 5.923150 0.742580
vt 2.757268 0.006815
vt 5.995914 0.851579
vt 2.785751 0.026369
vt 5.907554 1.163953
vt 2.739250 0.228427
s 1
usemtl Stylized_Wood_Offset
f 740/942/364 733/943/365 726/944/366 730/945/366
f 739/946/367 729/947/368 725/948/368 734/949/368
f 734/950/369 725/948/370 726/944/370 733/951/369
f 730/945/371 726/944/371 725/948/371 729/947/371
f 743/952/372 731/953/372 732/954/372 744/955/372
f 742/956/373 743/957/373 744/958/373 741/959/373
f 774/960/374 742/961/374 741/962/374 768/963/374
f 775/964/373 774/960/373 768/963/373 769/965/373
f 728/966/375 732/954/375 731/953/375 727/967/375
f 736/968/368 727/967/368 731/953/368 743/952/376
f 735/969/377 744/955/378 732/954/379 728/966/379
f 771/970/380 770/971/381 744/972/378 735/973/377
f 765/974/368 736/975/368 743/976/376 776/977/382
f 776/977/382 743/957/376 742/978/383 774/960/384
f 770/971/381 768/963/385 741/979/386 744/958/378
f 766/980/387 767/981/388 740/982/364 738/983/389
f 772/984/390 737/985/391 739/986/367 773/987/392
f 764/988/393 734/989/369 733/990/369 763/991/393
f 727/967/394 736/992/395 735/993/396 728/966/394
f 773/987/392 739/986/367 734/994/368 764/988/368
f 767/981/388 763/995/397 733/996/365 740/982/364
f 791/997/398 785/998/399 753/999/400 759/1000/401
f 781/1001/368 749/1002/368 754/1003/368 786/1004/368
f 786/1004/402 754/1003/403 753/1005/403 785/1006/402
f 783/1007/404 751/1008/405 746/1009/406 778/1010/406
f 793/1011/407 788/1012/408 756/1013/408 761/1014/409
f 780/1015/410 748/1016/410 747/1017/411 779/1018/412
f 790/1019/413 789/1020/414 757/1021/415 758/1022/413
f 779/1018/412 747/1017/411 749/1002/368 781/1001/368
f 789/1020/414 791/997/398 759/1000/401 757/1021/415
f 794/1023/416 792/1024/417 760/1025/418 762/1026/419
f 784/1027/368 752/1028/368 750/1029/420 782/1030/368
f 792/1024/417 793/1011/407 761/1014/409 760/1025/418
f 782/1030/368 750/1029/420 751/1008/405 783/1007/404
f 787/1031/368 755/1032/368 752/1028/368 784/1027/368
f 777/1033/421 794/1023/416 762/1026/419 745/1034/422
f 765/1035/423 755/1036/424 745/1037/425 771/1038/426
f 736/1039/395 765/1035/423 771/1038/426 735/1040/396
f 759/1000/401 753/999/400 763/995/397 767/981/388
f 749/1002/368 773/987/392 764/988/368 754/1003/368
f 754/1003/403 764/988/393 763/991/393 753/1005/403
f 747/1017/411 772/984/390 773/987/392 749/1002/368
f 757/1021/415 759/1000/401 767/981/388 766/980/387
f 762/1026/419 760/1025/418 768/963/385 770/971/381
f 752/1028/368 776/977/382 774/960/384 750/1029/420
f 760/1025/418 761/1014/409 769/1041/427 768/963/385
f 750/1029/420 774/960/384 775/1042/428 751/1008/405
f 755/1032/368 765/974/368 776/977/382 752/1028/368
f 745/1034/422 762/1026/419 770/971/381 771/970/380
f 755/1036/424 787/1043/429 777/1044/429 745/1037/425
f 729/947/430 739/946/430 740/942/430 730/945/430
f 739/986/373 737/1045/373 738/1046/373 740/982/373
f 737/1047/431 772/984/432 766/980/433 738/1048/431
f 772/984/432 747/1017/434 757/1021/434 766/980/433
f 747/1017/373 748/1049/373 758/1050/373 757/1021/373
f 748/1051/435 780/1015/435 790/1019/435 758/1052/435
f 780/1015/373 778/1010/373 788/1012/373 790/1019/373
f 778/1010/436 746/1053/436 756/1054/436 788/1012/436
f 746/1055/373 751/1008/373 761/1014/373 756/1056/373
f 751/1008/437 775/1057/437 769/1058/437 761/1014/437
o Cube.022
v -1.696562 5.202468 2.826246
v -1.688295 5.156907 2.826246
v -1.845832 5.055979 2.826246
v -1.854871 5.101425 2.826246
v -0.551197 5.933515 2.826246
v -0.548511 5.887125 2.826246
v -0.406768 6.025699 2.826246
v -0.404786 5.979204 2.826246
v -2.774311 4.514579 2.826246
v -2.760792 4.469798 2.826246
v -2.937508 4.356582 2.826246
v -2.951893 4.401234 2.826246
v -2.314591 4.808002 2.826246
v -2.303312 4.762888 2.826246
v -1.696562 5.202468 2.387291
v -1.854871 5.101425 2.387291
v -1.198681 5.520248 2.387291
v -1.049798 5.615275 2.387291
v -0.731084 5.818699 2.387291
v -0.551197 5.933515 2.387291
v -0.406768 6.025699 2.387291
v -2.774311 4.514579 2.387291
v -2.314591 4.808002 2.387291
v -1.688295 5.156907 2.387291
v -1.845832 5.055979 2.387291
v -1.192840 5.474327 2.387291
v -1.044682 5.569246 2.387291
v -0.727522 5.772439 2.387291
v -0.548511 5.887125 2.387291
v -0.404786 5.979204 2.387291
v -2.760792 4.469798 2.387291
v -2.303312 4.762888 2.387291
v -1.198681 5.520248 1.952183
v -1.049798 5.615275 1.952183
v -0.731084 5.818699 1.952183
v -0.551197 5.933515 1.952183
v -0.406768 6.025699 1.952183
v -2.774311 4.514579 1.952183
v -2.951893 4.401234 1.952183
v -2.314591 4.808002 1.952183
v -1.192840 5.474327 1.952183
v -1.044682 5.569246 1.952183
v -0.727522 5.772439 1.952183
v -0.548511 5.887125 1.952183
v -0.404786 5.979204 1.952183
v -2.760792 4.469798 1.952183
v -2.937508 4.356582 1.952183
v -2.303312 4.762888 1.952183
v -1.198681 5.520248 1.497293
v -1.049798 5.615275 1.497293
v -0.731084 5.818699 1.497293
v -2.774311 4.514579 1.497293
v -2.951893 4.401234 1.497293
v -2.314591 4.808002 1.497293
v -1.192840 5.474327 1.497293
v -1.044682 5.569246 1.497293
v -0.727522 5.772439 1.497293
v -2.760792 4.469798 1.497293
v -2.937508 4.356582 1.497293
v -2.303312 4.762888 1.497293
v -1.845832 5.055979 2.606769
v -2.760792 4.469798 2.606769
v -2.937508 4.356582 2.606769
v -2.303312 4.762888 2.606769
v -1.854871 5.101425 2.606769
v -2.774311 4.514579 2.606769
v -2.951893 4.401234 2.606769
v -2.314591 4.808002 2.606769
v -1.192840 5.474327 2.169737
v -1.044682 5.569246 2.169737
v -0.727522 5.772439 2.169737
v -0.548511 5.887125 2.169737
v -0.404786 5.979204 2.169737
v -2.760792 4.469798 2.169737
v -2.937508 4.356582 2.169737
v -2.303312 4.762888 2.169737
v -1.198681 5.520248 2.169737
v -1.049798 5.615275 2.169737
v -0.731084 5.818699 2.169737
v -0.551197 5.933515 2.169737
v -0.406768 6.025699 2.169737
v -2.774311 4.514579 2.169737
v -2.951893 4.401234 2.169737
v -2.314591 4.808002 2.169737
v -1.192840 5.474327 1.225791
v -1.044682 5.569246 1.225791
v -0.727522 5.772439 1.225791
v -0.548511 5.887125 1.225791
v -0.404786 5.979204 1.225791
v -2.303312 4.762888 1.225791
v -1.198681 5.520248 1.225791
v -1.049798 5.615275 1.225791
v -0.731084 5.818699 1.225791
v -0.551197 5.933515 1.225791
v -0.406768 6.025699 1.225791
v -2.314591 4.808002 1.225791
v -1.696562 5.202468 0.982184
v -1.854871 5.101425 0.982184
v -1.198681 5.520248 0.982184
v -1.049798 5.615275 0.982184
v -0.731084 5.818699 0.982184
v -0.551197 5.933515 0.982184
v -0.406768 6.025699 0.982184
v -2.774311 4.514579 0.982184
v -2.951893 4.401234 0.982184
v -2.314591 4.808002 0.982184
v -1.688295 5.156907 0.982184
v -1.845832 5.055979 0.982184
v -1.192840 5.474327 0.982184
v -1.044682 5.569246 0.982184
v -0.727522 5.772439 0.982184
v -0.548511 5.887125 0.982184
v -0.404786 5.979204 0.982184
v -2.760792 4.469798 0.982184
v -2.937508 4.356582 0.982184
v -2.303312 4.762888 0.982184
v -1.688295 5.156907 0.525648
v -1.845832 5.055979 0.525648
v -2.760792 4.469798 0.525648
v -2.937508 4.356582 0.525648
v -2.303312 4.762888 0.525648
v -1.696562 5.202468 0.525648
v -1.854871 5.101425 0.525648
v -2.774311 4.514579 0.525648
v -2.951893 4.401234 0.525648
v -2.314591 4.808002 0.525648
v -0.890441 5.716987 2.387291
v -0.886102 5.670842 2.387291
v -0.886102 5.670842 1.952183
v -0.890441 5.716987 1.952183
v -0.890441 5.716987 1.497293
v -0.886102 5.670842 1.497293
v -0.886102 5.670842 2.169737
v -0.890441 5.716987 2.169737
v -0.886102 5.670842 1.225791
v -0.890441 5.716987 1.225791
v -0.890441 5.716987 0.982184
v -0.886102 5.670842 0.982184
v -2.627200 4.608474 2.826246
v -2.614398 4.563587 2.826246
v -2.614398 4.563587 2.387291
v -2.627200 4.608474 2.387291
v -2.627200 4.608474 1.952183
v -2.614398 4.563587 1.952183
v -2.614398 4.563587 1.497293
v -2.627200 4.608474 1.497293
v -2.614398 4.563587 2.606769
v -2.627200 4.608474 2.606769
v -2.627200 4.608474 2.169737
v -2.614398 4.563587 2.169737
v -2.614398 4.563587 0.982184
v -2.627200 4.608474 0.982184
v -2.614398 4.563587 0.525648
v -2.627200 4.608474 0.525648
vn -0.5380 0.8429 -0.0000
vn 0.5394 -0.8420 -0.0000
vn 0.5395 -0.8420 -0.0000
vn -0.0000 -0.0000 -1.0000
vn -0.9839 -0.1785 -0.0000
vn -0.9991 -0.0426 -0.0000
vn 0.9518 0.3066 -0.0000
vn 0.9956 0.0936 -0.0000
vn -0.9983 -0.0578 -0.0000
vn 0.9617 0.2743 -0.0000
vn -0.0000 -0.0000 1.0000
vn 0.9808 0.1951 -0.0000
vn 0.9970 0.0768 -0.0000
vn 0.9983 0.0578 -0.0000
vn -0.9701 -0.2425 -0.0000
vn -0.9939 -0.1105 -0.0000
vn 0.9920 0.1262 -0.0000
vn -0.9573 -0.2890 -0.0000
vt -0.234619 0.611383
vt -0.171523 0.611383
vt -0.171523 0.673262
vt -0.234619 0.673262
vt -0.428813 0.673262
vt -0.459146 0.673262
vt -0.459146 0.611383
vt -0.428813 0.611383
vt 0.729347 1.095614
vt 0.699014 1.095614
vt 0.699014 1.033957
vt 0.729347 1.033957
vt 0.819814 1.095614
vt 0.789747 1.095614
vt 0.789747 1.033957
vt 0.819814 1.033957
vt 0.729347 0.969917
vt 0.729347 1.004942
vt 0.699014 1.004942
vt 0.699014 0.969917
vt -0.459146 0.737533
vt -0.489479 0.737533
vt -0.489479 0.702382
vt -0.459146 0.702382
vt -0.305810 0.611383
vt 0.882682 1.095614
vt 0.882682 1.033957
vt -0.305810 0.673262
vt -0.489479 0.489047
vt -0.428813 0.489047
vt 0.759680 1.217509
vt 0.699014 1.217509
vt -0.428813 0.233740
vt 0.759680 1.471899
vt 0.699014 1.471899
vt -0.489479 0.233740
vt 0.819814 1.345073
vt 0.819814 1.376503
vt 0.789747 1.376503
vt 0.789747 1.345073
vt -0.398745 0.329480
vt -0.428813 0.329480
vt -0.428813 0.297936
vt -0.398745 0.297936
vt 0.789747 1.407933
vt 0.759680 1.407933
vt 0.759680 1.376503
vt -0.428813 0.262328
vt -0.398746 0.262328
vt 0.789747 1.443413
vt 0.759680 1.443413
vt -0.398746 0.673262
vt -0.398746 0.611383
vt -0.368678 0.611383
vt -0.368678 0.673262
vt 0.789747 0.969917
vt -0.398746 0.737533
vt -0.305810 0.329480
vt -0.368678 0.329480
vt 0.882683 1.376503
vt -0.305810 0.702382
vt -0.368678 0.702382
vt 0.819814 1.004942
vt 0.882682 1.004942
vt 0.882682 0.969917
vt 0.819814 0.969917
vt -0.398746 0.361024
vt -0.428813 0.361024
vt 0.759680 1.345073
vt 0.953873 1.095614
vt 0.953873 1.033957
vt 1.016969 1.033957
vt 1.016969 1.095614
vt -0.489479 0.262329
vt 0.699014 1.443413
vt 0.882682 1.345073
vt 0.882682 1.315708
vt 0.819814 1.315708
vt -0.305810 0.390495
vt -0.368678 0.390495
vt -0.368678 0.361024
vt -0.305810 0.361024
vt -0.268287 0.262328
vt -0.368678 0.262328
vt -0.368678 0.233740
vt -0.268287 0.233740
vt -0.268287 0.390495
vt -0.268287 0.361024
vt 0.920205 1.315708
vt 0.920205 1.345073
vt -0.268287 0.329480
vt -0.305810 0.297936
vt -0.268287 0.297936
vt 0.920206 1.376503
vt 0.920206 1.407934
vt 0.882683 1.407934
vt 0.920205 1.471899
vt 0.819814 1.471899
vt 0.819814 1.443413
vt 0.920205 1.443413
vt -0.234619 0.702382
vt -0.234619 0.737533
vt -0.305810 0.737533
vt 0.953873 0.969917
vt 0.953873 1.004942
vt -0.234619 0.361024
vt -0.234619 0.329480
vt 0.953873 1.345073
vt 0.953873 1.376503
vt 0.759680 1.095614
vt 0.759680 1.033957
vt -0.489479 0.673262
vt -0.489479 0.611383
vt 0.789747 1.004942
vt -0.368678 0.737533
vt -0.398746 0.702382
vt 0.819814 1.407934
vt -0.368678 0.297936
vt 1.016969 1.004942
vt 1.016969 1.186286
vt -0.171523 0.520384
vt -0.234619 0.520384
vt 0.953873 1.186286
vt 1.016969 0.969917
vt -0.171523 0.702382
vt -0.171523 0.737533
vt 1.016969 1.217509
vt 0.953873 1.217509
vt -0.234619 0.489047
vt -0.171523 0.489047
vt -0.398746 0.233740
vt 0.789747 1.471899
vt -0.268287 0.611383
vt 0.920205 1.095614
vt 0.953873 1.443413
vt 0.953873 1.471899
vt -0.234619 0.262328
vt -0.234619 0.233740
vt 0.953873 1.407934
vt -0.234619 0.297936
vt 0.953873 1.315708
vt -0.234619 0.390495
vt -0.428813 0.702382
vt 0.759680 1.004942
vt -0.428813 0.520384
vt 0.759680 1.186286
vt -0.459146 0.520384
vt 0.729347 1.186286
vt -0.489479 0.520384
vt 0.699014 1.186286
vt -0.428813 0.390495
vt 0.759680 1.315708
vt -0.398746 0.390495
vt 0.789747 1.315708
s 1
usemtl Brick_Small_DirtyFreepoly.org
f 900/1059/438 920/1060/438 948/1061/438 946/1062/438
f 936/1063/438 942/1064/438 862/1065/438 817/1066/438
f 858/1067/439 808/1068/439 934/1069/439 941/1070/439
f 842/1071/439 870/1072/439 944/1073/440 938/1074/440
f 857/1075/439 856/1076/439 804/1077/439 805/1078/439
f 861/1079/438 806/1080/438 803/1081/438 860/1082/438
f 848/1083/441 854/1084/441 939/1085/441 940/1086/441
f 795/1087/442 809/1088/442 818/1089/442 796/1090/442
f 815/1091/443 824/1092/443 802/1093/443 801/1094/443
f 836/1095/440 923/1096/439 927/1097/439 864/1098/439
f 928/1099/438 921/1100/438 813/1101/438 873/1102/438
f 927/1097/439 865/1103/440 822/1104/440 922/1105/439
f 873/1102/438 813/1101/438 814/1106/438 874/1107/438
f 865/1103/440 866/1108/440 823/1109/440 822/1104/440
f 939/1085/440 854/1084/439 842/1071/439 938/1074/440
f 943/1110/438 878/1111/438 834/1112/438 937/1113/438
f 869/1114/444 877/1115/444 861/1079/444 857/1075/444
f 925/1116/445 924/1117/445 923/1096/445 926/1118/445
f 846/1119/438 832/1120/438 937/1113/438 940/1086/438
f 939/1085/440 938/1074/440 840/1121/439 852/1122/439
f 937/1113/438 834/1112/438 848/1083/438 940/1086/438
f 853/1123/439 852/1122/439 840/1121/439 841/1124/439
f 872/1125/438 812/1126/438 921/1100/438 928/1099/438
f 864/1098/439 927/1097/439 922/1105/439 821/1127/439
f 910/1128/439 945/1129/440 947/1130/440 915/1131/439
f 799/1132/441 801/1094/441 802/1093/441 800/1133/441
f 850/1134/439 926/1118/439 923/1096/439 836/1095/440
f 849/1135/440 850/1134/439 836/1095/440 835/1136/440
f 843/1137/438 827/1138/438 828/1139/438 844/1140/438
f 888/1141/438 830/1142/438 831/1143/438 889/1144/438
f 885/1145/438 843/1137/438 844/1140/438 886/1146/438
f 879/1147/439 880/1148/439 850/1134/439 849/1135/440
f 930/1149/438 925/1116/438 845/1150/438 887/1151/438
f 929/1152/439 881/1153/439 851/1154/439 926/1118/439
f 886/1146/438 844/1140/438 925/1116/438 930/1149/438
f 883/1155/440 839/1156/440 838/1157/440 882/1158/440
f 830/1142/446 888/1141/446 882/1158/446 838/1157/446
f 846/1119/438 940/1086/438 946/1062/438 898/1159/438
f 899/1160/438 847/1161/438 846/1119/438 898/1159/438
f 909/1162/439 908/1163/439 852/1122/439 853/1123/439
f 946/1062/447 940/1086/447 939/1085/447 945/1129/447
f 831/1143/448 830/1142/448 838/1157/448 839/1156/448
f 894/1164/438 886/1146/438 930/1149/438 931/1165/438
f 904/1166/439 932/1167/439 929/1152/439 880/1148/439
f 873/1102/441 874/1107/441 866/1108/441 865/1103/441
f 944/1073/440 870/1072/439 826/1168/439 935/1169/439
f 933/1170/438 807/1171/438 862/1065/438 942/1064/438
f 935/1169/439 826/1168/439 858/1067/439 941/1070/439
f 943/1110/438 936/1063/438 817/1066/438 878/1111/438
f 841/1124/439 840/1121/439 868/1172/439 869/1114/439
f 833/1173/438 877/1115/438 876/1174/438 832/1120/438
f 923/1096/439 837/1175/439 865/1103/440 927/1097/439
f 924/1117/438 928/1099/438 873/1102/438 829/1176/438
f 828/1139/438 872/1125/438 928/1099/438 924/1117/438
f 900/1059/448 946/1062/448 945/1129/448 910/1128/448
f 880/1148/439 929/1152/439 926/1118/439 850/1134/439
f 847/1161/438 833/1173/438 832/1120/438 846/1119/438
f 945/1129/440 908/1163/439 913/1177/439 947/1130/440
f 912/1178/449 917/1179/449 892/1180/449 902/1181/449
f 913/1177/439 908/1163/439 909/1162/439 914/1182/439
f 899/1160/438 898/1159/438 918/1183/438 919/1184/438
f 911/1185/442 901/1186/442 891/1187/442 916/1188/442
f 898/1159/438 946/1062/438 948/1061/438 918/1183/438
f 829/1176/450 873/1102/450 865/1103/450 837/1175/450
f 924/1117/441 829/1176/441 837/1175/441 923/1096/441
f 845/1150/448 925/1116/448 926/1118/448 851/1154/448
f 887/1151/450 845/1150/450 851/1154/450 881/1153/450
f 888/1141/448 887/1151/448 881/1153/448 882/1158/448
f 814/1106/451 799/1132/451 800/1133/451 823/1109/451
f 815/1091/443 875/1189/443 867/1190/443 824/1092/443
f 945/1129/440 939/1085/440 852/1122/439 908/1163/439
f 890/1191/452 900/1059/452 910/1128/452 884/1192/452
f 906/1193/440 907/1194/440 883/1155/440 882/1158/440
f 896/1195/438 888/1141/438 889/1144/438 897/1196/438
f 905/1197/440 906/1193/440 882/1158/440 881/1153/439
f 895/1198/438 887/1151/438 888/1141/438 896/1195/438
f 932/1167/439 905/1197/440 881/1153/439 929/1152/439
f 931/1165/438 930/1149/438 887/1151/438 895/1198/438
f 903/1199/439 904/1166/439 880/1148/439 879/1147/439
f 893/1200/438 885/1145/438 886/1146/438 894/1164/438
f 874/1107/451 814/1106/451 823/1109/451 866/1108/451
f 875/1189/443 831/1143/443 839/1156/443 867/1190/443
f 840/1121/439 938/1074/440 944/1073/440 868/1172/439
f 832/1120/438 876/1174/438 943/1110/438 937/1113/438
f 816/1201/438 860/1082/438 942/1064/438 936/1063/438
f 825/1202/440 935/1169/439 941/1070/439 856/1076/439
f 876/1174/438 816/1201/438 936/1063/438 943/1110/438
f 868/1172/439 944/1073/440 935/1169/439 825/1202/440
f 856/1076/439 941/1070/439 934/1069/439 804/1077/439
f 860/1082/438 803/1081/438 933/1170/438 942/1064/438
f 848/1083/452 890/1191/452 884/1192/452 854/1084/452
f 809/1088/448 810/1203/448 819/1204/448 818/1089/448
f 810/1203/449 859/1205/449 855/1206/449 819/1204/449
f 859/1205/449 798/1207/449 797/1208/449 855/1206/449
f 798/1207/441 795/1087/441 796/1090/441 797/1208/441
f 901/1186/441 902/1181/441 892/1180/441 891/1187/441
f 912/1178/448 911/1185/448 916/1188/448 917/1179/448
f 811/1209/441 812/1126/441 821/1127/441 820/1210/441
f 812/1126/453 872/1125/453 864/1098/453 821/1127/453
f 872/1125/453 828/1139/453 836/1095/453 864/1098/453
f 828/1139/448 827/1138/448 835/1136/448 836/1095/448
f 827/1138/454 871/1211/454 863/1212/454 835/1136/454
f 871/1211/454 811/1209/454 820/1210/454 863/1212/454
f 856/1076/441 857/1075/441 861/1079/441 860/1082/441
f 869/1114/448 868/1172/448 876/1174/448 877/1115/448
f 868/1172/455 825/1202/455 816/1201/455 876/1174/455
f 825/1202/455 856/1076/455 860/1082/455 816/1201/455
f 844/1140/438 828/1139/438 924/1117/438 925/1116/438
o Cube.023
v 3.533581 4.029964 -2.979625
v 3.533581 4.029964 -0.113141
v 3.516361 3.985732 -2.979625
v 3.516361 3.985732 -0.113141
v 2.983710 4.380927 -2.979625
v 2.983710 4.380927 -0.113141
v 2.969170 4.336298 -2.979625
v 2.969170 4.336298 -0.113141
vn -0.5394 -0.8420 -0.0000
vn 0.9319 -0.3628 -0.0000
vn -0.0000 -0.0000 1.0000
vn 0.5380 0.8429 -0.0000
vt -0.114512 -0.543717
vt -0.114512 -0.435264
vt -0.510676 -0.435264
vt -0.510676 -0.543717
vt -0.510677 1.552128
vt -0.114512 1.552127
vt -0.114512 1.443284
vt -0.510677 1.443284
s 1
usemtl Brick_Small_DirtyFreepoly.org
f 952/1213/456 956/1214/456 955/1215/456 951/1216/456
f 952/1213/457 951/1216/457 949/1217/457 950/1218/457
f 950/1218/458 954/1219/458 956/1214/458 952/1213/458
f 953/1220/459 954/1219/459 950/1218/459 949/1217/459
o Cube.024
v 0.000000 6.285325 -0.113141
v 0.000000 6.238535 -0.113141
v 0.000000 6.285325 3.297938
v 0.000000 6.238535 3.297938
v -0.406768 6.025699 -0.113141
v -0.406768 6.025699 3.297938
v -0.404786 5.979204 -0.113141
v -0.404786 5.979204 3.297938
vn -0.0000 -0.0000 -1.0000
vn -0.0000 -0.0000 1.0000
vn 0.5394 -0.8420 -0.0000
vn -0.5380 0.8429 -0.0000
vn 1.0000 -0.0000 -0.0000
vt -0.083239 0.233740
vt -0.083239 0.153222
vt 1.105253 1.552127
vt 1.105253 1.471899
vt -0.554669 0.153222
vt -0.554669 0.233740
vt 0.633823 1.471899
vt 0.633823 1.552127
s 1
usemtl Brick_Small_DirtyFreepoly.org
f 961/1221/460 957/1222/460 958/1223/460 963/1224/460
f 959/1225/461 962/1226/461 964/1227/461 960/1228/461
f 960/1228/462 964/1227/462 963/1224/462 958/1223/462
f 962/1226/463 959/1225/463 957/1222/463 961/1221/463
f 959/1225/464 960/1228/464 958/1223/464 957/1222/464
o Cube.025
v -3.533581 4.029964 -0.113141
v -3.516361 3.985732 -0.113141
v -3.533581 4.029964 3.297938
v -3.516361 3.985732 3.297938
v -2.937508 4.356582 -0.113141
v -2.937508 4.356582 3.297938
v -2.951893 4.401234 -0.113141
v -2.951893 4.401234 3.297938
vn -0.0000 -0.0000 1.0000
vn -0.9319 -0.3628 -0.0000
vn 0.5394 -0.8420 -0.0000
vn -0.0000 -0.0000 -1.0000
vn -0.5380 0.8429 -0.0000
vt -0.554669 0.737533
vt -0.554669 0.852675
vt 0.633823 0.855189
vt 0.633823 0.969917
vt -0.083239 0.852675
vt 1.105253 0.855189
vt 1.105253 0.969917
vt -0.083239 0.737533
s 1
usemtl Brick_Small_DirtyFreepoly.org
f 972/1229/465 967/1230/465 968/1231/465 970/1232/465
f 967/1230/466 965/1233/466 966/1234/466 968/1231/466
f 966/1234/467 969/1235/467 970/1232/467 968/1231/467
f 965/1233/468 971/1236/468 969/1235/468 966/1234/468
f 965/1233/469 967/1230/469 972/1229/469 971/1236/469
o Cube.026
v -0.406768 6.025699 3.297938
v -0.404786 5.979204 3.297938
v -2.937508 4.356582 3.297938
v -2.951893 4.401234 3.297938
v -0.406768 6.025699 2.826246
v -0.404786 5.979204 2.826246
v -2.937508 4.356582 2.826246
v -2.951893 4.401234 2.826246
vn -0.5380 0.8429 -0.0000
vn 0.5394 -0.8420 -0.0000
vn -0.0000 -0.0000 1.0000
vt -0.554669 0.737533
vt -0.554669 0.233740
vt -0.489479 0.233740
vt -0.489479 0.737533
vt 0.699014 1.471899
vt 0.633823 1.471899
vt 0.633823 0.969917
vt 0.699014 0.969917
s 1
usemtl Brick_Small_DirtyFreepoly.org
f 976/1237/470 973/1238/470 977/1239/470 980/1240/470
f 978/1241/471 974/1242/471 975/1243/471 979/1244/471
f 976/1237/472 975/1243/472 974/1242/472 973/1238/472
o Cube.027
v -0.406768 6.025699 -0.113141
v -0.404786 5.979204 -0.113141
v -2.937508 4.356582 -0.113141
v -2.951893 4.401234 -0.113141
v -0.404786 5.979204 0.525648
v -2.937508 4.356582 0.525648
v -0.406768 6.025699 0.525648
v -2.951893 4.401234 0.525648
vn -0.5380 0.8429 -0.0000
vn 0.5394 -0.8420 -0.0000
vn -0.0000 -0.0000 -1.0000
vt -0.171523 0.737533
vt -0.171523 0.233740
vt -0.083239 0.233740
vt -0.083239 0.737533
vt 1.105253 1.471899
vt 1.016969 1.471899
vt 1.016969 0.969917
vt 1.105253 0.969917
s 1
usemtl Brick_Small_DirtyFreepoly.org
f 988/1245/473 987/1246/473 981/1247/473 984/1248/473
f 982/1249/474 985/1250/474 986/1251/474 983/1252/474
f 984/1248/475 981/1247/475 982/1249/475 983/1252/475
o Cube.028
v -1.696562 5.202468 2.826246
v -1.688295 5.156907 2.826246
v -1.198681 5.520248 2.826246
v -1.192840 5.474327 2.826246
v -1.688295 5.156907 0.525648
v -1.192840 5.474327 0.525648
v -1.696562 5.202468 0.525648
v -1.198681 5.520248 0.525648
vn -0.5380 0.8429 -0.0000
vn 0.5394 -0.8420 -0.0000
vt 0.699014 1.315708
vt 0.699014 1.217509
vt 1.016969 1.217509
vt 1.016969 1.315708
vt -0.489479 0.489047
vt -0.489479 0.390495
vt -0.171523 0.390494
vt -0.171523 0.489047
s 1
usemtl Brick_Small_DirtyFreepoly.org
f 992/1253/477 990/1254/477 993/1255/477 994/1256/477
f 989/1257/476 991/1258/476 996/1259/476 995/1260/476
o Cube.029
v -1.845832 5.055979 2.826246
v -1.854871 5.101425 2.826246
v -2.314591 4.808002 2.826246
v -2.303312 4.762888 2.826246
v -1.845832 5.055979 0.525648
v -2.303312 4.762888 0.525648
v -1.854871 5.101425 0.525648
v -2.314591 4.808002 0.525648
vn 0.5394 -0.8420 -0.0000
vn -0.5380 0.8429 -0.0000
vt -0.489479 0.611383
vt -0.489479 0.520384
vt -0.171523 0.520384
vt -0.171523 0.611383
vt 0.699014 1.186286
vt 0.699014 1.095614
vt 1.016969 1.095614
vt 1.016969 1.186286
s 1
usemtl Brick_Small_DirtyFreepoly.org
f 999/1261/479 998/1262/479 1003/1263/479 1004/1264/479
f 997/1265/478 1000/1266/478 1002/1267/478 1001/1268/478
o Cube.030
v -1.696562 5.202468 2.387291
v -1.854871 5.101425 2.387291
v -1.688295 5.156907 2.387291
v -1.845832 5.055979 2.387291
v -1.696562 5.202468 0.982184
v -1.854871 5.101425 0.982184
v -1.688295 5.156907 0.982184
v -1.845832 5.055979 0.982184
vn -0.5380 0.8429 -0.0000
vn 0.5395 -0.8420 -0.0000
vt 0.759680 1.217509
vt 0.759680 1.186286
vt 0.953873 1.186286
vt 0.953873 1.217509
vt -0.428813 0.520384
vt -0.428813 0.489047
vt -0.234619 0.489047
vt -0.234619 0.520384
s 1
usemtl Brick_Small_DirtyFreepoly.org
f 1007/1269/481 1008/1270/481 1012/1271/481 1011/1272/481
f 1006/1273/480 1005/1274/480 1009/1275/480 1010/1276/480
o Cube.031
v -1.198681 5.520248 2.826246
v -1.192840 5.474327 2.826246
v -0.551197 5.933515 2.826246
v -0.548511 5.887125 2.826246
v -1.198681 5.520248 2.387291
v -0.551197 5.933515 2.387291
v -1.192840 5.474327 2.387291
v -0.548511 5.887125 2.387291
vn -0.5380 0.8429 -0.0000
vn 0.5394 -0.8420 -0.0000
vt 0.759680 1.315708
vt 0.759680 1.443413
vt 0.699014 1.443413
vt 0.699014 1.315708
vt -0.489479 0.262329
vt -0.428813 0.262328
vt -0.428813 0.390495
vt -0.489479 0.390495
s 1
usemtl Brick_Small_DirtyFreepoly.org
f 1019/1277/483 1020/1278/483 1016/1279/483 1014/1280/483
f 1015/1281/482 1018/1282/482 1017/1283/482 1013/1284/482
o Cube.032
v -1.198681 5.520248 0.982184
v -0.406768 6.025699 0.982184
v -1.192840 5.474327 0.982184
v -0.404786 5.979204 0.982184
v -1.192840 5.474327 0.525648
v -0.404786 5.979204 0.525648
v -1.198681 5.520248 0.525648
v -0.406768 6.025699 0.525648
vn -0.5380 0.8429 -0.0000
vn 0.5394 -0.8420 -0.0000
vt -0.234619 0.390495
vt -0.234619 0.233740
vt -0.171523 0.233740
vt -0.171523 0.390494
vt 0.953873 1.471899
vt 0.953873 1.315708
vt 1.016969 1.315708
vt 1.016969 1.471899
s 1
usemtl Brick_Small_DirtyFreepoly.org
f 1021/1285/484 1022/1286/484 1028/1287/484 1027/1288/484
f 1024/1289/485 1023/1290/485 1025/1291/485 1026/1292/485
o Exit.002
v -0.000673 3.639140 -4.091333
v -0.000673 3.639140 -4.029963
v -1.387896 3.639140 -4.091333
v -1.387896 3.639140 -4.030526
v -1.383442 4.086898 -4.034600
v -0.000863 4.086898 -4.035649
v -0.000673 4.086898 -4.091333
v -1.387896 4.086898 -4.091333
vn -0.0000 -0.0000 -1.0000
vn -0.9993 0.0051 0.0379
vn -0.0000 -1.0000 -0.0000
vn 1.0000 0.0002 0.0016
vn 0.0002 0.0109 0.9999
vt 1.396099 1.005349
vt 1.396103 0.235748
vt 1.676463 0.235764
vt 1.676464 1.005349
vt 1.314117 0.967764
vt -1.541378 -0.514035
vt -1.765751 -0.485882
vt -1.541378 0.255550
vt -1.646351 0.254426
vt -1.821751 0.255443
vt -1.821745 -0.511565
s 1
usemtl Stylized_Wood_Offset
f 1036/1293/486 1035/1294/486 1029/1295/486 1031/1296/486
f 1036/1297/487 1031/1296/487 1032/1298/487 1033/1299/487
f 1030/1300/488 1032/1298/488 1031/1296/488 1029/1295/488
f 1029/1295/489 1035/1294/489 1034/1301/489 1030/1300/489
f 1034/1302/490 1033/1303/490 1032/1298/490 1030/1300/490
o Cube.033
v 2.983710 4.380927 -0.113141
v 2.969170 4.336298 -0.113141
v 2.969170 4.336298 -0.761546
v 2.983710 4.380927 -0.761546
v 1.050149 5.565744 -0.113141
v 1.050149 5.565744 -0.761546
v 1.055291 5.611769 -0.113141
v 1.055291 5.611769 -0.761546
vn -0.5394 -0.8420 -0.0000
vn 0.5380 0.8429 -0.0000
vn -0.0000 -0.0000 1.0000
vt -0.114512 -0.435264
vt -0.114512 -0.054916
vt -0.204126 -0.054916
vt -0.204126 -0.435264
vt -0.204126 1.443283
vt -0.204126 1.061564
vt -0.114512 1.061564
vt -0.114512 1.443284
s 1
usemtl Brick_Small_DirtyFreepoly.org
f 1038/1304/491 1041/1305/491 1042/1306/491 1039/1307/491
f 1040/1308/492 1044/1309/492 1043/1310/492 1037/1311/492
f 1043/1310/493 1041/1305/493 1038/1304/493 1037/1311/493
o Cube.034
v 2.650804 4.593410 -2.979625
v 2.637887 4.548539 -2.979625
v 2.637887 4.548539 -2.560551
v 2.650804 4.593410 -2.560551
v 1.687943 5.207970 -2.979625
v 1.679717 5.162403 -2.979625
v 1.687943 5.207970 -2.560551
v 1.679717 5.162403 -2.560551
vn 0.5380 0.8429 -0.0000
vn -0.5395 -0.8420 -0.0000
vt -0.510677 1.186794
vt -0.452758 1.186794
vt -0.452758 1.377387
vt -0.510677 1.377387
vt -0.452758 -0.369604
vt -0.452758 -0.179696
vt -0.510676 -0.179696
vt -0.510676 -0.369604
s 1
usemtl Brick_Small_DirtyFreepoly.org
f 1049/1312/494 1051/1313/494 1048/1314/494 1045/1315/494
f 1047/1316/495 1052/1317/495 1050/1318/495 1046/1319/495
o Cube.035
v 2.173108 4.846306 -2.141477
v 2.183749 4.891514 -2.141477
v 2.183749 4.891514 -2.560551
v 2.173108 4.846306 -2.560551
v 1.050149 5.565744 -2.141477
v 1.055291 5.611769 -2.141477
v 1.055291 5.611769 -2.560551
v 1.050149 5.565744 -2.560551
vn -0.5394 -0.8420 -0.0000
vn 0.5380 0.8429 -0.0000
vt -0.394840 -0.277485
vt -0.394840 -0.054916
vt -0.452758 -0.054916
vt -0.452758 -0.277485
vt -0.452758 1.061564
vt -0.394840 1.061564
vt -0.394840 1.284936
vt -0.452758 1.284936
s 1
usemtl Brick_Small_DirtyFreepoly.org
f 1053/1320/496 1057/1321/496 1060/1322/496 1056/1323/496
f 1059/1324/497 1058/1325/497 1054/1326/497 1055/1327/497
o Cube.036
v 1.858810 5.098912 -1.232982
v 1.849752 5.053468 -1.232982
v 1.990126 4.963535 -1.232982
v 1.999871 5.008877 -1.232982
v 1.999871 5.008877 -2.141477
v 1.990126 4.963535 -2.141477
v 2.494231 4.693344 -1.232982
v 2.494231 4.693344 -2.141477
v 2.482077 4.648360 -1.232982
v 2.482077 4.648360 -2.141477
v 2.807350 4.493491 -1.232982
v 2.793670 4.448734 -1.232982
v 1.858810 5.098912 -1.687774
v 1.999871 5.008877 -1.687774
v 1.849752 5.053468 -1.687774
v 1.990126 4.963535 -1.687774
v 2.482077 4.648360 -1.687774
v 2.494231 4.693344 -1.687774
v 2.793670 4.448734 -1.687774
v 2.807350 4.493491 -1.687774
v 1.050149 5.565744 -1.232982
v 1.050149 5.565744 -0.761546
v 1.050149 5.565744 -1.687774
v 1.055291 5.611769 -1.232982
v 1.055291 5.611769 -0.761546
v 1.055291 5.611769 -1.687774
v 1.521953 5.263476 -1.232982
v 1.521953 5.263476 -0.761546
v 1.521953 5.263476 -1.687774
v 1.529406 5.309158 -1.232982
v 1.529406 5.309158 -0.761546
v 1.529406 5.309158 -1.687774
vn 0.5380 0.8429 -0.0000
vn -0.5394 -0.8420 -0.0000
vn -0.5395 -0.8420 -0.0000
vt -0.269281 -0.241218
vt -0.332135 -0.241218
vt -0.332135 -0.338722
vt -0.269281 -0.338722
vt -0.394840 1.248538
vt -0.332136 1.248538
vt -0.332136 1.346394
vt -0.394840 1.346394
vt -0.332135 -0.400480
vt -0.269281 -0.400480
vt -0.332136 1.408374
vt -0.269281 1.346394
vt -0.269281 1.408374
vt -0.269281 1.248538
vt -0.394840 -0.241218
vt -0.394840 -0.338723
vt -0.269281 -0.148427
vt -0.269281 -0.054916
vt -0.332135 -0.054916
vt -0.332135 -0.148427
vt -0.332136 1.061564
vt -0.269281 1.061564
vt -0.269281 1.155412
vt -0.332136 1.155412
vt -0.204126 1.061564
vt -0.204126 1.155412
vt -0.204126 -0.148427
vt -0.204126 -0.054916
vt -0.332136 1.220616
vt -0.269281 1.220616
vt -0.269281 -0.213396
vt -0.332135 -0.213396
s 1
usemtl Brick_Small_DirtyFreepoly.org
f 1063/1328/499 1076/1329/499 1077/1330/499 1069/1331/499
f 1065/1332/498 1074/1333/498 1078/1334/498 1068/1335/498
f 1079/1336/500 1072/1337/500 1069/1331/499 1077/1330/499
f 1080/1338/498 1078/1334/498 1067/1339/498 1071/1340/498
f 1078/1334/498 1074/1333/498 1064/1341/498 1067/1339/498
f 1077/1330/499 1076/1329/499 1066/1342/499 1070/1343/499
f 1087/1344/499 1081/1345/499 1083/1346/499 1089/1347/499
f 1086/1348/498 1084/1349/498 1090/1350/498 1092/1351/498
f 1084/1349/498 1085/1352/498 1091/1353/498 1090/1350/498
f 1088/1354/499 1082/1355/499 1081/1345/499 1087/1344/499
f 1073/1356/498 1092/1351/498 1090/1350/498 1061/1357/498
f 1062/1358/499 1087/1344/499 1089/1347/499 1075/1359/499
o Cube.049
v 4.970057 0.015971 -0.332131
v 4.944270 2.544957 -0.004975
v 4.961952 0.002588 -0.229312
v 4.936166 2.531573 0.097843
v 3.543296 0.015971 -0.444587
v 3.517509 2.544957 -0.117432
v 3.535192 0.002588 -0.341769
v 3.509405 2.531573 -0.014613
v 3.511431 2.332939 -0.040309
v 3.519535 2.346323 -0.143127
v 4.938191 2.332939 0.072148
v 4.946296 2.346323 -0.030671
v 4.958045 1.193941 -0.179746
v 4.956281 1.366986 -0.157361
v 4.949942 1.180558 -0.076927
v 4.948177 1.353603 -0.054542
v 3.523181 1.180558 -0.189383
v 3.521416 1.353603 -0.166998
v 3.529520 1.366986 -0.269817
v 3.531285 1.193941 -0.292202
v 4.669925 2.544957 -0.026599
v 4.687607 0.002588 -0.250936
v 4.695711 0.015971 -0.353755
v 4.661821 2.531573 0.076220
v 4.663846 2.332939 0.050524
v 4.671950 2.346323 -0.052295
v 4.673832 1.353603 -0.076165
v 4.675596 1.180558 -0.098551
v 4.681936 1.366986 -0.178984
v 4.683701 1.193941 -0.201370
v 3.541554 0.186783 -0.422491
v 4.968315 0.186783 -0.310035
v 4.960211 0.173399 -0.207216
v 3.533450 0.173399 -0.319672
v 4.693970 0.186783 -0.331658
v 4.685865 0.173399 -0.228839
v 4.376188 0.015971 -0.378939
v 4.342298 2.531573 0.051035
v 4.344323 2.332939 0.025339
v 4.368084 0.002588 -0.276121
v 4.350402 2.544957 -0.051784
v 4.354309 1.353603 -0.101350
v 4.364177 1.193941 -0.226554
v 4.352427 2.346323 -0.077479
v 4.356073 1.180558 -0.123736
v 4.362413 1.366986 -0.204169
v 4.374446 0.186783 -0.356843
v 4.366343 0.173399 -0.254024
v 4.063914 0.015971 -0.403553
v 4.030024 2.531573 0.026422
v 4.032049 2.332939 0.000726
v 4.042035 1.353603 -0.125963
v 4.051903 1.193941 -0.251167
v 4.054069 0.173399 -0.278637
v 4.055810 0.002588 -0.300734
v 4.038128 2.544957 -0.076397
v 4.040154 2.346323 -0.102093
v 4.043799 1.180558 -0.148349
v 4.050139 1.366986 -0.228782
v 4.062172 0.186783 -0.381456
v 3.751519 0.015971 -0.428175
v 3.717628 2.531573 0.001799
v 3.719654 2.332939 -0.023897
v 3.729639 1.353603 -0.150586
v 3.739508 1.193941 -0.275790
v 3.741673 0.173399 -0.303260
v 3.743415 0.002588 -0.325357
v 3.725733 2.544957 -0.101020
v 3.727758 2.346323 -0.126715
v 3.731404 1.180558 -0.172971
v 3.737743 1.366986 -0.253405
v 3.749777 0.186783 -0.406079
v 4.351169 2.344245 -0.061515
v 4.670692 2.344245 -0.036331
v 4.361155 1.364908 -0.188205
v 4.680678 1.364908 -0.163020
v 4.682442 1.191864 -0.185406
v 4.692711 0.184705 -0.315694
v 4.373188 0.184705 -0.340879
v 4.362919 1.191864 -0.210590
v 3.726500 2.344245 -0.110751
v 4.038895 2.344245 -0.086129
v 3.736485 1.364908 -0.237441
v 4.048881 1.364908 -0.212818
v 3.748519 0.184705 -0.390115
v 4.060914 0.184705 -0.365492
v 4.050645 1.191864 -0.235203
v 3.738250 1.191864 -0.259826
v 4.357720 1.183278 -0.144630
v 4.677243 1.183278 -0.119445
v 4.665493 2.335659 0.029630
v 4.675479 1.356322 -0.097060
v 4.687512 0.176119 -0.249734
v 4.345970 2.335659 0.004445
v 4.355956 1.356322 -0.122244
v 4.367989 0.176119 -0.274918
v 3.733051 1.183278 -0.193866
v 4.045446 1.183278 -0.169243
v 4.033696 2.335659 -0.020168
v 4.043682 1.356322 -0.146857
v 4.055715 0.176119 -0.299531
v 3.721301 2.335659 -0.044791
v 3.731286 1.356322 -0.171480
v 3.743320 0.176119 -0.324154
v 4.807097 2.544957 -0.015787
v 4.798994 2.531573 0.087031
v 4.824780 0.002588 -0.240124
v 4.832884 0.015971 -0.342943
v 4.809123 2.346323 -0.041483
v 4.812769 1.180558 -0.087739
v 4.819108 1.366986 -0.168172
v 4.801019 2.332939 0.061336
v 4.811005 1.353603 -0.065354
v 4.820873 1.193941 -0.190558
v 4.823038 0.173399 -0.218028
v 4.831142 0.186783 -0.320846
v 3.647407 0.015971 -0.436381
v 3.613517 2.531573 -0.006407
v 3.615542 2.332939 -0.032103
v 3.625528 1.353603 -0.158792
v 3.635396 1.193941 -0.283996
v 3.637562 0.173399 -0.311466
v 3.639303 0.002588 -0.333563
v 3.621621 2.544957 -0.109226
v 3.623646 2.346323 -0.134921
v 3.627292 1.180558 -0.181177
v 3.633632 1.366986 -0.261611
v 3.645666 0.186783 -0.414285
vn -0.0779 -0.1287 0.9886
vn 0.9969 -0.0000 0.0786
vn -0.0101 0.9917 0.1283
vn 0.0101 -0.9917 -0.1283
vn -0.9969 -0.0000 -0.0786
vn 0.0779 0.1287 -0.9886
vt 0.102386 0.696311
vt 0.468544 0.696311
vt 0.468544 0.729857
vt 0.102386 0.729857
vt 0.102386 0.959714
vt 0.468544 0.959714
vt 0.468544 0.040286
vt 0.102386 0.040286
vt 0.303689 0.040286
vt 0.303689 0.959714
vt 0.270143 0.959714
vt 0.270143 0.040286
vt 0.040286 0.959714
vt 0.040286 0.040286
vt 0.887499 0.959714
vt 0.531456 0.959714
vt 0.531456 0.040286
vt 0.887499 0.040286
vt 0.887499 0.696311
vt 0.959714 0.696311
vt 0.959714 0.729857
vt 0.887499 0.729857
vt 0.887499 0.314341
vt 0.959714 0.314341
vt 0.959714 0.270143
vt 0.887499 0.270143
vt 0.959714 0.959714
vt 0.959714 0.040286
vt 0.531456 0.696311
vt 0.531456 0.729857
vt 0.531456 0.314341
vt 0.531456 0.270143
vt 0.468544 0.270143
vt 0.468544 0.314341
vt 0.102386 0.314341
vt 0.102386 0.270143
vt 0.887499 0.358539
vt 0.531456 0.358539
vt 0.468544 0.816959
vt 0.102386 0.816959
vt 0.538508 0.959714
vt 0.641461 0.959714
vt 0.641461 0.816959
vt 0.538508 0.816959
vt 0.531456 0.461492
vt 0.468544 0.358539
vt 0.468544 0.461492
vt 0.887499 0.461492
vt 0.959714 0.461492
vt 0.959714 0.358539
vt 0.685659 0.959714
vt 0.685659 0.040286
vt 0.641461 0.040286
vt 0.102386 0.358539
vt 0.040286 0.314341
vt 0.040286 0.358539
vt 0.040286 0.461492
vt 0.102386 0.461492
vt 0.040286 0.270143
vt 0.040286 0.696311
vt 0.040286 0.729857
vt 0.040286 0.562109
vt 0.102386 0.562109
vt 0.887499 0.562109
vt 0.959714 0.562109
vt 0.531456 0.562109
vt 0.468544 0.562109
vt 0.538508 0.040286
vt 0.641461 0.227126
vt 0.538508 0.227126
vt 0.437891 0.040286
vt 0.337234 0.040286
vt 0.337234 0.227126
vt 0.437891 0.227126
vt 0.337234 0.959714
vt 0.437891 0.959714
vt 0.437891 0.816959
vt 0.337234 0.816959
vt 0.531456 0.662766
vt 0.468544 0.662766
vt 0.887499 0.662766
vt 0.959714 0.662766
vt 0.040286 0.662766
vt 0.102386 0.662766
vt 0.531456 0.227126
vt 0.887499 0.227126
vt 0.531456 0.662766
vt 0.468544 0.662766
vt 0.959714 0.662766
vt 0.887499 0.662766
vt 0.337234 0.959714
vt 0.468544 0.227126
vt 0.102386 0.227126
vt 0.887499 0.816959
vt 0.531456 0.816959
vt 0.337234 0.816959
vt 0.729857 0.040286
vt 0.729857 0.959714
s 0
usemtl Wood
f 1214/1360/501 1218/1361/501 1109/1362/501 1126/1363/501
f 1124/1364/502 1105/1365/502 1107/1366/502 1125/1367/502
f 1210/1368/503 1216/1369/503 1098/1370/503 1100/1371/503
f 1209/1369/504 1215/1368/504 1099/1371/504 1097/1370/504
f 1123/1364/505 1097/1372/505 1099/1373/505 1126/1367/505
f 1102/1374/505 1111/1375/505 1110/1376/505 1101/1377/505
f 1106/1375/502 1104/1374/502 1103/1377/502 1108/1376/502
f 1211/1378/501 1210/1379/501 1100/1380/501 1101/1381/501
f 1201/1382/506 1197/1383/506 1094/1384/506 1104/1385/506
f 1104/1374/502 1094/1386/502 1096/1387/502 1103/1377/502
f 1112/1365/505 1109/1366/505 1110/1376/505 1111/1375/505
f 1212/1388/501 1110/1389/501 1109/1362/501 1218/1361/501
f 1106/1375/502 1108/1376/502 1107/1366/502 1105/1365/502
f 1203/1390/506 1106/1391/506 1105/1392/506 1206/1393/506
f 1208/1394/506 1206/1393/506 1105/1392/506 1124/1395/506
f 1203/1390/506 1201/1382/506 1104/1385/506 1106/1391/506
f 1212/1388/501 1211/1378/501 1101/1381/501 1110/1389/501
f 1098/1386/505 1102/1374/505 1101/1377/505 1100/1387/505
f 1205/1390/501 1204/1382/501 1117/1396/501 1119/1397/501
f 1164/1364/502 1157/1365/502 1180/1398/502 1177/1399/502
f 1136/1400/504 1118/1401/504 1166/1402/504 1165/1403/504
f 1138/1404/506 1121/1397/506 1122/1405/506 1135/1406/506
f 1205/1390/501 1119/1397/501 1120/1405/501 1202/1393/501
f 1136/1407/506 1133/1408/506 1113/1409/506 1118/1396/506
f 1204/1382/501 1198/1383/501 1116/1409/501 1117/1396/501
f 1200/1410/504 1199/1411/504 1114/1412/504 1115/1401/504
f 1198/1411/503 1197/1410/503 1113/1401/503 1116/1412/503
f 1207/1394/501 1202/1393/501 1120/1405/501 1128/1413/501
f 1199/1414/501 1207/1394/501 1128/1413/501 1114/1415/501
f 1129/1416/506 1139/1417/506 1127/1413/506 1115/1415/506
f 1200/1414/506 1208/1394/506 1124/1395/506 1093/1418/506
f 1112/1365/505 1123/1364/505 1126/1367/505 1109/1366/505
f 1093/1372/502 1124/1364/502 1125/1367/502 1095/1373/502
f 1215/1419/501 1214/1360/501 1126/1363/501 1099/1420/501
f 1114/1415/501 1128/1413/501 1140/1417/501 1132/1416/501
f 1141/1421/506 1152/1422/506 1139/1417/506 1129/1416/506
f 1149/1423/506 1148/1424/506 1133/1408/506 1136/1407/506
f 1151/1425/506 1138/1404/506 1135/1406/506 1145/1426/506
f 1152/1422/506 1145/1426/506 1135/1406/506 1139/1417/506
f 1151/1425/506 1149/1423/506 1136/1407/506 1138/1404/506
f 1140/1427/503 1128/1412/503 1185/1428/503 1188/1429/503
f 1119/1397/501 1134/1404/501 1137/1406/501 1120/1405/501
f 1117/1396/501 1116/1409/501 1130/1408/501 1131/1407/501
f 1115/1401/504 1114/1412/504 1132/1427/504 1129/1400/504
f 1116/1412/503 1113/1401/503 1133/1400/503 1130/1427/503
f 1150/1430/504 1162/1431/504 1189/1432/504 1190/1433/504
f 1161/1434/504 1149/1435/504 1174/1436/504 1173/1437/504
f 1127/1401/503 1139/1400/503 1171/1403/503 1170/1402/503
f 1163/1438/506 1151/1425/506 1145/1426/506 1157/1439/506
f 1161/1440/506 1160/1441/506 1148/1424/506 1149/1423/506
f 1153/1442/506 1164/1443/506 1152/1422/506 1141/1421/506
f 1132/1416/501 1140/1417/501 1146/1422/501 1147/1421/501
f 1134/1404/501 1131/1407/501 1143/1423/501 1144/1425/501
f 1134/1404/501 1144/1425/501 1150/1426/501 1137/1406/501
f 1131/1407/501 1130/1408/501 1142/1424/501 1143/1423/501
f 1129/1400/504 1132/1427/504 1147/1430/504 1141/1435/504
f 1130/1427/503 1133/1400/503 1148/1435/503 1142/1430/503
f 1140/1417/501 1137/1406/501 1150/1426/501 1146/1422/501
f 1209/1419/506 1220/1360/506 1164/1443/506 1153/1442/506
f 1217/1378/506 1216/1379/506 1160/1441/506 1161/1440/506
f 1219/1388/506 1163/1438/506 1157/1439/506 1213/1361/506
f 1220/1360/506 1213/1361/506 1157/1439/506 1164/1443/506
f 1219/1388/506 1217/1378/506 1161/1440/506 1163/1438/506
f 1147/1421/501 1146/1422/501 1158/1443/501 1159/1442/501
f 1131/1377/502 1134/1376/502 1187/1444/502 1186/1445/502
f 1144/1425/501 1156/1446/501 1162/1447/501 1150/1426/501
f 1143/1423/501 1142/1424/501 1154/1448/501 1155/1449/501
f 1141/1435/504 1147/1430/504 1159/1431/504 1153/1450/504
f 1142/1430/503 1148/1435/503 1160/1434/503 1154/1431/503
f 1146/1367/505 1150/1366/505 1190/1451/505 1193/1452/505
f 1167/1404/506 1165/1407/506 1166/1396/506 1168/1397/506
f 1171/1417/506 1172/1406/506 1169/1405/506 1170/1413/506
f 1175/1438/506 1173/1440/506 1174/1423/506 1176/1425/506
f 1177/1443/506 1180/1439/506 1179/1426/506 1178/1422/506
f 1151/1435/503 1163/1434/503 1175/1437/503 1176/1436/503
f 1163/1375/502 1161/1374/502 1173/1453/502 1175/1454/502
f 1152/1435/503 1164/1434/503 1177/1437/503 1178/1436/503
f 1121/1401/503 1138/1400/503 1167/1403/503 1168/1402/503
f 1135/1400/504 1122/1401/504 1169/1402/504 1172/1403/504
f 1149/1374/505 1151/1375/505 1176/1454/505 1174/1453/505
f 1122/1365/505 1127/1364/505 1170/1399/505 1169/1398/505
f 1145/1365/505 1152/1364/505 1178/1399/505 1179/1398/505
f 1157/1450/504 1145/1435/504 1179/1436/504 1180/1455/504
f 1139/1364/502 1135/1365/502 1172/1398/502 1171/1399/502
f 1118/1374/505 1121/1375/505 1168/1454/505 1166/1453/505
f 1138/1375/502 1136/1374/502 1165/1453/502 1167/1454/502
f 1184/1397/501 1183/1396/501 1186/1407/501 1187/1404/501
f 1185/1413/501 1182/1405/501 1181/1406/501 1188/1417/501
f 1192/1425/501 1191/1423/501 1194/1449/501 1195/1446/501
f 1193/1422/501 1190/1426/501 1189/1447/501 1196/1443/501
f 1162/1366/502 1158/1367/502 1196/1452/502 1189/1451/502
f 1120/1412/504 1137/1427/504 1181/1429/504 1182/1428/504
f 1134/1427/503 1119/1412/503 1184/1428/503 1187/1429/503
f 1144/1376/505 1143/1377/505 1191/1445/505 1192/1444/505
f 1143/1430/504 1155/1431/504 1194/1432/504 1191/1433/504
f 1156/1431/503 1144/1430/503 1192/1433/503 1195/1432/503
f 1155/1377/502 1156/1376/502 1195/1444/502 1194/1445/502
f 1119/1376/505 1117/1377/505 1183/1445/505 1184/1444/505
f 1128/1367/505 1120/1366/505 1182/1451/505 1185/1452/505
f 1137/1366/502 1140/1367/502 1188/1452/502 1181/1451/502
f 1158/1431/503 1146/1430/503 1193/1433/503 1196/1432/503
f 1117/1412/504 1131/1427/504 1186/1429/504 1183/1428/504
f 1115/1415/506 1127/1413/506 1208/1394/506 1200/1414/506
f 1095/1418/501 1125/1395/501 1207/1394/501 1199/1414/501
f 1125/1395/501 1107/1392/501 1202/1393/501 1207/1394/501
f 1096/1456/503 1094/1457/503 1197/1410/503 1198/1411/503
f 1093/1457/504 1095/1456/504 1199/1411/504 1200/1410/504
f 1103/1385/501 1096/1384/501 1198/1383/501 1204/1382/501
f 1108/1391/501 1205/1390/501 1202/1393/501 1107/1392/501
f 1108/1391/501 1103/1385/501 1204/1382/501 1205/1390/501
f 1121/1397/506 1118/1396/506 1201/1382/506 1203/1390/506
f 1127/1413/506 1122/1405/506 1206/1393/506 1208/1394/506
f 1121/1397/506 1203/1390/506 1206/1393/506 1122/1405/506
f 1118/1396/506 1113/1409/506 1197/1383/506 1201/1382/506
f 1111/1389/506 1102/1381/506 1217/1378/506 1219/1388/506
f 1123/1363/506 1112/1362/506 1213/1361/506 1220/1360/506
f 1111/1389/506 1219/1388/506 1213/1361/506 1112/1362/506
f 1102/1381/506 1098/1380/506 1216/1379/506 1217/1378/506
f 1097/1420/506 1123/1363/506 1220/1360/506 1209/1419/506
f 1159/1442/501 1158/1443/501 1214/1360/501 1215/1419/501
f 1156/1446/501 1155/1449/501 1211/1378/501 1212/1388/501
f 1156/1446/501 1212/1388/501 1218/1361/501 1162/1447/501
f 1155/1449/501 1154/1448/501 1210/1379/501 1211/1378/501
f 1153/1450/504 1159/1431/504 1215/1368/504 1209/1369/504
f 1154/1431/503 1160/1434/503 1216/1369/503 1210/1368/503
f 1158/1443/501 1162/1447/501 1218/1361/501 1214/1360/501
o Cube.050
v 2.991057 0.002499 5.442863
v 2.991057 2.552687 5.442863
v 2.915967 0.002499 5.514820
v 2.915967 2.552687 5.514820
v 1.760317 0.002499 4.158528
v 1.760317 2.552687 4.158528
v 1.685227 0.002499 4.230485
v 1.685227 2.552687 4.230485
v 1.685227 2.352388 4.230485
v 1.760317 2.352388 4.158528
v 2.915967 2.352388 5.514820
v 2.991057 2.352388 5.442863
v 2.991057 1.190345 5.442863
v 2.991057 1.364841 5.442863
v 2.915967 1.190345 5.514820
v 2.915967 1.364841 5.514820
v 1.685227 1.190345 4.230485
v 1.685227 1.364841 4.230485
v 1.760317 1.364841 4.158528
v 1.760317 1.190345 4.158528
v 2.754404 2.552687 5.195904
v 2.679313 0.002499 5.267861
v 2.754404 0.002499 5.195904
v 2.679313 2.552687 5.267861
v 2.679313 2.352388 5.267861
v 2.754404 2.352388 5.195904
v 2.679313 1.364841 5.267861
v 2.679313 1.190345 5.267861
v 2.754404 1.364841 5.195904
v 2.754404 1.190345 5.195904
v 1.760317 0.174742 4.158528
v 2.991057 0.174742 5.442863
v 2.915967 0.174742 5.514820
v 1.685227 0.174742 4.230485
v 2.754404 0.174742 5.195904
v 2.679313 0.174742 5.267861
v 2.478780 0.002499 4.908277
v 2.403689 2.552687 4.980235
v 2.403689 2.352388 4.980235
v 2.403689 0.002499 4.980234
v 2.478780 2.552687 4.908277
v 2.403689 1.364841 4.980235
v 2.478780 1.190345 4.908277
v 2.478780 2.352388 4.908277
v 2.403689 1.190345 4.980234
v 2.478780 1.364841 4.908277
v 2.478780 0.174742 4.908277
v 2.403689 0.174742 4.980235
v 2.209409 0.002499 4.627176
v 2.134318 2.552687 4.699133
v 2.134318 2.352388 4.699133
v 2.134318 1.364841 4.699133
v 2.209409 1.190345 4.627176
v 2.134318 0.174742 4.699133
v 2.134318 0.002499 4.699133
v 2.209409 2.552687 4.627176
v 2.209409 2.352388 4.627176
v 2.134318 1.190345 4.699133
v 2.209409 1.364841 4.627176
v 2.209409 0.174742 4.627176
v 1.939933 0.002499 4.345965
v 1.864842 2.552687 4.417923
v 1.864842 2.352388 4.417923
v 1.864842 1.364841 4.417923
v 1.939933 1.190345 4.345965
v 1.864842 0.174742 4.417923
v 1.864842 0.002499 4.417923
v 1.939933 2.552687 4.345965
v 1.939933 2.352388 4.345965
v 1.864842 1.190345 4.417923
v 1.939933 1.364841 4.345965
v 1.939933 0.174742 4.345965
v 2.467121 2.352388 4.919449
v 2.742745 2.352388 5.207076
v 2.467121 1.364841 4.919449
v 2.742745 1.364841 5.207076
v 2.742745 1.190345 5.207076
v 2.742745 0.174742 5.207076
v 2.467121 0.174742 4.919449
v 2.467121 1.190345 4.919449
v 1.928274 2.352388 4.357138
v 2.197750 2.352388 4.638349
v 1.928274 1.364841 4.357138
v 2.197750 1.364841 4.638349
v 1.928274 0.174742 4.357138
v 2.197750 0.174742 4.638349
v 2.197750 1.190345 4.638349
v 1.928274 1.190345 4.357138
v 2.418948 1.190345 4.965611
v 2.694573 1.190345 5.253239
v 2.694573 2.352388 5.253239
v 2.694573 1.364841 5.253239
v 2.694573 0.174742 5.253239
v 2.418948 2.352388 4.965612
v 2.418948 1.364841 4.965612
v 2.418948 0.174742 4.965612
v 1.880102 1.190345 4.403300
v 2.149577 1.190345 4.684511
v 2.149577 2.352388 4.684511
v 2.149577 1.364841 4.684511
v 2.149577 0.174742 4.684511
v 1.880102 2.352388 4.403300
v 1.880102 1.364841 4.403300
v 1.880102 0.174742 4.403300
v 2.872731 2.552687 5.319383
v 2.797640 2.552687 5.391340
v 2.797640 0.002499 5.391340
v 2.872731 0.002499 5.319383
v 2.872731 2.352388 5.319383
v 2.797640 1.190345 5.391340
v 2.872731 1.364841 5.319383
v 2.797640 2.352388 5.391340
v 2.797640 1.364841 5.391340
v 2.872731 1.190345 5.319383
v 2.797640 0.174742 5.391340
v 2.872731 0.174742 5.319383
v 1.850125 0.002499 4.252247
v 1.775034 2.552687 4.324204
v 1.775034 2.352388 4.324204
v 1.775034 1.364841 4.324204
v 1.850125 1.190345 4.252247
v 1.775034 0.174742 4.324204
v 1.775034 0.002499 4.324204
v 1.850125 2.552687 4.252247
v 1.850125 2.352388 4.252247
v 1.775034 1.190345 4.324204
v 1.850125 1.364841 4.252247
v 1.850125 0.174742 4.252247
vn -0.7220 -0.0000 0.6919
vn 0.6919 -0.0000 0.7220
vn -0.0000 1.0000 -0.0000
vn -0.0000 -1.0000 -0.0000
vn -0.6919 -0.0000 -0.7220
vn 0.7220 -0.0000 -0.6919
vt 0.102386 0.696311
vt 0.468544 0.696311
vt 0.468544 0.729857
vt 0.102386 0.729857
vt 0.102386 0.959714
vt 0.468544 0.959714
vt 0.468544 0.040286
vt 0.102386 0.040286
vt 0.303689 0.040286
vt 0.303689 0.959714
vt 0.270143 0.959714
vt 0.270143 0.040286
vt 0.040286 0.959714
vt 0.040286 0.040286
vt 0.887499 0.959714
vt 0.531456 0.959714
vt 0.531456 0.040286
vt 0.887499 0.040286
vt 0.887499 0.696311
vt 0.959714 0.696311
vt 0.959714 0.729857
vt 0.887499 0.729857
vt 0.887499 0.314341
vt 0.959714 0.314341
vt 0.959714 0.270143
vt 0.887499 0.270143
vt 0.959714 0.959714
vt 0.959714 0.040286
vt 0.531456 0.696311
vt 0.531456 0.729857
vt 0.531456 0.314341
vt 0.531456 0.270143
vt 0.468544 0.270143
vt 0.468544 0.314341
vt 0.102386 0.314341
vt 0.102386 0.270143
vt 0.887499 0.358539
vt 0.531456 0.358539
vt 0.468544 0.816959
vt 0.102386 0.816959
vt 0.538508 0.959714
vt 0.641461 0.959714
vt 0.641461 0.816959
vt 0.538508 0.816959
vt 0.531456 0.461492
vt 0.468544 0.358539
vt 0.468544 0.461492
vt 0.887499 0.461492
vt 0.959714 0.461492
vt 0.959714 0.358539
vt 0.685659 0.959714
vt 0.685659 0.040286
vt 0.641461 0.040286
vt 0.102386 0.358539
vt 0.040286 0.314341
vt 0.040286 0.358539
vt 0.040286 0.461492
vt 0.102386 0.461492
vt 0.040286 0.270143
vt 0.040286 0.696311
vt 0.040286 0.729857
vt 0.040286 0.562109
vt 0.102386 0.562109
vt 0.887499 0.562109
vt 0.959714 0.562109
vt 0.531456 0.562109
vt 0.468544 0.562109
vt 0.538508 0.040286
vt 0.641461 0.227126
vt 0.538508 0.227126
vt 0.437891 0.040286
vt 0.337234 0.040286
vt 0.337234 0.227126
vt 0.437891 0.227126
vt 0.337234 0.959714
vt 0.437891 0.959714
vt 0.437891 0.816959
vt 0.337234 0.816959
vt 0.531456 0.662766
vt 0.468544 0.662766
vt 0.887499 0.662766
vt 0.959714 0.662766
vt 0.040286 0.662766
vt 0.102386 0.662766
vt 0.531456 0.227126
vt 0.887499 0.227126
vt 0.531456 0.662766
vt 0.468544 0.662766
vt 0.959714 0.662766
vt 0.887499 0.662766
vt 0.337234 0.959714
vt 0.468544 0.227126
vt 0.102386 0.227126
vt 0.610712 0.582230
vt 0.610712 1.384066
vt 0.842570 1.384066
vt 0.842570 0.582230
vt 0.610712 -0.384066
vt 0.610712 0.440549
vt 0.842570 0.440549
vt 0.842570 -0.384066
vt 0.157430 0.582230
vt 0.157430 1.384066
vt 0.384115 1.384066
vt 0.384115 0.582230
vt 0.157430 -0.384066
vt 0.157430 0.440549
vt 0.384115 0.440549
vt 0.384115 -0.384066
vt 0.887499 0.816959
vt 0.531456 0.816959
vt 0.337234 0.816959
vt 0.610712 1.384066
vt 0.610712 0.582230
vt 0.610712 0.440549
vt 0.610712 -0.384066
vt 0.384115 0.582230
vt 0.384115 1.384066
vt 0.157430 1.384066
vt 0.157430 0.582230
vt 0.384115 -0.384066
vt 0.384115 0.440549
vt 0.157430 0.440549
vt 0.157430 -0.384066
vt 0.729857 0.040286
vt 0.729857 0.959714
s 0
usemtl Wood
f 1342/1458/507 1346/1459/507 1237/1460/507 1254/1461/507
f 1252/1462/508 1233/1463/508 1235/1464/508 1253/1465/508
f 1338/1466/509 1344/1467/509 1226/1468/509 1228/1469/509
f 1337/1467/510 1343/1466/510 1227/1469/510 1225/1468/510
f 1251/1462/511 1225/1470/511 1227/1471/511 1254/1465/511
f 1230/1472/511 1239/1473/511 1238/1474/511 1229/1475/511
f 1234/1473/508 1232/1472/508 1231/1475/508 1236/1474/508
f 1339/1476/507 1338/1477/507 1228/1478/507 1229/1479/507
f 1329/1480/512 1325/1481/512 1222/1482/512 1232/1483/512
f 1232/1472/508 1222/1484/508 1224/1485/508 1231/1475/508
f 1240/1463/511 1237/1464/511 1238/1474/511 1239/1473/511
f 1340/1486/507 1238/1487/507 1237/1460/507 1346/1459/507
f 1234/1473/508 1236/1474/508 1235/1464/508 1233/1463/508
f 1331/1488/512 1234/1489/512 1233/1490/512 1334/1491/512
f 1336/1492/512 1334/1491/512 1233/1490/512 1252/1493/512
f 1331/1488/512 1329/1480/512 1232/1483/512 1234/1489/512
f 1340/1486/507 1339/1476/507 1229/1479/507 1238/1487/507
f 1226/1484/511 1230/1472/511 1229/1475/511 1228/1485/511
f 1333/1488/507 1332/1480/507 1245/1494/507 1247/1495/507
f 1292/1462/508 1285/1463/508 1308/1496/508 1305/1497/508
f 1264/1498/510 1246/1499/510 1294/1500/510 1293/1501/510
f 1266/1502/512 1249/1495/512 1250/1503/512 1263/1504/512
f 1333/1488/507 1247/1495/507 1248/1503/507 1330/1491/507
f 1264/1505/512 1261/1506/512 1241/1507/512 1246/1494/512
f 1332/1480/507 1326/1481/507 1244/1507/507 1245/1494/507
f 1328/1508/510 1327/1509/510 1242/1510/510 1243/1499/510
f 1326/1509/509 1325/1508/509 1241/1499/509 1244/1510/509
f 1335/1492/507 1330/1491/507 1248/1503/507 1256/1511/507
f 1327/1512/507 1335/1492/507 1256/1511/507 1242/1513/507
f 1257/1514/512 1267/1515/512 1255/1511/512 1243/1513/512
f 1328/1512/512 1336/1492/512 1252/1493/512 1221/1516/512
f 1240/1463/511 1251/1462/511 1254/1465/511 1237/1464/511
f 1221/1470/508 1252/1462/508 1253/1465/508 1223/1471/508
f 1343/1517/507 1342/1458/507 1254/1461/507 1227/1518/507
f 1242/1513/507 1256/1511/507 1268/1515/507 1260/1514/507
f 1269/1519/512 1280/1520/512 1267/1515/512 1257/1514/512
f 1277/1521/512 1276/1522/512 1261/1506/512 1264/1505/512
f 1279/1523/512 1266/1502/512 1263/1504/512 1273/1524/512
f 1280/1520/512 1273/1524/512 1263/1504/512 1267/1515/512
f 1279/1523/512 1277/1521/512 1264/1505/512 1266/1502/512
f 1268/1525/509 1256/1510/509 1313/1526/509 1316/1527/509
f 1247/1495/507 1262/1502/507 1265/1504/507 1248/1503/507
f 1245/1494/507 1244/1507/507 1258/1506/507 1259/1505/507
f 1243/1499/510 1242/1510/510 1260/1525/510 1257/1498/510
f 1244/1510/509 1241/1499/509 1261/1498/509 1258/1525/509
f 1278/1528/510 1290/1529/510 1317/1530/510 1318/1531/510
f 1289/1532/510 1277/1533/510 1302/1534/510 1301/1535/510
f 1255/1499/509 1267/1498/509 1299/1501/509 1298/1500/509
f 1291/1536/512 1279/1523/512 1273/1524/512 1285/1537/512
f 1289/1538/512 1288/1539/512 1276/1522/512 1277/1521/512
f 1281/1540/512 1292/1541/512 1280/1520/512 1269/1519/512
f 1260/1514/507 1268/1515/507 1274/1520/507 1275/1519/507
f 1262/1502/507 1259/1505/507 1271/1521/507 1272/1523/507
f 1262/1502/507 1272/1523/507 1278/1524/507 1265/1504/507
f 1259/1505/507 1258/1506/507 1270/1522/507 1271/1521/507
f 1257/1498/510 1260/1525/510 1275/1528/510 1269/1533/510
f 1258/1525/509 1261/1498/509 1276/1533/509 1270/1528/509
f 1268/1515/507 1265/1504/507 1278/1524/507 1274/1520/507
f 1337/1517/512 1348/1458/512 1292/1541/512 1281/1540/512
f 1345/1476/512 1344/1477/512 1288/1539/512 1289/1538/512
f 1347/1486/512 1291/1536/512 1285/1537/512 1341/1459/512
f 1348/1458/512 1341/1459/512 1285/1537/512 1292/1541/512
f 1347/1486/512 1345/1476/512 1289/1538/512 1291/1536/512
f 1275/1519/507 1274/1520/507 1286/1541/507 1287/1540/507
f 1259/1475/508 1262/1474/508 1315/1542/508 1314/1543/508
f 1272/1523/507 1284/1544/507 1290/1545/507 1278/1524/507
f 1271/1521/507 1270/1522/507 1282/1546/507 1283/1547/507
f 1269/1533/510 1275/1528/510 1287/1529/510 1281/1548/510
f 1270/1528/509 1276/1533/509 1288/1532/509 1282/1529/509
f 1274/1465/511 1278/1464/511 1318/1549/511 1321/1550/511
f 1279/1533/509 1291/1532/509 1303/1535/509 1304/1534/509
f 1291/1473/508 1289/1472/508 1301/1567/508 1303/1568/508
f 1280/1533/509 1292/1532/509 1305/1535/509 1306/1534/509
f 1249/1499/509 1266/1498/509 1295/1501/509 1296/1500/509
f 1263/1498/510 1250/1499/510 1297/1500/510 1300/1501/510
f 1277/1472/511 1279/1473/511 1304/1568/511 1302/1567/511
f 1250/1463/511 1255/1462/511 1298/1497/511 1297/1496/511
f 1273/1463/511 1280/1462/511 1306/1497/511 1307/1496/511
f 1285/1548/510 1273/1533/510 1307/1534/510 1308/1569/510
f 1267/1462/508 1263/1463/508 1300/1496/508 1299/1497/508
f 1246/1472/511 1249/1473/511 1296/1568/511 1294/1567/511
f 1266/1473/508 1264/1472/508 1293/1567/508 1295/1568/508
f 1290/1464/508 1286/1465/508 1324/1550/508 1317/1549/508
f 1248/1510/510 1265/1525/510 1309/1527/510 1310/1526/510
f 1262/1525/509 1247/1510/509 1312/1526/509 1315/1527/509
f 1272/1474/511 1271/1475/511 1319/1543/511 1320/1542/511
f 1271/1528/510 1283/1529/510 1322/1530/510 1319/1531/510
f 1284/1529/509 1272/1528/509 1320/1531/509 1323/1530/509
f 1283/1475/508 1284/1474/508 1323/1542/508 1322/1543/508
f 1247/1474/511 1245/1475/511 1311/1543/511 1312/1542/511
f 1256/1465/511 1248/1464/511 1310/1549/511 1313/1550/511
f 1265/1464/508 1268/1465/508 1316/1550/508 1309/1549/508
f 1286/1529/509 1274/1528/509 1321/1531/509 1324/1530/509
f 1245/1510/510 1259/1525/510 1314/1527/510 1311/1526/510
f 1243/1513/512 1255/1511/512 1336/1492/512 1328/1512/512
f 1223/1516/507 1253/1493/507 1335/1492/507 1327/1512/507
f 1253/1493/507 1235/1490/507 1330/1491/507 1335/1492/507
f 1224/1582/509 1222/1583/509 1325/1508/509 1326/1509/509
f 1221/1583/510 1223/1582/510 1327/1509/510 1328/1508/510
f 1231/1483/507 1224/1482/507 1326/1481/507 1332/1480/507
f 1236/1489/507 1333/1488/507 1330/1491/507 1235/1490/507
f 1236/1489/507 1231/1483/507 1332/1480/507 1333/1488/507
f 1249/1495/512 1246/1494/512 1329/1480/512 1331/1488/512
f 1255/1511/512 1250/1503/512 1334/1491/512 1336/1492/512
f 1249/1495/512 1331/1488/512 1334/1491/512 1250/1503/512
f 1246/1494/512 1241/1507/512 1325/1481/512 1329/1480/512
f 1239/1487/512 1230/1479/512 1345/1476/512 1347/1486/512
f 1251/1461/512 1240/1460/512 1341/1459/512 1348/1458/512
f 1239/1487/512 1347/1486/512 1341/1459/512 1240/1460/512
f 1230/1479/512 1226/1478/512 1344/1477/512 1345/1476/512
f 1225/1518/512 1251/1461/512 1348/1458/512 1337/1517/512
f 1287/1540/507 1286/1541/507 1342/1458/507 1343/1517/507
f 1284/1544/507 1283/1547/507 1339/1476/507 1340/1486/507
f 1284/1544/507 1340/1486/507 1346/1459/507 1290/1545/507
f 1283/1547/507 1282/1546/507 1338/1477/507 1339/1476/507
f 1281/1548/510 1287/1529/510 1343/1466/510 1337/1467/510
f 1282/1529/509 1288/1532/509 1344/1467/509 1338/1466/509
f 1286/1541/507 1290/1545/507 1346/1459/507 1342/1458/507
usemtl Metal_Shutter_Cross_Bars
f 1295/1551/512 1293/1552/512 1294/1553/512 1296/1554/512
f 1299/1555/512 1300/1556/512 1297/1557/512 1298/1558/512
f 1303/1559/512 1301/1560/512 1302/1561/512 1304/1562/512
f 1305/1563/512 1308/1564/512 1307/1565/512 1306/1566/512
f 1312/1554/507 1311/1553/507 1314/1570/507 1315/1571/507
f 1313/1558/507 1310/1557/507 1309/1572/507 1316/1573/507
f 1320/1574/507 1319/1575/507 1322/1576/507 1323/1577/507
f 1321/1578/507 1318/1579/507 1317/1580/507 1324/1581/507
o Cube.051
v -0.625452 0.010499 5.542171
v -2.605835 0.010499 7.148890
v -0.628531 -0.093388 5.538376
v -2.608915 -0.093388 7.145094
v -1.744946 0.094094 4.162323
v -3.725329 0.094094 5.769042
v -1.748025 -0.009793 4.158528
v -3.728408 -0.009794 5.765246
v -3.572863 -0.009794 5.639050
v -3.569784 0.094094 5.642845
v -2.453370 -0.093388 7.018898
v -2.450290 0.010499 7.022693
v -1.547890 0.010499 6.290561
v -1.683397 0.010499 6.400500
v -1.550969 -0.093388 6.286766
v -1.686476 -0.093388 6.396705
v -2.670463 -0.009793 4.906918
v -2.805970 -0.009793 5.016856
v -2.802891 0.094094 5.020652
v -2.667384 0.094094 4.910713
v -2.821097 0.026573 6.883565
v -0.843793 -0.077314 5.273051
v -0.840714 0.026573 5.276847
v -2.824177 -0.077314 6.879769
v -2.668632 -0.077314 6.753573
v -2.665553 0.026573 6.757369
v -1.901738 -0.077314 6.131380
v -1.766232 -0.077314 6.021441
v -1.898659 0.026573 6.135175
v -1.763152 0.026573 6.025237
v -1.878704 0.094094 4.270844
v -0.759210 0.010499 5.650692
v -0.762289 -0.093388 5.646896
v -1.881783 -0.009793 4.267048
v -0.974472 0.026573 5.385367
v -0.977552 -0.077314 5.381572
v -1.091425 0.045294 4.967830
v -3.074888 -0.058593 6.570752
v -2.919343 -0.058593 6.444556
v -1.094504 -0.058593 4.964034
v -3.071808 0.045294 6.574548
v -2.152449 -0.058593 5.822363
v -2.013863 0.045294 5.716219
v -2.916263 0.045294 6.448352
v -2.016943 -0.058593 5.712424
v -2.149370 0.045294 5.826158
v -1.225183 0.045294 5.076350
v -1.228262 -0.058593 5.072555
v -1.336447 0.063591 4.665823
v -3.319910 -0.040297 6.268746
v -3.164365 -0.040297 6.142550
v -2.397472 -0.040297 5.520357
v -2.258886 0.063591 5.414213
v -1.473285 -0.040297 4.770548
v -1.339527 -0.040297 4.662028
v -3.316831 0.063591 6.272542
v -3.161286 0.063591 6.146345
v -2.261965 -0.040297 5.410418
v -2.394392 0.063591 5.524152
v -1.470206 0.063591 4.774343
v -1.581565 0.081894 4.363700
v -3.565028 -0.021993 5.966622
v -3.409483 -0.021993 5.840426
v -2.642590 -0.021993 5.218233
v -2.504004 0.081894 5.112090
v -1.718403 -0.021993 4.468425
v -1.584645 -0.021993 4.359904
v -3.561949 0.081894 5.970418
v -3.406404 0.081894 5.844222
v -2.507083 -0.021993 5.108294
v -2.639510 0.081894 5.222028
v -1.715324 0.081894 4.472220
v -2.916741 0.029164 6.447762
v -2.666031 0.010443 6.756780
v -2.149848 0.029164 5.825569
v -1.899137 0.010443 6.134586
v -1.763631 0.010443 6.024647
v -0.974950 0.010443 5.384778
v -1.225661 0.029164 5.075761
v -2.014341 0.029164 5.715630
v -3.406882 0.065764 5.843633
v -3.161764 0.047461 6.145756
v -2.639988 0.065764 5.221439
v -2.394871 0.047461 5.523562
v -1.715802 0.065764 4.471631
v -1.470684 0.047461 4.773755
v -2.259364 0.047461 5.413624
v -2.504482 0.065764 5.111500
v -2.016317 -0.037482 5.713195
v -1.765606 -0.056203 6.022212
v -2.668006 -0.056203 6.754344
v -1.901113 -0.056203 6.132151
v -0.976926 -0.056203 5.382343
v -2.918717 -0.037482 6.445328
v -2.151823 -0.037482 5.823134
v -1.227636 -0.037482 5.073326
v -2.506457 -0.000882 5.109065
v -2.261339 -0.019185 5.411189
v -3.163740 -0.019186 6.143321
v -2.396846 -0.019185 5.521128
v -1.472659 -0.019185 4.771319
v -3.408858 -0.000882 5.841198
v -2.641964 -0.000882 5.219004
v -1.717777 -0.000882 4.469196
v -2.713466 0.018536 7.016227
v -2.716546 -0.085351 7.012432
v -0.736162 -0.085351 5.405714
v -0.733083 0.018536 5.409509
v -2.557921 0.018536 6.890031
v -1.658601 -0.085351 6.154103
v -1.791028 0.018536 6.267838
v -2.561001 -0.085351 6.886236
v -1.794107 -0.085351 6.264042
v -1.655521 0.018536 6.157899
v -0.869920 -0.085351 5.514234
v -0.866841 0.018536 5.518029
v -1.663255 0.087994 4.263011
v -3.646718 -0.015893 5.865934
v -3.491173 -0.015893 5.739738
v -2.724280 -0.015893 5.117545
v -2.585694 0.087994 5.011401
v -1.800093 -0.015893 4.367736
v -1.666335 -0.015893 4.259216
v -3.643639 0.087994 5.869730
v -3.488094 0.087994 5.743534
v -2.588773 -0.015893 5.007606
v -2.721200 0.087994 5.121340
v -1.797014 0.087994 4.371532
vn -0.0296 -0.9989 -0.0365
vn 0.6293 -0.0470 0.7757
vn -0.7766 -0.0000 0.6300
vn 0.7766 -0.0000 -0.6300
vn -0.6293 0.0470 -0.7757
vn 0.0296 0.9989 0.0365
vt 0.102386 0.696311
vt 0.468544 0.696311
vt 0.468544 0.729857
vt 0.102386 0.729857
vt 0.102386 0.959714
vt 0.468544 0.959714
vt 0.468544 0.040286
vt 0.102386 0.040286
vt 0.303689 0.040286
vt 0.303689 0.959714
vt 0.270143 0.959714
vt 0.270143 0.040286
vt 0.040286 0.959714
vt 0.040286 0.040286
vt 0.887499 0.959714
vt 0.531456 0.959714
vt 0.531456 0.040286
vt 0.887499 0.040286
vt 0.887499 0.696311
vt 0.959714 0.696311
vt 0.959714 0.729857
vt 0.887499 0.729857
vt 0.887499 0.314341
vt 0.959714 0.314341
vt 0.959714 0.270143
vt 0.887499 0.270143
vt 0.959714 0.959714
vt 0.959714 0.040286
vt 0.531456 0.696311
vt 0.531456 0.729857
vt 0.531456 0.314341
vt 0.531456 0.270143
vt 0.468544 0.270143
vt 0.468544 0.314341
vt 0.102386 0.314341
vt 0.102386 0.270143
vt 0.887499 0.358539
vt 0.531456 0.358539
vt 0.468544 0.816959
vt 0.102386 0.816959
vt 0.538508 0.959714
vt 0.641461 0.959714
vt 0.641461 0.816959
vt 0.538508 0.816959
vt 0.531456 0.461492
vt 0.468544 0.358539
vt 0.468544 0.461492
vt 0.887499 0.461492
vt 0.959714 0.461492
vt 0.959714 0.358539
vt 0.685659 0.959714
vt 0.685659 0.040286
vt 0.641461 0.040286
vt 0.102386 0.358539
vt 0.040286 0.314341
vt 0.040286 0.358539
vt 0.040286 0.461492
vt 0.102386 0.461492
vt 0.040286 0.270143
vt 0.040286 0.696311
vt 0.040286 0.729857
vt 0.040286 0.562109
vt 0.102386 0.562109
vt 0.887499 0.562109
vt 0.959714 0.562109
vt 0.531456 0.562109
vt 0.468544 0.562109
vt 0.538508 0.040286
vt 0.641461 0.227126
vt 0.538508 0.227126
vt 0.437891 0.040286
vt 0.337234 0.040286
vt 0.337234 0.227126
vt 0.437891 0.227126
vt 0.337234 0.959714
vt 0.437891 0.959714
vt 0.437891 0.816959
vt 0.337234 0.816959
vt 0.531456 0.662766
vt 0.468544 0.662766
vt 0.887499 0.662766
vt 0.959714 0.662766
vt 0.040286 0.662766
vt 0.102386 0.662766
vt 0.531456 0.227126
vt 0.887499 0.227126
vt 0.531456 0.662766
vt 0.468544 0.662766
vt 0.959714 0.662766
vt 0.887499 0.662766
vt 0.337234 0.959714
vt 0.468544 0.227126
vt 0.102386 0.227126
vt 0.610712 0.582230
vt 0.610712 1.384066
vt 0.842570 1.384066
vt 0.842570 0.582230
vt 0.610712 -0.384066
vt 0.610712 0.440549
vt 0.842570 0.440549
vt 0.842570 -0.384066
vt 0.157430 0.582230
vt 0.157430 1.384066
vt 0.384115 1.384066
vt 0.384115 0.582230
vt 0.157430 -0.384066
vt 0.157430 0.440549
vt 0.384115 0.440549
vt 0.384115 -0.384066
vt 0.887499 0.816959
vt 0.531456 0.816959
vt 0.337234 0.816959
vt 0.610712 1.384066
vt 0.610712 0.582230
vt 0.610712 0.440549
vt 0.610712 -0.384066
vt 0.384115 0.582230
vt 0.384115 1.384066
vt 0.157430 1.384066
vt 0.157430 0.582230
vt 0.384115 -0.384066
vt 0.384115 0.440549
vt 0.157430 0.440549
vt 0.157430 -0.384066
vt 0.729857 0.040286
vt 0.729857 0.959714
s 0
usemtl Wood
f 1470/1584/513 1474/1585/513 1365/1586/513 1382/1587/513
f 1380/1588/514 1361/1589/514 1363/1590/514 1381/1591/514
f 1466/1592/515 1472/1593/515 1354/1594/515 1356/1595/515
f 1465/1593/516 1471/1592/516 1355/1595/516 1353/1594/516
f 1379/1588/517 1353/1596/517 1355/1597/517 1382/1591/517
f 1358/1598/517 1367/1599/517 1366/1600/517 1357/1601/517
f 1362/1599/514 1360/1598/514 1359/1601/514 1364/1600/514
f 1467/1602/513 1466/1603/513 1356/1604/513 1357/1605/513
f 1457/1606/518 1453/1607/518 1350/1608/518 1360/1609/518
f 1360/1598/514 1350/1610/514 1352/1611/514 1359/1601/514
f 1368/1589/517 1365/1590/517 1366/1600/517 1367/1599/517
f 1468/1612/513 1366/1613/513 1365/1586/513 1474/1585/513
f 1362/1599/514 1364/1600/514 1363/1590/514 1361/1589/514
f 1459/1614/518 1362/1615/518 1361/1616/518 1462/1617/518
f 1464/1618/518 1462/1617/518 1361/1616/518 1380/1619/518
f 1459/1614/518 1457/1606/518 1360/1609/518 1362/1615/518
f 1468/1612/513 1467/1602/513 1357/1605/513 1366/1613/513
f 1354/1610/517 1358/1598/517 1357/1601/517 1356/1611/517
f 1461/1614/513 1460/1606/513 1373/1620/513 1375/1621/513
f 1420/1588/514 1413/1589/514 1436/1622/514 1433/1623/514
f 1392/1624/516 1374/1625/516 1422/1626/516 1421/1627/516
f 1394/1628/518 1377/1621/518 1378/1629/518 1391/1630/518
f 1461/1614/513 1375/1621/513 1376/1629/513 1458/1617/513
f 1392/1631/518 1389/1632/518 1369/1633/518 1374/1620/518
f 1460/1606/513 1454/1607/513 1372/1633/513 1373/1620/513
f 1456/1634/516 1455/1635/516 1370/1636/516 1371/1625/516
f 1454/1635/515 1453/1634/515 1369/1625/515 1372/1636/515
f 1463/1618/513 1458/1617/513 1376/1629/513 1384/1637/513
f 1455/1638/513 1463/1618/513 1384/1637/513 1370/1639/513
f 1385/1640/518 1395/1641/518 1383/1637/518 1371/1639/518
f 1456/1638/518 1464/1618/518 1380/1619/518 1349/1642/518
f 1368/1589/517 1379/1588/517 1382/1591/517 1365/1590/517
f 1349/1596/514 1380/1588/514 1381/1591/514 1351/1597/514
f 1471/1643/513 1470/1584/513 1382/1587/513 1355/1644/513
f 1370/1639/513 1384/1637/513 1396/1641/513 1388/1640/513
f 1397/1645/518 1408/1646/518 1395/1641/518 1385/1640/518
f 1405/1647/518 1404/1648/518 1389/1632/518 1392/1631/518
f 1407/1649/518 1394/1628/518 1391/1630/518 1401/1650/518
f 1408/1646/518 1401/1650/518 1391/1630/518 1395/1641/518
f 1396/1651/515 1384/1636/515 1441/1652/515 1444/1653/515
f 1375/1621/513 1390/1628/513 1393/1630/513 1376/1629/513
f 1373/1620/513 1372/1633/513 1386/1632/513 1387/1631/513
f 1371/1625/516 1370/1636/516 1388/1651/516 1385/1624/516
f 1372/1636/515 1369/1625/515 1389/1624/515 1386/1651/515
f 1406/1654/516 1418/1655/516 1445/1656/516 1446/1657/516
f 1417/1658/516 1405/1659/516 1430/1660/516 1429/1661/516
f 1383/1625/515 1395/1624/515 1427/1627/515 1426/1626/515
f 1419/1662/518 1407/1649/518 1401/1650/518 1413/1663/518
f 1417/1664/518 1416/1665/518 1404/1648/518 1405/1647/518
f 1409/1666/518 1420/1667/518 1408/1646/518 1397/1645/518
f 1407/1649/518 1405/1647/518 1392/1631/518 1394/1628/518
f 1388/1640/513 1396/1641/513 1402/1646/513 1403/1645/513
f 1390/1628/513 1387/1631/513 1399/1647/513 1400/1649/513
f 1390/1628/513 1400/1649/513 1406/1650/513 1393/1630/513
f 1387/1631/513 1386/1632/513 1398/1648/513 1399/1647/513
f 1385/1624/516 1388/1651/516 1403/1654/516 1397/1659/516
f 1386/1651/515 1389/1624/515 1404/1659/515 1398/1654/515
f 1465/1643/518 1476/1584/518 1420/1667/518 1409/1666/518
f 1473/1602/518 1472/1603/518 1416/1665/518 1417/1664/518
f 1475/1612/518 1419/1662/518 1413/1663/518 1469/1585/518
f 1476/1584/518 1469/1585/518 1413/1663/518 1420/1667/518
f 1475/1612/518 1473/1602/518 1417/1664/518 1419/1662/518
f 1403/1645/513 1402/1646/513 1414/1667/513 1415/1666/513
f 1387/1601/514 1390/1600/514 1443/1668/514 1442/1669/514
f 1400/1649/513 1412/1670/513 1418/1671/513 1406/1650/513
f 1399/1647/513 1398/1648/513 1410/1672/513 1411/1673/513
f 1397/1659/516 1403/1654/516 1415/1655/516 1409/1674/516
f 1398/1654/515 1404/1659/515 1416/1658/515 1410/1655/515
f 1402/1591/517 1406/1590/517 1446/1675/517 1449/1676/517
f 1407/1659/515 1419/1658/515 1431/1661/515 1432/1660/515
f 1419/1599/514 1417/1598/514 1429/1693/514 1431/1694/514
f 1408/1659/515 1420/1658/515 1433/1661/515 1434/1660/515
f 1377/1625/515 1394/1624/515 1423/1627/515 1424/1626/515
f 1391/1624/516 1378/1625/516 1425/1626/516 1428/1627/516
f 1405/1598/517 1407/1599/517 1432/1694/517 1430/1693/517
f 1378/1589/517 1383/1588/517 1426/1623/517 1425/1622/517
f 1401/1589/517 1408/1588/517 1434/1623/517 1435/1622/517
f 1413/1674/516 1401/1659/516 1435/1660/516 1436/1695/516
f 1395/1588/514 1391/1589/514 1428/1622/514 1427/1623/514
f 1374/1598/517 1377/1599/517 1424/1694/517 1422/1693/517
f 1394/1599/514 1392/1598/514 1421/1693/514 1423/1694/514
f 1418/1590/514 1414/1591/514 1452/1676/514 1445/1675/514
f 1376/1636/516 1393/1651/516 1437/1653/516 1438/1652/516
f 1390/1651/515 1375/1636/515 1440/1652/515 1443/1653/515
f 1400/1600/517 1399/1601/517 1447/1669/517 1448/1668/517
f 1399/1654/516 1411/1655/516 1450/1656/516 1447/1657/516
f 1412/1655/515 1400/1654/515 1448/1657/515 1451/1656/515
f 1411/1601/514 1412/1600/514 1451/1668/514 1450/1669/514
f 1375/1600/517 1373/1601/517 1439/1669/517 1440/1668/517
f 1384/1591/517 1376/1590/517 1438/1675/517 1441/1676/517
f 1393/1590/514 1396/1591/514 1444/1676/514 1437/1675/514
f 1414/1655/515 1402/1654/515 1449/1657/515 1452/1656/515
f 1373/1636/516 1387/1651/516 1442/1653/516 1439/1652/516
f 1371/1639/518 1383/1637/518 1464/1618/518 1456/1638/518
f 1351/1642/513 1381/1619/513 1463/1618/513 1455/1638/513
f 1381/1619/513 1363/1616/513 1458/1617/513 1463/1618/513
f 1352/1708/515 1350/1709/515 1453/1634/515 1454/1635/515
f 1349/1709/516 1351/1708/516 1455/1635/516 1456/1634/516
f 1359/1609/513 1352/1608/513 1454/1607/513 1460/1606/513
f 1364/1615/513 1461/1614/513 1458/1617/513 1363/1616/513
f 1364/1615/513 1359/1609/513 1460/1606/513 1461/1614/513
f 1377/1621/518 1374/1620/518 1457/1606/518 1459/1614/518
f 1383/1637/518 1378/1629/518 1462/1617/518 1464/1618/518
f 1377/1621/518 1459/1614/518 1462/1617/518 1378/1629/518
f 1374/1620/518 1369/1633/518 1453/1607/518 1457/1606/518
f 1367/1613/518 1358/1605/518 1473/1602/518 1475/1612/518
f 1379/1587/518 1368/1586/518 1469/1585/518 1476/1584/518
f 1367/1613/518 1475/1612/518 1469/1585/518 1368/1586/518
f 1358/1605/518 1354/1604/518 1472/1603/518 1473/1602/518
f 1353/1644/518 1379/1587/518 1476/1584/518 1465/1643/518
f 1415/1666/513 1414/1667/513 1470/1584/513 1471/1643/513
f 1412/1670/513 1411/1673/513 1467/1602/513 1468/1612/513
f 1412/1670/513 1468/1612/513 1474/1585/513 1418/1671/513
f 1411/1673/513 1410/1672/513 1466/1603/513 1467/1602/513
f 1409/1674/516 1415/1655/516 1471/1592/516 1465/1593/516
f 1410/1655/515 1416/1658/515 1472/1593/515 1466/1592/515
f 1414/1667/513 1418/1671/513 1474/1585/513 1470/1584/513
f 1396/1641/513 1393/1630/513 1406/1650/513 1402/1646/513
usemtl Metal_Shutter_Cross_Bars
f 1423/1677/518 1421/1678/518 1422/1679/518 1424/1680/518
f 1427/1681/518 1428/1682/518 1425/1683/518 1426/1684/518
f 1431/1685/518 1429/1686/518 1430/1687/518 1432/1688/518
f 1433/1689/518 1436/1690/518 1435/1691/518 1434/1692/518
f 1440/1680/513 1439/1679/513 1442/1696/513 1443/1697/513
f 1441/1684/513 1438/1683/513 1437/1698/513 1444/1699/513
f 1448/1700/513 1447/1701/513 1450/1702/513 1451/1703/513
f 1449/1704/513 1446/1705/513 1445/1706/513 1452/1707/513
o Cube.037
v 2.461852 1.010120 3.089050
v 2.461852 1.071389 3.089050
v 2.461852 1.010120 0.669305
v 2.461852 1.071389 0.669305
v 3.401578 1.010120 3.089050
v 3.401578 1.071389 3.089050
v 3.401578 1.010120 0.669305
v 3.401578 1.071389 0.669305
vn -1.0000 -0.0000 -0.0000
vn -0.0000 -0.0000 -1.0000
vn 1.0000 -0.0000 -0.0000
vn -0.0000 -0.0000 1.0000
vn -0.0000 -1.0000 -0.0000
vn -0.0000 1.0000 -0.0000
vt 0.000000 0.625000
vt 0.000000 0.375000
vt 0.250000 0.375000
vt 0.250000 0.625000
vt 0.500000 0.375000
vt 0.500000 0.625000
vt 0.750000 0.375000
vt 0.750000 0.625000
vt 1.000000 0.375000
vt 1.000000 0.625000
vt 0.500000 0.875000
vt 0.750000 0.875000
vt 0.500000 0.125000
vt 0.750000 0.125000
s 0
usemtl Wood
f 1477/1710/519 1478/1711/519 1480/1712/519 1479/1713/519
f 1479/1713/520 1480/1712/520 1484/1714/520 1483/1715/520
f 1483/1715/521 1484/1714/521 1482/1716/521 1481/1717/521
f 1481/1717/522 1482/1716/522 1478/1718/522 1477/1719/522
f 1479/1720/523 1483/1715/523 1481/1717/523 1477/1721/523
f 1484/1714/524 1480/1722/524 1478/1723/524 1482/1716/524
o Cube.038
v 2.479913 0.040103 0.737541
v 2.479913 1.052269 0.737541
v 2.479913 0.040103 0.693718
v 2.479913 1.052269 0.693718
v 2.538240 0.040103 0.737541
v 2.538240 1.052269 0.737541
v 2.538240 0.040103 0.693718
v 2.538240 1.052269 0.693718
v 3.383517 0.040103 0.737541
v 3.383517 1.052269 0.737541
v 3.383517 0.040103 0.693718
v 3.383517 1.052269 0.693718
v 3.325189 0.040103 0.737541
v 3.325189 1.052269 0.737541
v 3.325189 0.040103 0.693718
v 3.325189 1.052269 0.693718
v 2.479913 0.040103 3.020815
v 2.479913 1.052269 3.020815
v 2.479913 0.040103 3.064638
v 2.479913 1.052269 3.064638
v 2.538240 0.040103 3.020815
v 2.538240 1.052269 3.020815
v 2.538240 0.040103 3.064638
v 2.538240 1.052269 3.064638
v 3.383517 0.040103 3.020815
v 3.383517 1.052269 3.020815
v 3.383517 0.040103 3.064638
v 3.383517 1.052269 3.064638
v 3.325189 0.040103 3.020815
v 3.325189 1.052269 3.020815
v 3.325189 0.040103 3.064638
v 3.325189 1.052269 3.064638
vn -0.0000 -1.0000 -0.0000
vn -0.0000 1.0000 -0.0000
vn -0.0000 -0.0000 1.0000
vn 1.0000 -0.0000 -0.0000
vn -0.0000 -0.0000 -1.0000
vn -1.0000 -0.0000 -0.0000
vt 0.138032 0.540875
vt 0.361968 0.540875
vt 0.361968 0.709125
vt 0.138032 0.709125
vt 0.638032 0.540875
vt 0.861968 0.540875
vt 0.861968 0.709125
vt 0.638032 0.709125
vt -3.261003 0.763032
vt 0.625000 0.763032
vt 0.625000 0.986968
vt -3.261003 0.986969
vt -3.261003 0.540875
vt 0.625000 0.540875
vt 0.625000 0.709125
vt -3.261003 0.709126
vt -3.261003 0.263032
vt 0.625000 0.263032
vt 0.625000 0.486968
vt -3.261003 0.486969
vt -3.261003 0.040875
vt 0.625000 0.040875
vt 0.625000 0.209125
vt -3.261003 0.209126
s 0
usemtl Wood
f 1487/1724/525 1491/1725/525 1489/1726/525 1485/1727/525
f 1492/1728/526 1488/1729/526 1486/1730/526 1490/1731/526
f 1489/1732/527 1490/1733/527 1486/1734/527 1485/1735/527
f 1491/1736/528 1492/1737/528 1490/1738/528 1489/1739/528
f 1487/1740/529 1488/1741/529 1492/1742/529 1491/1743/529
f 1485/1744/530 1486/1745/530 1488/1746/530 1487/1747/530
f 1495/1724/525 1493/1727/525 1497/1726/525 1499/1725/525
f 1500/1728/526 1498/1731/526 1494/1730/526 1496/1729/526
f 1497/1732/527 1493/1735/527 1494/1734/527 1498/1733/527
f 1499/1736/530 1497/1739/530 1498/1738/530 1500/1737/530
f 1495/1740/529 1499/1743/529 1500/1742/529 1496/1741/529
f 1493/1744/528 1495/1747/528 1496/1746/528 1494/1745/528
f 1503/1724/525 1501/1727/525 1505/1726/525 1507/1725/525
f 1508/1728/526 1506/1731/526 1502/1730/526 1504/1729/526
f 1505/1732/529 1501/1735/529 1502/1734/529 1506/1733/529
f 1507/1736/528 1505/1739/528 1506/1738/528 1508/1737/528
f 1503/1740/527 1507/1743/527 1508/1742/527 1504/1741/527
f 1501/1744/530 1503/1747/530 1504/1746/530 1502/1745/530
f 1511/1724/525 1515/1725/525 1513/1726/525 1509/1727/525
f 1516/1728/526 1512/1729/526 1510/1730/526 1514/1731/526
f 1513/1732/529 1514/1733/529 1510/1734/529 1509/1735/529
f 1515/1736/530 1516/1737/530 1514/1738/530 1513/1739/530
f 1511/1740/527 1512/1741/527 1516/1742/527 1515/1743/527
f 1509/1744/528 1510/1745/528 1512/1746/528 1511/1747/528
o Cube.039
v 2.496112 0.165990 3.043676
v 2.496112 0.197724 3.043676
v 2.496112 0.165990 0.705418
v 2.496112 0.197724 0.705418
v 2.522042 0.165990 3.043676
v 2.522042 0.197724 3.043676
v 2.522042 0.165990 0.705418
v 2.522042 0.197724 0.705418
v 3.367318 0.165990 3.043676
v 3.367318 0.197724 3.043676
v 3.367318 0.165990 0.705418
v 3.367318 0.197724 0.705418
v 3.341388 0.165990 3.043676
v 3.341388 0.197724 3.043676
v 3.341388 0.165990 0.705418
v 3.341388 0.197724 0.705418
vn -1.0000 -0.0000 -0.0000
vn -0.0000 -0.0000 -1.0000
vn 1.0000 -0.0000 -0.0000
vn -0.0000 -0.0000 1.0000
vn -0.0000 -1.0000 -0.0000
vn -0.0000 1.0000 -0.0000
vt 0.375000 0.000000
vt 0.625000 0.000000
vt 0.625000 0.250000
vt 0.375000 0.250000
vt 0.625000 0.500000
vt 0.375000 0.500000
vt 0.625000 0.750000
vt 0.375000 0.750000
vt 0.625000 1.000000
vt 0.375000 1.000000
vt 0.125000 0.500000
vt 0.125000 0.750000
vt 0.875000 0.500000
vt 0.875000 0.750000
s 0
usemtl Wood
f 1517/1748/531 1518/1749/531 1520/1750/531 1519/1751/531
f 1519/1751/532 1520/1750/532 1524/1752/532 1523/1753/532
f 1523/1753/533 1524/1752/533 1522/1754/533 1521/1755/533
f 1521/1755/534 1522/1754/534 1518/1756/534 1517/1757/534
f 1519/1758/535 1523/1753/535 1521/1755/535 1517/1759/535
f 1524/1752/536 1520/1760/536 1518/1761/536 1522/1754/536
f 1525/1748/533 1527/1751/533 1528/1750/533 1526/1749/533
f 1527/1751/532 1531/1753/532 1532/1752/532 1528/1750/532
f 1531/1753/531 1529/1755/531 1530/1754/531 1532/1752/531
f 1529/1755/534 1525/1757/534 1526/1756/534 1530/1754/534
f 1527/1758/535 1525/1759/535 1529/1755/535 1531/1753/535
f 1532/1752/536 1530/1754/536 1526/1761/536 1528/1760/536
o Cube.040
v 3.367620 0.165990 0.728594
v 3.367620 0.197724 0.728594
v 2.498866 0.165990 0.728594
v 2.498866 0.197724 0.728594
v 3.367620 0.165990 0.702664
v 3.367620 0.197724 0.702664
v 2.498866 0.165990 0.702664
v 2.498866 0.197724 0.702664
v 3.367620 0.165990 3.029762
v 3.367620 0.197724 3.029762
v 2.498866 0.165990 3.029761
v 2.498866 0.197724 3.029761
v 3.367620 0.165990 3.055692
v 3.367620 0.197724 3.055692
v 2.498866 0.165990 3.055691
v 2.498866 0.197724 3.055691
vn -0.0000 -0.0000 1.0000
vn -1.0000 -0.0000 -0.0000
vn -0.0000 -0.0000 -1.0000
vn 1.0000 -0.0000 -0.0000
vn -0.0000 -1.0000 -0.0000
vn -0.0000 1.0000 -0.0000
vt 0.375000 0.157115
vt 0.625000 0.157115
vt 0.625000 0.250000
vt 0.375000 0.250000
vt 0.625000 0.500000
vt 0.375000 0.500000
vt 0.625000 0.592885
vt 0.375000 0.592885
vt 0.375000 0.749999
vt 0.625000 0.749999
vt 0.625000 0.999999
vt 0.375000 0.999999
vt 0.125000 0.500000
vt 0.375001 0.592885
vt 0.125001 0.592885
vt 0.875000 0.500000
vt 0.874999 0.592885
vt 0.624999 0.592885
s 0
usemtl Wood
f 1533/1762/537 1534/1763/537 1536/1764/537 1535/1765/537
f 1535/1765/538 1536/1764/538 1540/1766/538 1539/1767/538
f 1539/1767/539 1540/1766/539 1538/1768/539 1537/1769/539
f 1537/1770/540 1538/1771/540 1534/1772/540 1533/1773/540
f 1535/1774/541 1539/1767/541 1537/1775/541 1533/1776/541
f 1540/1766/542 1536/1777/542 1534/1778/542 1538/1779/542
f 1541/1762/539 1543/1765/539 1544/1764/539 1542/1763/539
f 1543/1765/538 1547/1767/538 1548/1766/538 1544/1764/538
f 1547/1767/537 1545/1769/537 1546/1768/537 1548/1766/537
f 1545/1770/540 1541/1773/540 1542/1772/540 1546/1771/540
f 1543/1774/541 1541/1776/541 1545/1775/541 1547/1767/541
f 1548/1766/542 1546/1779/542 1542/1778/542 1544/1777/542
o Cube.041
v 2.508826 0.164074 3.047844
v 2.508826 0.168351 3.047844
v 2.508826 0.164074 0.710511
v 2.508826 0.168351 0.710511
v 3.354604 0.164074 3.047844
v 3.354604 0.168351 3.047844
v 3.354604 0.164074 0.710511
v 3.354604 0.168351 0.710511
vn -1.0000 -0.0000 -0.0000
vn -0.0000 -0.0000 -1.0000
vn 1.0000 -0.0000 -0.0000
vn -0.0000 -0.0000 1.0000
vn -0.0000 -1.0000 -0.0000
vn -0.0000 1.0000 -0.0000
vt 0.000000 0.625000
vt 0.000000 0.375000
vt 0.250000 0.375000
vt 0.250000 0.625000
vt 0.500000 0.375000
vt 0.500000 0.625000
vt 0.750000 0.375000
vt 0.750000 0.625000
vt 1.000000 0.375000
vt 1.000000 0.625000
vt 0.500000 0.875000
vt 0.750000 0.875000
vt 0.500000 0.125000
vt 0.750000 0.125000
s 0
usemtl Wood
f 1549/1780/543 1550/1781/543 1552/1782/543 1551/1783/543
f 1551/1783/544 1552/1782/544 1556/1784/544 1555/1785/544
f 1555/1785/545 1556/1784/545 1554/1786/545 1553/1787/545
f 1553/1787/546 1554/1786/546 1550/1788/546 1549/1789/546
f 1551/1790/547 1555/1785/547 1553/1787/547 1549/1791/547
f 1556/1784/548 1552/1792/548 1550/1793/548 1554/1786/548
o Torus
v -1.605055 0.734560 0.649920
v -1.469720 0.734560 0.688248
v -1.413663 0.734560 0.780781
v -1.462980 0.734560 0.871405
v -1.747131 0.734560 0.871405
v -1.796448 0.734560 0.780781
v -1.740390 0.734560 0.688248
v -1.605055 0.954253 0.684716
v -1.469720 0.942409 0.721168
v -1.413663 0.913815 0.809173
v -1.462980 0.885811 0.895361
v -1.747131 0.885811 0.895361
v -1.796448 0.913815 0.809172
v -1.740390 0.942409 0.721168
v -1.605055 1.152441 0.785698
v -1.469720 1.129912 0.816706
v -1.413663 1.075523 0.891567
v -1.462980 1.022255 0.964883
v -1.747131 1.022255 0.964883
v -1.796448 1.075523 0.891567
v -1.740390 1.129912 0.816706
v -1.605055 1.309724 0.942980
v -1.469720 1.278716 0.965509
v -1.413663 1.203855 1.019899
v -1.462980 1.130539 1.073166
v -1.747131 1.130539 1.073166
v -1.796448 1.203855 1.019899
v -1.740390 1.278716 0.965509
v -1.605055 1.410706 1.141168
v -1.469720 1.374253 1.153012
v -1.413663 1.286249 1.181607
v -1.462980 1.200061 1.209611
v -1.747131 1.200061 1.209611
v -1.796448 1.286249 1.181607
v -1.740390 1.374253 1.153012
v -1.605055 1.445502 1.360861
v -1.469720 1.407173 1.360861
v -1.413663 1.314640 1.360861
v -1.462980 1.224016 1.360861
v -1.747131 1.224016 1.360861
v -1.796448 1.314640 1.360861
v -1.740390 1.407173 1.360861
v -1.605055 1.410706 1.580554
v -1.469720 1.374253 1.568710
v -1.413663 1.286249 1.540116
v -1.462980 1.200061 1.512111
v -1.747131 1.200061 1.512111
v -1.796448 1.286249 1.540116
v -1.740390 1.374253 1.568710
v -1.605055 1.309724 1.778742
v -1.469720 1.278716 1.756213
v -1.413663 1.203855 1.701824
v -1.462980 1.130538 1.648556
v -1.747131 1.130539 1.648556
v -1.796448 1.203855 1.701824
v -1.740390 1.278716 1.756213
v -1.605055 1.152441 1.936025
v -1.469720 1.129912 1.905017
v -1.413663 1.075523 1.830156
v -1.462980 1.022255 1.756839
v -1.747131 1.022255 1.756839
v -1.796448 1.075523 1.830156
v -1.740390 1.129912 1.905017
v -1.605055 0.954253 2.037007
v -1.469720 0.942409 2.000554
v -1.413663 0.913815 1.912550
v -1.462980 0.885811 1.826361
v -1.747131 0.885811 1.826361
v -1.796448 0.913815 1.912550
v -1.740390 0.942409 2.000554
v -1.605055 0.734561 2.071803
v -1.469720 0.734561 2.033474
v -1.413663 0.734561 1.940941
v -1.462980 0.734561 1.850317
v -1.747131 0.734561 1.850317
v -1.796448 0.734561 1.940941
v -1.740390 0.734561 2.033474
v -1.605055 0.514868 2.037007
v -1.469720 0.526712 2.000554
v -1.413663 0.555306 1.912550
v -1.462980 0.583310 1.826361
v -1.747131 0.583310 1.826361
v -1.796448 0.555306 1.912550
v -1.740390 0.526712 2.000554
v -1.605055 0.316680 1.936025
v -1.469720 0.339209 1.905017
v -1.413663 0.393598 1.830156
v -1.462980 0.446866 1.756839
v -1.747131 0.446866 1.756839
v -1.796448 0.393598 1.830156
v -1.740390 0.339209 1.905017
v -1.605055 0.159397 1.778742
v -1.469720 0.190405 1.756213
v -1.413663 0.265266 1.701824
v -1.462980 0.338582 1.648556
v -1.747131 0.338582 1.648556
v -1.796448 0.265266 1.701824
v -1.740390 0.190405 1.756213
v -1.605055 0.058415 1.580554
v -1.469720 0.094868 1.568710
v -1.413663 0.182872 1.540116
v -1.462980 0.269060 1.512111
v -1.747131 0.269060 1.512111
v -1.796448 0.182872 1.540116
v -1.740390 0.094868 1.568710
v -1.605055 0.023619 1.360861
v -1.469720 0.061948 1.360861
v -1.413663 0.154481 1.360861
v -1.462980 0.245105 1.360861
v -1.747131 0.245105 1.360861
v -1.796448 0.154481 1.360861
v -1.740390 0.061948 1.360861
v -1.605055 0.058415 1.141168
v -1.469720 0.094868 1.153012
v -1.413663 0.182872 1.181607
v -1.462980 0.269060 1.209611
v -1.747131 0.269060 1.209611
v -1.796448 0.182872 1.181607
v -1.740390 0.094868 1.153012
v -1.605055 0.159397 0.942981
v -1.469720 0.190405 0.965510
v -1.413663 0.265266 1.019899
v -1.462980 0.338582 1.073166
v -1.747131 0.338582 1.073166
v -1.796448 0.265266 1.019899
v -1.740390 0.190405 0.965510
v -1.605055 0.316679 0.785698
v -1.469720 0.339208 0.816706
v -1.413663 0.393598 0.891567
v -1.462980 0.446865 0.964883
v -1.747131 0.446865 0.964883
v -1.796448 0.393598 0.891567
v -1.740390 0.339208 0.816706
v -1.605055 0.514867 0.684716
v -1.469720 0.526711 0.721168
v -1.413663 0.555306 0.809173
v -1.462980 0.583310 0.895361
v -1.747131 0.583310 0.895361
v -1.796448 0.555306 0.809173
v -1.740390 0.526711 0.721168
v -1.650274 0.734560 0.909177
v -1.559837 0.734560 0.909177
v -1.559837 0.874139 0.931284
v -1.650274 0.874139 0.931284
v -1.559837 1.000054 0.995441
v -1.650274 1.000054 0.995441
v -1.559837 1.099981 1.095368
v -1.650274 1.099981 1.095368
v -1.559837 1.164138 1.221283
v -1.650274 1.164138 1.221283
v -1.559837 1.186245 1.360861
v -1.650274 1.186245 1.360861
v -1.559837 1.164138 1.500439
v -1.650274 1.164138 1.500439
v -1.559837 1.099981 1.626355
v -1.650274 1.099981 1.626355
v -1.559837 1.000054 1.726282
v -1.650274 1.000054 1.726282
v -1.559837 0.874139 1.790439
v -1.650274 0.874139 1.790439
v -1.559837 0.734561 1.812546
v -1.650274 0.734561 1.812546
v -1.559837 0.594982 1.790439
v -1.650274 0.594983 1.790439
v -1.559837 0.469067 1.726282
v -1.650274 0.469067 1.726282
v -1.559837 0.369140 1.626355
v -1.650274 0.369140 1.626355
v -1.559837 0.304983 1.500439
v -1.650274 0.304983 1.500439
v -1.559837 0.282876 1.360861
v -1.650274 0.282876 1.360861
v -1.559837 0.304983 1.221283
v -1.650274 0.304983 1.221283
v -1.559837 0.369140 1.095368
v -1.650274 0.369140 1.095368
v -1.559837 0.469067 0.995441
v -1.650274 0.469067 0.995441
v -1.559837 0.594982 0.931284
v -1.650274 0.594982 0.931284
v -3.038614 0.734560 0.649920
v -3.173949 0.734560 0.688248
v -3.230006 0.734560 0.780781
v -3.180690 0.734560 0.871405
v -2.896538 0.734560 0.871405
v -2.847221 0.734560 0.780781
v -2.903279 0.734560 0.688248
v -3.038614 0.954253 0.684716
v -3.173949 0.942409 0.721168
v -3.230006 0.913815 0.809173
v -3.180690 0.885811 0.895361
v -2.896538 0.885811 0.895361
v -2.847221 0.913815 0.809173
v -2.903279 0.942409 0.721168
v -3.038614 1.152441 0.785698
v -3.173949 1.129912 0.816706
v -3.230006 1.075523 0.891567
v -3.180690 1.022255 0.964883
v -2.896538 1.022255 0.964883
v -2.847221 1.075523 0.891567
v -2.903279 1.129912 0.816706
v -3.038614 1.309724 0.942980
v -3.173949 1.278716 0.965509
v -3.230006 1.203855 1.019899
v -3.180690 1.130539 1.073166
v -2.896538 1.130539 1.073166
v -2.847221 1.203855 1.019899
v -2.903279 1.278716 0.965509
v -3.038614 1.410706 1.141168
v -3.173949 1.374253 1.153012
v -3.230006 1.286249 1.181607
v -3.180690 1.200061 1.209611
v -2.896538 1.200061 1.209611
v -2.847221 1.286249 1.181607
v -2.903279 1.374253 1.153012
v -3.038614 1.445502 1.360861
v -3.173949 1.407173 1.360861
v -3.230006 1.314640 1.360861
v -3.180690 1.224016 1.360861
v -2.896538 1.224016 1.360861
v -2.847221 1.314640 1.360861
v -2.903279 1.407173 1.360861
v -3.038614 1.410706 1.580554
v -3.173949 1.374253 1.568710
v -3.230006 1.286249 1.540116
v -3.180690 1.200061 1.512111
v -2.896538 1.200061 1.512111
v -2.847221 1.286249 1.540116
v -2.903279 1.374253 1.568710
v -3.038614 1.309724 1.778742
v -3.173949 1.278716 1.756213
v -3.230006 1.203855 1.701824
v -3.180690 1.130538 1.648556
v -2.896538 1.130538 1.648556
v -2.847221 1.203855 1.701824
v -2.903279 1.278716 1.756213
v -3.038614 1.152441 1.936025
v -3.173949 1.129912 1.905017
v -3.230006 1.075523 1.830156
v -3.180690 1.022255 1.756839
v -2.896538 1.022255 1.756839
v -2.847221 1.075523 1.830156
v -2.903279 1.129912 1.905017
v -3.038614 0.954253 2.037007
v -3.173949 0.942409 2.000554
v -3.230006 0.913815 1.912550
v -3.180690 0.885811 1.826361
v -2.896538 0.885811 1.826361
v -2.847221 0.913815 1.912550
v -2.903279 0.942409 2.000554
v -3.038614 0.734561 2.071803
v -3.173949 0.734561 2.033474
v -3.230006 0.734561 1.940941
v -3.180690 0.734561 1.850317
v -2.896538 0.734561 1.850317
v -2.847221 0.734561 1.940941
v -2.903279 0.734561 2.033474
v -3.038614 0.514868 2.037007
v -3.173949 0.526712 2.000554
v -3.230006 0.555306 1.912550
v -3.180690 0.583310 1.826362
v -2.896538 0.583310 1.826361
v -2.847221 0.555306 1.912550
v -2.903279 0.526712 2.000554
v -3.038614 0.316680 1.936025
v -3.173949 0.339209 1.905017
v -3.230006 0.393598 1.830156
v -3.180690 0.446866 1.756839
v -2.896538 0.446866 1.756839
v -2.847221 0.393598 1.830156
v -2.903279 0.339209 1.905017
v -3.038614 0.159397 1.778742
v -3.173949 0.190405 1.756213
v -3.230006 0.265266 1.701824
v -3.180690 0.338582 1.648556
v -2.896538 0.338582 1.648556
v -2.847221 0.265266 1.701824
v -2.903279 0.190405 1.756213
v -3.038614 0.058415 1.580554
v -3.173949 0.094868 1.568710
v -3.230006 0.182872 1.540116
v -3.180690 0.269060 1.512111
v -2.896538 0.269060 1.512111
v -2.847221 0.182872 1.540116
v -2.903279 0.094868 1.568710
v -3.038614 0.023619 1.360861
v -3.173949 0.061948 1.360861
v -3.230006 0.154481 1.360861
v -3.180690 0.245105 1.360861
v -2.896538 0.245105 1.360861
v -2.847221 0.154481 1.360861
v -2.903279 0.061948 1.360861
v -3.038614 0.058415 1.141168
v -3.173949 0.094868 1.153012
v -3.230006 0.182872 1.181607
v -3.180690 0.269060 1.209611
v -2.896538 0.269060 1.209611
v -2.847221 0.182872 1.181607
v -2.903279 0.094868 1.153012
v -3.038614 0.159397 0.942981
v -3.173949 0.190405 0.965510
v -3.230006 0.265266 1.019899
v -3.180690 0.338582 1.073166
v -2.896538 0.338582 1.073166
v -2.847221 0.265266 1.019899
v -2.903279 0.190405 0.965510
v -3.038614 0.316679 0.785698
v -3.173949 0.339208 0.816706
v -3.230006 0.393598 0.891567
v -3.180690 0.446865 0.964883
v -2.896538 0.446865 0.964883
v -2.847221 0.393598 0.891567
v -2.903279 0.339208 0.816706
v -3.038614 0.514867 0.684716
v -3.173949 0.526712 0.721169
v -3.230006 0.555306 0.809173
v -3.180690 0.583310 0.895361
v -2.896538 0.583310 0.895361
v -2.847221 0.555306 0.809173
v -2.903279 0.526711 0.721168
v -2.993395 0.734560 0.909177
v -3.083832 0.734560 0.909177
v -3.083832 0.874139 0.931284
v -2.993395 0.874139 0.931284
v -3.083832 1.000054 0.995441
v -2.993395 1.000054 0.995441
v -3.083832 1.099981 1.095368
v -2.993395 1.099981 1.095368
v -3.083833 1.164138 1.221283
v -2.993395 1.164138 1.221283
v -3.083833 1.186245 1.360861
v -2.993395 1.186245 1.360861
v -3.083833 1.164138 1.500439
v -2.993395 1.164138 1.500439
v -3.083832 1.099981 1.626355
v -2.993395 1.099981 1.626355
v -3.083832 1.000054 1.726282
v -2.993395 1.000054 1.726282
v -3.083833 0.874139 1.790439
v -2.993395 0.874139 1.790439
v -3.083832 0.734561 1.812546
v -2.993395 0.734561 1.812546
v -3.083832 0.594983 1.790439
v -2.993395 0.594983 1.790439
v -3.083832 0.469067 1.726282
v -2.993395 0.469067 1.726282
v -3.083832 0.369140 1.626355
v -2.993395 0.369140 1.626355
v -3.083832 0.304983 1.500439
v -2.993395 0.304983 1.500439
v -3.083832 0.282876 1.360861
v -2.993395 0.282876 1.360861
v -3.083832 0.304983 1.221283
v -2.993395 0.304983 1.221283
v -3.083832 0.369140 1.095368
v -2.993395 0.369140 1.095368
v -3.083832 0.469067 0.995441
v -2.993395 0.469067 0.995441
v -3.083832 0.594982 0.931284
v -2.993395 0.594982 0.931284
v -1.531897 0.734560 0.660020
v -1.605055 0.845773 0.658691
v -1.531897 0.951132 0.694322
v -1.469720 0.839778 0.696547
v -1.428435 0.734560 0.730761
v -1.428435 0.929272 0.761600
v -1.413663 0.825303 0.787938
v -1.427593 0.734560 0.830564
v -1.427593 0.898431 0.856518
v -1.462980 0.811126 0.877444
v -1.747131 0.811126 0.877444
v -1.782518 0.734560 0.830564
v -1.782518 0.898431 0.856518
v -1.796448 0.825303 0.787938
v -1.781675 0.734560 0.730761
v -1.781675 0.929272 0.761600
v -1.740390 0.839778 0.696547
v -1.678214 0.734560 0.660020
v -1.678214 0.951132 0.694322
v -1.605055 1.057313 0.727424
v -1.531897 1.146504 0.793869
v -1.469720 1.039912 0.761574
v -1.428435 1.104924 0.851099
v -1.413663 0.997904 0.844020
v -1.427593 1.046262 0.931841
v -1.462980 0.956763 0.924764
v -1.747131 0.956763 0.924764
v -1.782518 1.046262 0.931841
v -1.796448 0.997904 0.844020
v -1.781675 1.104924 0.851099
v -1.740390 1.039912 0.761574
v -1.678214 1.146504 0.793869
v -1.605055 1.237259 0.858163
v -1.531897 1.301553 0.948917
v -1.469720 1.210157 0.885265
v -1.428435 1.244323 0.990497
v -1.413663 1.144728 0.950694
v -1.427593 1.163580 1.049160
v -1.462980 1.080649 1.014773
v -1.747131 1.080649 1.014773
v -1.782518 1.163580 1.049160
v -1.796448 1.144728 0.950694
v -1.781675 1.244323 0.990497
v -1.740390 1.210157 0.885264
v -1.678214 1.301553 0.948917
v -1.605055 1.367997 1.038109
v -1.531897 1.401100 1.144289
v -1.469720 1.333848 1.055509
v -1.428435 1.333822 1.166149
v -1.413663 1.251402 1.097517
v -1.427593 1.238904 1.196990
v -1.462980 1.170658 1.138659
v -1.747131 1.170658 1.138659
v -1.782518 1.238904 1.196990
v -1.796448 1.251402 1.097517
v -1.781675 1.333822 1.166149
v -1.740390 1.333848 1.055509
v -1.678214 1.401100 1.144289
v -1.605055 1.436731 1.249648
v -1.531897 1.435401 1.360861
v -1.469720 1.398875 1.255644
v -1.428435 1.364661 1.360861
v -1.413663 1.307484 1.270119
v -1.427593 1.264858 1.360861
v -1.462980 1.217978 1.284295
v -1.747131 1.217978 1.284295
v -1.782518 1.264858 1.360861
v -1.796448 1.307484 1.270119
v -1.781675 1.364661 1.360861
v -1.740390 1.398875 1.255644
v -1.678214 1.435401 1.360861
v -1.605055 1.436731 1.472074
v -1.531897 1.401100 1.577433
v -1.469720 1.398875 1.466078
v -1.428435 1.333822 1.555573
v -1.413663 1.307484 1.451603
v -1.427593 1.238904 1.524732
v -1.462979 1.217978 1.437427
v -1.747131 1.217978 1.437427
v -1.782518 1.238904 1.524732
v -1.796448 1.307484 1.451603
v -1.781675 1.333822 1.555573
v -1.740390 1.398875 1.466078
v -1.678214 1.401100 1.577433
v -1.605055 1.367997 1.683614
v -1.531897 1.301553 1.772805
v -1.469720 1.333847 1.666213
v -1.428435 1.244323 1.731225
v -1.413663 1.251402 1.624205
v -1.427593 1.163580 1.672562
v -1.462979 1.170657 1.583064
v -1.747131 1.170657 1.583064
v -1.782518 1.163580 1.672562
v -1.796448 1.251402 1.624205
v -1.781675 1.244323 1.731225
v -1.740390 1.333847 1.666213
v -1.678214 1.301553 1.772805
v -1.605055 1.237259 1.863560
v -1.531897 1.146504 1.927853
v -1.469720 1.210157 1.836458
v -1.428435 1.104924 1.870623
v -1.413663 1.144728 1.771029
v -1.427593 1.046262 1.789881
v -1.462979 1.080649 1.706950
v -1.747131 1.080649 1.706950
v -1.782518 1.046262 1.789881
v -1.796448 1.144728 1.771029
v -1.781675 1.104924 1.870623
v -1.740390 1.210157 1.836458
v -1.678214 1.146504 1.927853
v -1.605055 1.057313 1.994298
v -1.531897 0.951132 2.027400
v -1.469720 1.039912 1.960148
v -1.428435 0.929272 1.960123
v -1.413663 0.997904 1.877703
v -1.427593 0.898431 1.865204
v -1.462979 0.956763 1.796958
v -1.747131 0.956763 1.796958
v -1.782518 0.898431 1.865204
v -1.796448 0.997904 1.877703
v -1.781675 0.929272 1.960123
v -1.740390 1.039912 1.960148
v -1.678214 0.951132 2.027400
v -1.605055 0.845773 2.063031
v -1.531897 0.734561 2.061702
v -1.469720 0.839778 2.025176
v -1.428435 0.734561 1.990962
v -1.413663 0.825303 1.933784
v -1.427593 0.734561 1.891159
v -1.462979 0.811126 1.844278
v -1.747131 0.811126 1.844278
v -1.782518 0.734561 1.891159
v -1.796448 0.825303 1.933784
v -1.781675 0.734561 1.990962
v -1.740390 0.839778 2.025176
v -1.678214 0.734561 2.061702
v -1.605055 0.623348 2.063031
v -1.531897 0.517989 2.027400
v -1.469720 0.629344 2.025176
v -1.428435 0.539849 1.960123
v -1.413663 0.643818 1.933784
v -1.427593 0.570690 1.865204
v -1.462980 0.657995 1.844278
v -1.747131 0.657995 1.844278
v -1.782518 0.570690 1.865204
v -1.796448 0.643818 1.933784
v -1.781675 0.539849 1.960123
v -1.740390 0.629344 2.025176
v -1.678214 0.517989 2.027400
v -1.605055 0.411808 1.994298
v -1.531897 0.322617 1.927853
v -1.469720 0.429209 1.960148
v -1.428435 0.364197 1.870623
v -1.413663 0.471217 1.877703
v -1.427593 0.422859 1.789881
v -1.462980 0.512358 1.796958
v -1.747131 0.512358 1.796958
v -1.782518 0.422859 1.789881
v -1.796448 0.471217 1.877703
v -1.781675 0.364197 1.870623
v -1.740390 0.429209 1.960148
v -1.678214 0.322617 1.927853
v -1.605055 0.231862 1.863560
v -1.531897 0.167568 1.772805
v -1.469720 0.258964 1.836458
v -1.428435 0.224798 1.731225
v -1.413663 0.324393 1.771029
v -1.427593 0.305541 1.672562
v -1.462980 0.388472 1.706950
v -1.747131 0.388472 1.706950
v -1.782518 0.305541 1.672562
v -1.796448 0.324393 1.771029
v -1.781675 0.224798 1.731225
v -1.740390 0.258964 1.836458
v -1.678214 0.167568 1.772805
v -1.605055 0.101124 1.683614
v -1.531897 0.068021 1.577433
v -1.469720 0.135274 1.666213
v -1.428435 0.135299 1.555573
v -1.413663 0.217719 1.624205
v -1.427593 0.230217 1.524732
v -1.462980 0.298464 1.583064
v -1.747131 0.298464 1.583064
v -1.782518 0.230217 1.524732
v -1.796448 0.217719 1.624205
v -1.781675 0.135299 1.555573
v -1.740390 0.135274 1.666213
v -1.678214 0.068021 1.577433
v -1.605055 0.032390 1.472074
v -1.531897 0.033720 1.360861
v -1.469720 0.070246 1.466078
v -1.428435 0.104460 1.360861
v -1.413663 0.161637 1.451603
v -1.427593 0.204263 1.360861
v -1.462980 0.251143 1.437427
v -1.747131 0.251143 1.437427
v -1.782518 0.204263 1.360861
v -1.796448 0.161637 1.451603
v -1.781675 0.104460 1.360861
v -1.740390 0.070246 1.466078
v -1.678214 0.033720 1.360861
v -1.605055 0.032390 1.249648
v -1.531897 0.068021 1.144289
v -1.469720 0.070246 1.255644
v -1.428435 0.135299 1.166149
v -1.413663 0.161637 1.270119
v -1.427593 0.230217 1.196990
v -1.462980 0.251143 1.284295
v -1.747131 0.251143 1.284295
v -1.782518 0.230217 1.196990
v -1.796448 0.161637 1.270119
v -1.781675 0.135299 1.166149
v -1.740390 0.070246 1.255644
v -1.678214 0.068021 1.144289
v -1.605055 0.101124 1.038109
v -1.531897 0.167568 0.948918
v -1.469720 0.135274 1.055509
v -1.428435 0.224798 0.990498
v -1.413663 0.217719 1.097517
v -1.427593 0.305541 1.049160
v -1.462980 0.298463 1.138659
v -1.747131 0.298463 1.138659
v -1.782518 0.305541 1.049160
v -1.796448 0.217719 1.097517
v -1.781675 0.224798 0.990497
v -1.740390 0.135273 1.055509
v -1.678214 0.167568 0.948918
v -1.605055 0.231862 0.858163
v -1.531897 0.322616 0.793869
v -1.469720 0.258963 0.885265
v -1.428435 0.364196 0.851099
v -1.413663 0.324393 0.950694
v -1.427593 0.422859 0.931842
v -1.462980 0.388472 1.014773
v -1.747131 0.388472 1.014773
v -1.782518 0.422859 0.931841
v -1.796448 0.324393 0.950694
v -1.781675 0.364196 0.851099
v -1.740390 0.258963 0.885265
v -1.678214 0.322616 0.793869
v -1.605055 0.411808 0.727424
v -1.531897 0.517989 0.694322
v -1.469720 0.429208 0.761574
v -1.428435 0.539848 0.761600
v -1.413663 0.471216 0.844020
v -1.427593 0.570689 0.856518
v -1.462980 0.512358 0.924764
v -1.747131 0.512358 0.924764
v -1.782518 0.570689 0.856518
v -1.796448 0.471216 0.844020
v -1.781675 0.539849 0.761600
v -1.740390 0.429208 0.761574
v -1.678214 0.517989 0.694322
v -1.605055 0.623348 0.658691
v -1.469720 0.629343 0.696547
v -1.413663 0.643818 0.787938
v -1.462980 0.657995 0.877444
v -1.747131 0.657995 0.877444
v -1.796448 0.643818 0.787938
v -1.740390 0.629343 0.696547
v -1.605055 0.734560 0.913054
v -1.559837 0.805218 0.914749
v -1.605055 0.872940 0.934972
v -1.650274 0.805218 0.914749
v -1.559837 0.939616 0.958418
v -1.605055 0.997775 0.998578
v -1.650274 0.939616 0.958418
v -1.559837 1.053941 1.041480
v -1.605055 1.096844 1.097647
v -1.650274 1.053941 1.041480
v -1.559837 1.137004 1.155806
v -1.605055 1.160450 1.222481
v -1.650274 1.137004 1.155806
v -1.559837 1.180672 1.290204
v -1.605055 1.182367 1.360861
v -1.650274 1.180672 1.290204
v -1.559837 1.180672 1.431518
v -1.605055 1.160450 1.499241
v -1.650274 1.180672 1.431518
v -1.559837 1.137004 1.565916
v -1.605055 1.096844 1.624075
v -1.650274 1.137004 1.565916
v -1.559837 1.053941 1.680242
v -1.605055 0.997775 1.723145
v -1.650274 1.053941 1.680242
v -1.559837 0.939616 1.763304
v -1.605055 0.872940 1.786751
v -1.650274 0.939616 1.763304
v -1.559837 0.805218 1.806973
v -1.605055 0.734561 1.808668
v -1.650274 0.805218 1.806973
v -1.559837 0.663903 1.806973
v -1.605055 0.596181 1.786751
v -1.650274 0.663903 1.806973
v -1.559837 0.529506 1.763304
v -1.605055 0.471346 1.723145
v -1.650274 0.529506 1.763304
v -1.559837 0.415180 1.680242
v -1.605055 0.372277 1.624075
v -1.650274 0.415180 1.680242
v -1.559837 0.332117 1.565916
v -1.605055 0.308671 1.499241
v -1.650274 0.332117 1.565916
v -1.559837 0.288449 1.431518
v -1.605055 0.286754 1.360861
v -1.650274 0.288449 1.431518
v -1.559837 0.288449 1.290204
v -1.605055 0.308671 1.222481
v -1.650274 0.288449 1.290204
v -1.559837 0.332117 1.155806
v -1.605055 0.372277 1.097647
v -1.650274 0.332117 1.155806
v -1.559837 0.415179 1.041481
v -1.605055 0.471346 0.998578
v -1.650274 0.415179 1.041481
v -1.559837 0.529505 0.958418
v -1.605055 0.596180 0.934972
v -1.650274 0.529505 0.958418
v -1.650274 0.663903 0.914749
v -1.559837 0.663903 0.914749
v -1.510235 0.591127 0.919418
v -1.510235 0.734560 0.896700
v -1.510235 0.877994 0.919418
v -1.699875 0.734560 0.896700
v -1.699875 0.877994 0.919418
v -1.699875 0.591127 0.919418
v -1.510235 1.007388 0.985347
v -1.699875 1.007388 0.985347
v -1.510235 1.110075 1.088034
v -1.699875 1.110075 1.088034
v -1.510235 1.176004 1.217427
v -1.699875 1.176004 1.217427
v -1.510235 1.198722 1.360861
v -1.699875 1.198722 1.360861
v -1.510235 1.176004 1.504295
v -1.699875 1.176004 1.504295
v -1.510235 1.110075 1.633688
v -1.699875 1.110075 1.633688
v -1.510235 1.007388 1.736375
v -1.699875 1.007387 1.736375
v -1.510235 0.877994 1.802305
v -1.699875 0.877994 1.802305
v -1.510235 0.734561 1.825022
v -1.699875 0.734561 1.825022
v -1.510235 0.591127 1.802305
v -1.699875 0.591127 1.802305
v -1.510235 0.461734 1.736375
v -1.699875 0.461734 1.736375
v -1.510235 0.359046 1.633688
v -1.699875 0.359046 1.633688
v -1.510235 0.293117 1.504295
v -1.699875 0.293117 1.504295
v -1.510235 0.270399 1.360861
v -1.699875 0.270399 1.360861
v -1.510235 0.293117 1.217427
v -1.699875 0.293117 1.217427
v -1.510235 0.359046 1.088034
v -1.699875 0.359046 1.088034
v -1.510235 0.461733 0.985347
v -1.699875 0.461733 0.985347
v -3.111772 0.734560 0.660020
v -3.038614 0.845773 0.658691
v -3.111772 0.951132 0.694322
v -3.173949 0.839778 0.696546
v -3.215234 0.734560 0.730761
v -3.215234 0.929272 0.761600
v -3.230006 0.825303 0.787938
v -3.216076 0.734560 0.830564
v -3.216076 0.898431 0.856518
v -3.180690 0.811126 0.877444
v -2.896538 0.811126 0.877444
v -2.861152 0.734560 0.830564
v -2.861152 0.898431 0.856518
v -2.847221 0.825303 0.787938
v -2.861994 0.734560 0.730761
v -2.861994 0.929272 0.761600
v -2.903279 0.839778 0.696546
v -2.965456 0.734560 0.660020
v -2.965456 0.951132 0.694322
v -3.038614 1.057313 0.727424
v -3.111772 1.146504 0.793869
v -3.173949 1.039912 0.761574
v -3.215234 1.104924 0.851099
v -3.230006 0.997904 0.844020
v -3.216076 1.046262 0.931841
v -3.180690 0.956763 0.924764
v -2.896538 0.956763 0.924764
v -2.861152 1.046262 0.931841
v -2.847221 0.997904 0.844020
v -2.861994 1.104924 0.851099
v -2.903279 1.039912 0.761574
v -2.965456 1.146504 0.793869
v -3.038614 1.237259 0.858163
v -3.111772 1.301553 0.948917
v -3.173949 1.210157 0.885265
v -3.215234 1.244323 0.990497
v -3.230006 1.144728 0.950694
v -3.216076 1.163580 1.049160
v -3.180690 1.080649 1.014773
v -2.896538 1.080649 1.014773
v -2.861152 1.163580 1.049160
v -2.847221 1.144728 0.950694
v -2.861994 1.244323 0.990497
v -2.903279 1.210157 0.885265
v -2.965456 1.301553 0.948917
v -3.038614 1.367997 1.038109
v -3.111772 1.401100 1.144289
v -3.173949 1.333847 1.055509
v -3.215234 1.333822 1.166149
v -3.230006 1.251402 1.097517
v -3.216076 1.238904 1.196990
v -3.180690 1.170658 1.138659
v -2.896538 1.170658 1.138659
v -2.861152 1.238904 1.196990
v -2.847221 1.251402 1.097517
v -2.861994 1.333822 1.166149
v -2.903279 1.333848 1.055509
v -2.965456 1.401100 1.144289
v -3.038614 1.436731 1.249648
v -3.111772 1.435401 1.360861
v -3.173949 1.398875 1.255644
v -3.215234 1.364661 1.360861
v -3.230006 1.307484 1.270119
v -3.216076 1.264858 1.360861
v -3.180690 1.217978 1.284295
v -2.896538 1.217978 1.284295
v -2.861152 1.264858 1.360861
v -2.847221 1.307484 1.270119
v -2.861994 1.364661 1.360861
v -2.903279 1.398875 1.255644
v -2.965456 1.435401 1.360861
v -3.038614 1.436731 1.472074
v -3.111772 1.401100 1.577433
v -3.173949 1.398875 1.466078
v -3.215234 1.333822 1.555573
v -3.230006 1.307484 1.451603
v -3.216076 1.238904 1.524732
v -3.180690 1.217978 1.437427
v -2.896538 1.217978 1.437427
v -2.861152 1.238904 1.524732
v -2.847221 1.307484 1.451603
v -2.861994 1.333822 1.555573
v -2.903279 1.398875 1.466078
v -2.965456 1.401100 1.577433
v -3.038614 1.367997 1.683614
v -3.111772 1.301553 1.772805
v -3.173949 1.333847 1.666213
v -3.215234 1.244323 1.731225
v -3.230006 1.251402 1.624205
v -3.216076 1.163580 1.672562
v -3.180690 1.170657 1.583064
v -2.896538 1.170657 1.583064
v -2.861152 1.163580 1.672562
v -2.847221 1.251402 1.624205
v -2.861994 1.244323 1.731225
v -2.903279 1.333847 1.666213
v -2.965456 1.301553 1.772805
v -3.038614 1.237259 1.863560
v -3.111772 1.146504 1.927854
v -3.173949 1.210157 1.836458
v -3.215234 1.104924 1.870623
v -3.230006 1.144728 1.771029
v -3.216076 1.046261 1.789881
v -3.180690 1.080649 1.706950
v -2.896538 1.080649 1.706950
v -2.861152 1.046262 1.789881
v -2.847221 1.144728 1.771029
v -2.861994 1.104924 1.870623
v -2.903279 1.210157 1.836458
v -2.965456 1.146504 1.927853
v -3.038614 1.057313 1.994298
v -3.111772 0.951132 2.027400
v -3.173949 1.039912 1.960148
v -3.215234 0.929272 1.960123
v -3.230006 0.997904 1.877703
v -3.216076 0.898431 1.865204
v -3.180690 0.956763 1.796958
v -2.896538 0.956763 1.796958
v -2.861152 0.898431 1.865204
v -2.847221 0.997904 1.877703
v -2.861994 0.929272 1.960123
v -2.903279 1.039912 1.960148
v -2.965456 0.951132 2.027400
v -3.038614 0.845773 2.063031
v -3.111772 0.734561 2.061702
v -3.173949 0.839778 2.025176
v -3.215234 0.734561 1.990962
v -3.230006 0.825303 1.933784
v -3.216076 0.734561 1.891159
v -3.180690 0.811126 1.844278
v -2.896538 0.811126 1.844279
v -2.861152 0.734561 1.891159
v -2.847221 0.825303 1.933784
v -2.861994 0.734561 1.990962
v -2.903279 0.839778 2.025176
v -2.965456 0.734561 2.061702
v -3.038614 0.623348 2.063032
v -3.111772 0.517989 2.027400
v -3.173949 0.629344 2.025176
v -3.215234 0.539849 1.960123
v -3.230006 0.643818 1.933784
v -3.216076 0.570690 1.865204
v -3.180690 0.657995 1.844279
v -2.896538 0.657995 1.844279
v -2.861152 0.570690 1.865204
v -2.847221 0.643818 1.933784
v -2.861994 0.539849 1.960123
v -2.903279 0.629344 2.025176
v -2.965456 0.517989 2.027400
v -3.038614 0.411808 1.994298
v -3.111772 0.322617 1.927854
v -3.173949 0.429209 1.960148
v -3.215234 0.364197 1.870624
v -3.230006 0.471217 1.877703
v -3.216076 0.422859 1.789881
v -3.180690 0.512358 1.796958
v -2.896538 0.512358 1.796958
v -2.861151 0.422860 1.789881
v -2.847221 0.471217 1.877703
v -2.861994 0.364197 1.870624
v -2.903279 0.429209 1.960148
v -2.965456 0.322617 1.927854
v -3.038614 0.231862 1.863560
v -3.111772 0.167568 1.772805
v -3.173949 0.258964 1.836458
v -3.215234 0.224798 1.731225
v -3.230006 0.324393 1.771029
v -3.216076 0.305541 1.672562
v -3.180690 0.388472 1.706950
v -2.896538 0.388472 1.706950
v -2.861151 0.305541 1.672562
v -2.847221 0.324393 1.771029
v -2.861994 0.224798 1.731225
v -2.903279 0.258964 1.836458
v -2.965456 0.167568 1.772805
v -3.038614 0.101124 1.683614
v -3.111772 0.068021 1.577433
v -3.173949 0.135274 1.666213
v -3.215234 0.135299 1.555573
v -3.230006 0.217719 1.624205
v -3.216076 0.230217 1.524732
v -3.180690 0.298464 1.583064
v -2.896538 0.298464 1.583064
v -2.861151 0.230218 1.524732
v -2.847221 0.217719 1.624205
v -2.861994 0.135299 1.555573
v -2.903279 0.135274 1.666213
v -2.965456 0.068021 1.577433
v -3.038614 0.032390 1.472074
v -3.111772 0.033720 1.360861
v -3.173949 0.070246 1.466078
v -3.215234 0.104460 1.360861
v -3.230006 0.161637 1.451603
v -3.216076 0.204263 1.360861
v -3.180690 0.251143 1.437427
v -2.896538 0.251143 1.437427
v -2.861151 0.204263 1.360861
v -2.847221 0.161637 1.451603
v -2.861994 0.104460 1.360861
v -2.903279 0.070246 1.466078
v -2.965456 0.033720 1.360861
v -3.038614 0.032390 1.249648
v -3.111772 0.068021 1.144289
v -3.173949 0.070246 1.255644
v -3.215234 0.135299 1.166149
v -3.230006 0.161637 1.270119
v -3.216076 0.230218 1.196990
v -3.180690 0.251143 1.284295
v -2.896538 0.251143 1.284295
v -2.861151 0.230218 1.196990
v -2.847221 0.161637 1.270119
v -2.861994 0.135299 1.166149
v -2.903279 0.070246 1.255644
v -2.965456 0.068021 1.144289
v -3.038614 0.101123 1.038109
v -3.111772 0.167568 0.948918
v -3.173949 0.135273 1.055509
v -3.215234 0.224798 0.990498
v -3.230006 0.217719 1.097517
v -3.216076 0.305541 1.049160
v -3.180690 0.298463 1.138659
v -2.896538 0.298463 1.138659
v -2.861151 0.305541 1.049160
v -2.847221 0.217719 1.097517
v -2.861994 0.224798 0.990498
v -2.903279 0.135273 1.055509
v -2.965456 0.167568 0.948918
v -3.038614 0.231862 0.858163
v -3.111772 0.322616 0.793869
v -3.173949 0.258963 0.885265
v -3.215234 0.364196 0.851099
v -3.230006 0.324392 0.950694
v -3.216076 0.422859 0.931842
v -3.180690 0.388472 1.014773
v -2.896538 0.388472 1.014773
v -2.861151 0.422859 0.931842
v -2.847221 0.324393 0.950694
v -2.861994 0.364196 0.851099
v -2.903279 0.258963 0.885265
v -2.965456 0.322616 0.793869
v -3.038614 0.411808 0.727425
v -3.111772 0.517989 0.694322
v -3.173949 0.429208 0.761575
v -3.215234 0.539848 0.761600
v -3.230006 0.471216 0.844020
v -3.216076 0.570689 0.856518
v -3.180690 0.512358 0.924764
v -2.896538 0.512358 0.924764
v -2.861152 0.570689 0.856518
v -2.847221 0.471216 0.844020
v -2.861994 0.539849 0.761600
v -2.903279 0.429208 0.761575
v -2.965456 0.517989 0.694322
v -3.038614 0.623348 0.658691
v -3.173949 0.629343 0.696546
v -3.230006 0.643818 0.787938
v -3.180690 0.657995 0.877444
v -2.896538 0.657995 0.877444
v -2.847221 0.643818 0.787938
v -2.903279 0.629343 0.696547
v -3.038614 0.734560 0.913055
v -3.083832 0.805218 0.914749
v -3.038614 0.872940 0.934972
v -2.993395 0.805218 0.914749
v -3.083832 0.939616 0.958418
v -3.038614 0.997775 0.998578
v -2.993395 0.939616 0.958418
v -3.083832 1.053941 1.041480
v -3.038614 1.096844 1.097647
v -2.993395 1.053941 1.041480
v -3.083832 1.137004 1.155806
v -3.038614 1.160450 1.222481
v -2.993395 1.137004 1.155806
v -3.083833 1.180672 1.290204
v -3.038614 1.182367 1.360861
v -2.993395 1.180672 1.290204
v -3.083833 1.180672 1.431518
v -3.038614 1.160450 1.499241
v -2.993395 1.180672 1.431518
v -3.083833 1.137004 1.565916
v -3.038614 1.096844 1.624076
v -2.993395 1.137004 1.565916
v -3.083832 1.053941 1.680242
v -3.038614 0.997775 1.723145
v -2.993395 1.053941 1.680242
v -3.083833 0.939616 1.763305
v -3.038614 0.872940 1.786751
v -2.993395 0.939616 1.763305
v -3.083832 0.805218 1.806973
v -3.038614 0.734561 1.808668
v -2.993395 0.805218 1.806973
v -3.083832 0.663903 1.806973
v -3.038614 0.596181 1.786751
v -2.993395 0.663903 1.806973
v -3.083832 0.529505 1.763305
v -3.038614 0.471346 1.723145
v -2.993395 0.529506 1.763305
v -3.083832 0.415180 1.680242
v -3.038614 0.372277 1.624076
v -2.993395 0.415180 1.680242
v -3.083832 0.332117 1.565916
v -3.038614 0.308671 1.499241
v -2.993395 0.332117 1.565916
v -3.083832 0.288449 1.431518
v -3.038614 0.286754 1.360861
v -2.993395 0.288449 1.431518
v -3.083832 0.288449 1.290204
v -3.038614 0.308671 1.222481
v -2.993395 0.288449 1.290204
v -3.083832 0.332117 1.155806
v -3.038614 0.372277 1.097647
v -2.993395 0.332117 1.155806
v -3.083832 0.415179 1.041481
v -3.038614 0.471346 0.998578
v -2.993395 0.415180 1.041481
v -3.083832 0.529505 0.958418
v -3.038614 0.596180 0.934972
v -2.993395 0.529505 0.958418
v -2.993395 0.663903 0.914750
v -3.083832 0.663903 0.914749
v -3.133434 0.591127 0.919418
v -3.133434 0.734560 0.896700
v -3.133434 0.877994 0.919418
v -2.943794 0.734560 0.896700
v -2.943794 0.877994 0.919418
v -2.943794 0.591127 0.919418
v -3.133434 1.007388 0.985347
v -2.943794 1.007388 0.985347
v -3.133434 1.110075 1.088034
v -2.943794 1.110075 1.088034
v -3.133434 1.176004 1.217427
v -2.943794 1.176004 1.217427
v -3.133434 1.198722 1.360861
v -2.943794 1.198722 1.360861
v -3.133434 1.176004 1.504295
v -2.943794 1.176004 1.504295
v -3.133434 1.110075 1.633688
v -2.943794 1.110075 1.633688
v -3.133434 1.007387 1.736375
v -2.943794 1.007388 1.736376
v -3.133434 0.877994 1.802305
v -2.943794 0.877994 1.802305
v -3.133434 0.734561 1.825022
v -2.943794 0.734561 1.825022
v -3.133434 0.591127 1.802305
v -2.943794 0.591127 1.802305
v -3.133434 0.461734 1.736375
v -2.943794 0.461734 1.736375
v -3.133434 0.359046 1.633688
v -2.943794 0.359046 1.633688
v -3.133434 0.293117 1.504295
v -2.943794 0.293117 1.504295
v -3.133434 0.270399 1.360861
v -2.943794 0.270399 1.360861
v -3.133434 0.293117 1.217427
v -2.943794 0.293117 1.217427
v -3.133434 0.359046 1.088034
v -2.943794 0.359046 1.088034
v -3.133434 0.461733 0.985347
v -2.943794 0.461733 0.985347
v -1.531897 0.844193 0.668667
v -1.428435 0.833127 0.738534
v -1.427593 0.817515 0.837106
v -1.699875 0.807169 0.902426
v -1.699875 0.661951 0.902427
v -1.782518 0.817515 0.837106
v -1.781675 0.833127 0.738534
v -1.678214 0.844193 0.668667
v -1.531897 1.052727 0.736424
v -1.428435 1.020613 0.799452
v -1.427593 0.975304 0.888375
v -1.699875 0.945280 0.947301
v -1.510235 1.062763 1.032658
v -1.782518 0.975304 0.888375
v -1.781675 1.020613 0.799452
v -1.678214 1.052727 0.736424
v -1.531897 1.230117 0.865305
v -1.428435 1.180097 0.915324
v -1.427593 1.109528 0.985894
v -1.699875 1.062763 1.032658
v -1.510235 1.148120 1.150142
v -1.782518 1.109528 0.985894
v -1.781675 1.180097 0.915324
v -1.678214 1.230117 0.865305
v -1.531897 1.358998 1.042694
v -1.428435 1.295970 1.074809
v -1.427593 1.207047 1.120117
v -1.699875 1.148120 1.150142
v -1.510235 1.192995 1.288252
v -1.782518 1.207047 1.120117
v -1.781675 1.295970 1.074809
v -1.678214 1.358998 1.042694
v -1.531897 1.426755 1.251228
v -1.428435 1.356887 1.262294
v -1.427593 1.258316 1.277906
v -1.699875 1.192995 1.288252
v -1.510235 1.192995 1.433470
v -1.782518 1.258316 1.277906
v -1.781675 1.356887 1.262294
v -1.678214 1.426755 1.251228
v -1.531897 1.426755 1.470494
v -1.428435 1.356887 1.459428
v -1.427593 1.258316 1.443816
v -1.699875 1.192995 1.433470
v -1.510235 1.148120 1.571580
v -1.782518 1.258316 1.443816
v -1.781675 1.356887 1.459428
v -1.678214 1.426755 1.470494
v -1.531897 1.358998 1.679028
v -1.428435 1.295970 1.646914
v -1.427593 1.207047 1.601605
v -1.699875 1.148120 1.571581
v -1.510235 1.062763 1.689064
v -1.782518 1.207047 1.601605
v -1.781675 1.295970 1.646914
v -1.678214 1.358998 1.679028
v -1.531897 1.230117 1.856418
v -1.428435 1.180097 1.806398
v -1.427593 1.109528 1.735829
v -1.699875 1.062763 1.689064
v -1.510235 0.945280 1.774421
v -1.782518 1.109528 1.735829
v -1.781675 1.180097 1.806398
v -1.678214 1.230117 1.856418
v -1.531897 1.052727 1.985299
v -1.428435 1.020613 1.922271
v -1.427593 0.975304 1.833348
v -1.699875 0.945280 1.774421
v -1.510235 0.807169 1.819296
v -1.782518 0.975304 1.833348
v -1.781675 1.020613 1.922270
v -1.678214 1.052727 1.985299
v -1.531897 0.844193 2.053056
v -1.428435 0.833127 1.983188
v -1.427593 0.817515 1.884616
v -1.699875 0.807169 1.819296
v -1.510235 0.661952 1.819296
v -1.782518 0.817515 1.884616
v -1.781675 0.833127 1.983188
v -1.678214 0.844193 2.053056
v -1.531897 0.624928 2.053056
v -1.428435 0.635994 1.983188
v -1.427593 0.651606 1.884616
v -1.699875 0.661952 1.819296
v -1.510235 0.523841 1.774421
v -1.782518 0.651606 1.884616
v -1.781675 0.635994 1.983188
v -1.678214 0.624928 2.053056
v -1.531897 0.416394 1.985299
v -1.428435 0.448508 1.922271
v -1.427593 0.493817 1.833348
v -1.699875 0.523841 1.774421
v -1.510235 0.406358 1.689064
v -1.782518 0.493817 1.833348
v -1.781675 0.448508 1.922271
v -1.678214 0.416394 1.985299
v -1.531897 0.239004 1.856418
v -1.428435 0.289024 1.806398
v -1.427593 0.359593 1.735829
v -1.699875 0.406358 1.689064
v -1.510235 0.321001 1.571581
v -1.782518 0.359593 1.735829
v -1.781675 0.289024 1.806398
v -1.678214 0.239004 1.856418
v -1.531897 0.110123 1.679028
v -1.428435 0.173151 1.646914
v -1.427593 0.262074 1.601605
v -1.699875 0.321001 1.571580
v -1.510235 0.276126 1.433470
v -1.782518 0.262074 1.601605
v -1.781675 0.173151 1.646914
v -1.678214 0.110123 1.679028
v -1.531897 0.042366 1.470494
v -1.428435 0.112234 1.459428
v -1.427593 0.210805 1.443816
v -1.699875 0.276126 1.433470
v -1.510235 0.276126 1.288252
v -1.782518 0.210805 1.443816
v -1.781675 0.112234 1.459428
v -1.678214 0.042366 1.470494
v -1.531897 0.042366 1.251228
v -1.428435 0.112234 1.262294
v -1.427593 0.210805 1.277906
v -1.699875 0.276126 1.288252
v -1.510235 0.321001 1.150142
v -1.782518 0.210805 1.277906
v -1.781675 0.112234 1.262294
v -1.678214 0.042366 1.251228
v -1.531897 0.110123 1.042694
v -1.428435 0.173151 1.074809
v -1.427593 0.262074 1.120117
v -1.699875 0.321001 1.150142
v -1.510235 0.406357 1.032658
v -1.782518 0.262074 1.120117
v -1.781675 0.173151 1.074809
v -1.678214 0.110123 1.042694
v -1.531897 0.239004 0.865305
v -1.428435 0.289023 0.915325
v -1.427593 0.359593 0.985894
v -1.699875 0.406357 1.032658
v -1.510235 0.523841 0.947301
v -1.782518 0.359593 0.985894
v -1.781675 0.289023 0.915325
v -1.678214 0.239004 0.865305
v -1.531897 0.416393 0.736424
v -1.428435 0.448508 0.799452
v -1.427593 0.493816 0.888375
v -1.699875 0.523841 0.947301
v -1.782518 0.493816 0.888375
v -1.781675 0.448508 0.799452
v -1.678214 0.416393 0.736424
v -1.531897 0.624928 0.668667
v -1.428435 0.635993 0.738534
v -1.427593 0.651606 0.837106
v -1.510235 0.807169 0.902427
v -1.510235 0.945280 0.947301
v -1.782518 0.651606 0.837106
v -1.781675 0.635993 0.738534
v -1.678214 0.624928 0.668667
v -1.605055 0.804611 0.918579
v -1.605055 0.937855 0.961873
v -1.605055 1.051199 1.044222
v -1.605055 1.133549 1.157566
v -1.605055 1.176842 1.290811
v -1.605055 1.176843 1.430912
v -1.605055 1.133549 1.564156
v -1.605055 1.051199 1.677500
v -1.605055 0.937855 1.759850
v -1.605055 0.804611 1.803143
v -1.605055 0.664510 1.803143
v -1.605055 0.531266 1.759850
v -1.605055 0.417922 1.677500
v -1.605055 0.335572 1.564156
v -1.605055 0.292278 1.430912
v -1.605055 0.292278 1.290811
v -1.605055 0.335572 1.157567
v -1.605055 0.417921 1.044222
v -1.605055 0.531266 0.961873
v -1.605055 0.664510 0.918579
v -1.510235 0.661951 0.902427
v -3.111773 0.844193 0.668667
v -3.215234 0.833127 0.738534
v -3.216076 0.817515 0.837106
v -2.943794 0.807169 0.902427
v -2.943794 0.661952 0.902427
v -2.861152 0.817515 0.837106
v -2.861994 0.833127 0.738534
v -2.965456 0.844193 0.668667
v -3.111773 1.052727 0.736424
v -3.215234 1.020613 0.799452
v -3.216076 0.975304 0.888375
v -2.943794 0.945280 0.947301
v -3.133434 1.062763 1.032658
v -2.861152 0.975304 0.888375
v -2.861994 1.020613 0.799452
v -2.965456 1.052727 0.736424
v -3.111773 1.230117 0.865305
v -3.215234 1.180097 0.915324
v -3.216076 1.109528 0.985894
v -2.943794 1.062763 1.032658
v -3.133434 1.148120 1.150142
v -2.861152 1.109528 0.985894
v -2.861994 1.180097 0.915324
v -2.965456 1.230117 0.865305
v -3.111773 1.358998 1.042694
v -3.215234 1.295970 1.074809
v -3.216076 1.207047 1.120117
v -2.943794 1.148120 1.150142
v -3.133434 1.192995 1.288252
v -2.861152 1.207047 1.120117
v -2.861994 1.295970 1.074809
v -2.965456 1.358998 1.042694
v -3.111773 1.426755 1.251228
v -3.215234 1.356887 1.262294
v -3.216076 1.258316 1.277907
v -2.943794 1.192995 1.288252
v -3.133434 1.192995 1.433470
v -2.861152 1.258316 1.277907
v -2.861994 1.356887 1.262294
v -2.965456 1.426755 1.251228
v -3.111773 1.426755 1.470494
v -3.215234 1.356887 1.459428
v -3.216076 1.258316 1.443816
v -2.943794 1.192995 1.433470
v -3.133434 1.148120 1.571581
v -2.861152 1.258316 1.443816
v -2.861994 1.356887 1.459428
v -2.965456 1.426755 1.470494
v -3.111773 1.358998 1.679028
v -3.215234 1.295970 1.646914
v -3.216076 1.207047 1.601605
v -2.943794 1.148120 1.571581
v -3.133434 1.062763 1.689064
v -2.861152 1.207047 1.601605
v -2.861994 1.295970 1.646914
v -2.965456 1.358998 1.679028
v -3.111773 1.230117 1.856418
v -3.215234 1.180097 1.806398
v -3.216076 1.109528 1.735829
v -2.943794 1.062763 1.689064
v -3.133434 0.945280 1.774421
v -2.861152 1.109528 1.735829
v -2.861994 1.180097 1.806398
v -2.965456 1.230117 1.856418
v -3.111773 1.052727 1.985299
v -3.215234 1.020613 1.922271
v -3.216076 0.975304 1.833348
v -2.943794 0.945280 1.774421
v -3.133434 0.807169 1.819296
v -2.861152 0.975304 1.833348
v -2.861994 1.020613 1.922271
v -2.965456 1.052727 1.985299
v -3.111773 0.844193 2.053056
v -3.215234 0.833127 1.983188
v -3.216076 0.817515 1.884616
v -2.943794 0.807169 1.819296
v -3.133434 0.661952 1.819296
v -2.861152 0.817515 1.884616
v -2.861994 0.833127 1.983188
v -2.965456 0.844193 2.053056
v -3.111773 0.624928 2.053056
v -3.215234 0.635994 1.983188
v -3.216076 0.651606 1.884616
v -2.943794 0.661952 1.819296
v -3.133434 0.523841 1.774421
v -2.861152 0.651606 1.884616
v -2.861994 0.635994 1.983188
v -2.965456 0.624928 2.053056
v -3.111773 0.416394 1.985299
v -3.215234 0.448508 1.922271
v -3.216076 0.493817 1.833348
v -2.943794 0.523841 1.774421
v -3.133434 0.406358 1.689064
v -2.861152 0.493817 1.833348
v -2.861994 0.448508 1.922271
v -2.965456 0.416394 1.985299
v -3.111773 0.239004 1.856418
v -3.215234 0.289024 1.806398
v -3.216076 0.359593 1.735829
v -2.943794 0.406358 1.689064
v -3.133434 0.321001 1.571581
v -2.861151 0.359593 1.735829
v -2.861994 0.289024 1.806398
v -2.965456 0.239004 1.856418
v -3.111773 0.110123 1.679028
v -3.215234 0.173151 1.646914
v -3.216076 0.262074 1.601605
v -2.943794 0.321001 1.571581
v -3.133434 0.276126 1.433470
v -2.861151 0.262074 1.601605
v -2.861994 0.173151 1.646914
v -2.965456 0.110123 1.679028
v -3.111773 0.042366 1.470494
v -3.215234 0.112233 1.459428
v -3.216076 0.210805 1.443816
v -2.943794 0.276126 1.433470
v -3.133434 0.276126 1.288252
v -2.861151 0.210805 1.443816
v -2.861994 0.112234 1.459428
v -2.965456 0.042366 1.470494
v -3.111773 0.042366 1.251228
v -3.215234 0.112233 1.262294
v -3.216076 0.210805 1.277907
v -2.943794 0.276126 1.288252
v -3.133434 0.321001 1.150142
v -2.861151 0.210805 1.277907
v -2.861994 0.112234 1.262294
v -2.965456 0.042366 1.251228
v -3.111773 0.110123 1.042694
v -3.215234 0.173151 1.074809
v -3.216076 0.262074 1.120118
v -2.943794 0.321001 1.150142
v -3.133434 0.406357 1.032658
v -2.861151 0.262074 1.120118
v -2.861994 0.173151 1.074809
v -2.965456 0.110123 1.042695
v -3.111773 0.239004 0.865305
v -3.215234 0.289023 0.915325
v -3.216076 0.359593 0.985894
v -2.943794 0.406357 1.032658
v -3.133434 0.523841 0.947302
v -2.861151 0.359593 0.985894
v -2.861994 0.289023 0.915325
v -2.965456 0.239004 0.865305
v -3.111773 0.416393 0.736424
v -3.215234 0.448508 0.799452
v -3.216076 0.493816 0.888375
v -2.943794 0.523841 0.947302
v -2.861151 0.493816 0.888375
v -2.861994 0.448508 0.799452
v -2.965456 0.416393 0.736424
v -3.111773 0.624928 0.668667
v -3.215234 0.635993 0.738534
v -3.216076 0.651606 0.837106
v -3.133434 0.807169 0.902427
v -3.133434 0.945280 0.947301
v -2.861152 0.651606 0.837106
v -2.861994 0.635993 0.738534
v -2.965456 0.624928 0.668667
v -3.038614 0.804611 0.918579
v -3.038614 0.937855 0.961873
v -3.038614 1.051199 1.044222
v -3.038614 1.133549 1.157566
v -3.038614 1.176842 1.290811
v -3.038614 1.176842 1.430912
v -3.038614 1.133549 1.564156
v -3.038614 1.051199 1.677500
v -3.038614 0.937855 1.759850
v -3.038614 0.804611 1.803143
v -3.038614 0.664510 1.803143
v -3.038614 0.531266 1.759850
v -3.038614 0.417922 1.677500
v -3.038614 0.335572 1.564156
v -3.038614 0.292278 1.430912
v -3.038614 0.292278 1.290811
v -3.038614 0.335572 1.157567
v -3.038614 0.417921 1.044222
v -3.038614 0.531266 0.961873
v -3.038614 0.664510 0.918579
v -3.133434 0.661951 0.902427
vn -0.0000 -0.0000 -1.0000
vn 0.5596 -0.0000 -0.8287
vn 0.9998 -0.0000 -0.0216
vn 0.6201 -0.0000 0.7845
vn -0.6201 -0.0000 0.7845
vn -0.9998 -0.0000 -0.0216
vn -0.5596 -0.0000 -0.8287
vn -0.0000 0.3090 -0.9511
vn 0.5596 0.2561 -0.7882
vn 0.9998 0.0067 -0.0205
vn 0.6201 -0.2424 0.7461
vn -0.6201 -0.2424 0.7461
vn -0.9998 0.0067 -0.0205
vn -0.5596 0.2561 -0.7882
vn -0.0000 0.5878 -0.8090
vn 0.5596 0.4871 -0.6705
vn 0.9998 0.0127 -0.0175
vn 0.6201 -0.4611 0.6347
vn -0.6201 -0.4611 0.6347
vn -0.9998 0.0127 -0.0175
vn -0.5596 0.4871 -0.6705
vn -0.0000 0.8090 -0.5878
vn 0.5596 0.6705 -0.4871
vn 0.9998 0.0175 -0.0127
vn 0.6201 -0.6347 0.4611
vn -0.6201 -0.6347 0.4611
vn -0.9998 0.0175 -0.0127
vn -0.5596 0.6705 -0.4871
vn -0.0000 0.9511 -0.3090
vn 0.5596 0.7882 -0.2561
vn 0.9998 0.0205 -0.0067
vn 0.6201 -0.7461 0.2424
vn -0.6201 -0.7461 0.2424
vn -0.9998 0.0205 -0.0067
vn -0.5596 0.7882 -0.2561
vn -0.0000 1.0000 -0.0000
vn 0.5596 0.8287 -0.0000
vn 0.9998 0.0216 -0.0000
vn 0.6201 -0.7845 -0.0000
vn -0.6201 -0.7845 -0.0000
vn -0.9998 0.0216 -0.0000
vn -0.5596 0.8287 -0.0000
vn -0.0000 0.9511 0.3090
vn 0.5596 0.7882 0.2561
vn 0.9998 0.0205 0.0067
vn 0.6201 -0.7461 -0.2424
vn -0.6201 -0.7461 -0.2424
vn -0.9998 0.0205 0.0067
vn -0.5596 0.7882 0.2561
vn -0.0000 0.8090 0.5878
vn 0.5596 0.6705 0.4871
vn 0.9998 0.0175 0.0127
vn 0.6201 -0.6347 -0.4611
vn -0.6201 -0.6347 -0.4611
vn -0.9998 0.0175 0.0127
vn -0.5596 0.6705 0.4871
vn -0.0000 0.5878 0.8090
vn 0.5596 0.4871 0.6705
vn 0.9998 0.0127 0.0175
vn 0.6201 -0.4611 -0.6347
vn -0.6201 -0.4611 -0.6347
vn -0.9998 0.0127 0.0175
vn -0.5596 0.4871 0.6705
vn -0.0000 0.3090 0.9511
vn 0.5596 0.2561 0.7882
vn 0.9998 0.0067 0.0205
vn 0.6201 -0.2424 -0.7461
vn -0.6201 -0.2424 -0.7461
vn -0.9998 0.0067 0.0205
vn -0.5596 0.2561 0.7882
vn -0.0000 -0.0000 1.0000
vn 0.5596 -0.0000 0.8287
vn 0.9998 -0.0000 0.0216
vn 0.6201 -0.0000 -0.7845
vn -0.6201 -0.0000 -0.7845
vn -0.9998 -0.0000 0.0216
vn -0.5596 -0.0000 0.8287
vn -0.0000 -0.3090 0.9511
vn 0.5596 -0.2561 0.7882
vn 0.9998 -0.0067 0.0205
vn 0.6201 0.2424 -0.7461
vn -0.6201 0.2424 -0.7461
vn -0.9998 -0.0067 0.0205
vn -0.5596 -0.2561 0.7882
vn -0.0000 -0.5878 0.8090
vn 0.5596 -0.4871 0.6705
vn 0.9998 -0.0127 0.0175
vn 0.6201 0.4611 -0.6347
vn -0.6201 0.4611 -0.6347
vn -0.9998 -0.0127 0.0175
vn -0.5596 -0.4871 0.6705
vn -0.0000 -0.8090 0.5878
vn 0.5596 -0.6705 0.4871
vn 0.9998 -0.0175 0.0127
vn 0.6201 0.6347 -0.4611
vn -0.6201 0.6347 -0.4611
vn -0.9998 -0.0175 0.0127
vn -0.5596 -0.6705 0.4871
vn -0.0000 -0.9511 0.3090
vn 0.5596 -0.7882 0.2561
vn 0.9998 -0.0205 0.0067
vn 0.6201 0.7461 -0.2424
vn -0.6201 0.7461 -0.2424
vn -0.9998 -0.0205 0.0067
vn -0.5596 -0.7882 0.2561
vn -0.0000 -1.0000 -0.0000
vn 0.5596 -0.8287 -0.0000
vn 0.9998 -0.0216 -0.0000
vn 0.6201 0.7845 -0.0000
vn -0.6201 0.7845 -0.0000
vn -0.9998 -0.0216 -0.0000
vn -0.5596 -0.8287 -0.0000
vn -0.0000 -0.9511 -0.3090
vn 0.5596 -0.7882 -0.2561
vn 0.9998 -0.0205 -0.0067
vn 0.6201 0.7461 0.2424
vn -0.6201 0.7461 0.2424
vn -0.9998 -0.0205 -0.0067
vn -0.5596 -0.7882 -0.2561
vn -0.0000 -0.8090 -0.5878
vn 0.5596 -0.6705 -0.4871
vn 0.9998 -0.0175 -0.0127
vn 0.6201 0.6347 0.4611
vn -0.6201 0.6347 0.4611
vn -0.9998 -0.0175 -0.0127
vn -0.5596 -0.6705 -0.4871
vn -0.0000 -0.5878 -0.8090
vn 0.5596 -0.4871 -0.6705
vn 0.9998 -0.0127 -0.0175
vn 0.6201 0.4611 0.6347
vn -0.6201 0.4611 0.6347
vn -0.9998 -0.0127 -0.0175
vn -0.5596 -0.4871 -0.6705
vn -0.0000 -0.3090 -0.9511
vn 0.5596 -0.2561 -0.7882
vn 0.9998 -0.0067 -0.0205
vn 0.6201 0.2424 0.7461
vn -0.6201 0.2424 0.7461
vn -0.9998 -0.0067 -0.0205
vn -0.5596 -0.2561 -0.7882
vn -0.1651 -0.0000 0.9863
vn 0.1651 -0.0000 0.9863
vn 0.1651 -0.3048 0.9380
vn -0.1651 -0.3048 0.9380
vn 0.1651 -0.5797 0.7979
vn -0.1651 -0.5797 0.7979
vn 0.1651 -0.7979 0.5797
vn -0.1651 -0.7979 0.5797
vn 0.1651 -0.9380 0.3048
vn -0.1651 -0.9380 0.3048
vn 0.1651 -0.9863 -0.0000
vn -0.1651 -0.9863 -0.0000
vn 0.1651 -0.9380 -0.3048
vn -0.1651 -0.9380 -0.3048
vn 0.1651 -0.7979 -0.5797
vn -0.1651 -0.7979 -0.5797
vn 0.1651 -0.5797 -0.7979
vn -0.1651 -0.5797 -0.7979
vn 0.1651 -0.3048 -0.9380
vn -0.1651 -0.3048 -0.9380
vn 0.1651 -0.0000 -0.9863
vn -0.1651 -0.0000 -0.9863
vn 0.1651 0.3048 -0.9380
vn -0.1651 0.3048 -0.9380
vn 0.1651 0.5797 -0.7979
vn -0.1651 0.5797 -0.7979
vn 0.1651 0.7979 -0.5797
vn -0.1651 0.7979 -0.5797
vn 0.1651 0.9380 -0.3048
vn -0.1651 0.9380 -0.3048
vn 0.1651 0.9863 -0.0000
vn -0.1651 0.9863 -0.0000
vn 0.1651 0.9380 0.3048
vn -0.1651 0.9380 0.3048
vn 0.1651 0.7979 0.5797
vn -0.1651 0.7979 0.5797
vn 0.1651 0.5797 0.7979
vn -0.1651 0.5797 0.7979
vn 0.1651 0.3048 0.9380
vn -0.1651 0.3048 0.9380
vn 0.2702 -0.0000 -0.9628
vn -0.0000 0.1564 -0.9877
vn 0.2702 0.2975 -0.9157
vn 0.5596 0.1296 -0.8185
vn 0.8498 -0.0000 -0.5271
vn 0.8498 0.1629 -0.5013
vn 0.9998 0.0034 -0.0212
vn 0.8800 -0.0000 0.4750
vn 0.8800 -0.1468 0.4517
vn 0.6200 -0.1227 0.7749
vn -0.6200 -0.1227 0.7749
vn -0.8800 -0.0000 0.4750
vn -0.8800 -0.1468 0.4517
vn -0.9998 0.0034 -0.0212
vn -0.8498 -0.0000 -0.5271
vn -0.8498 0.1629 -0.5013
vn -0.5596 0.1296 -0.8185
vn -0.2702 -0.0000 -0.9628
vn -0.2702 0.2975 -0.9157
vn -0.0000 0.4540 -0.8910
vn 0.2702 0.5659 -0.7789
vn 0.5596 0.3762 -0.7384
vn 0.8498 0.3098 -0.4264
vn 0.9998 0.0098 -0.0192
vn 0.8800 -0.2792 0.3843
vn 0.6200 -0.3562 0.6991
vn -0.6200 -0.3562 0.6991
vn -0.8800 -0.2792 0.3843
vn -0.9998 0.0098 -0.0192
vn -0.8498 0.3098 -0.4264
vn -0.5596 0.3762 -0.7384
vn -0.2702 0.5659 -0.7789
vn -0.0000 0.7071 -0.7071
vn 0.2702 0.7789 -0.5659
vn 0.5596 0.5860 -0.5860
vn 0.8498 0.4264 -0.3098
vn 0.9998 0.0152 -0.0152
vn 0.8800 -0.3843 0.2792
vn 0.6200 -0.5548 0.5548
vn -0.6200 -0.5548 0.5548
vn -0.8800 -0.3843 0.2792
vn -0.9998 0.0152 -0.0152
vn -0.8498 0.4264 -0.3098
vn -0.5596 0.5860 -0.5860
vn -0.2702 0.7789 -0.5659
vn -0.0000 0.8910 -0.4540
vn 0.2702 0.9157 -0.2975
vn 0.5596 0.7384 -0.3762
vn 0.8498 0.5013 -0.1629
vn 0.9998 0.0192 -0.0098
vn 0.8800 -0.4517 0.1468
vn 0.6200 -0.6991 0.3562
vn -0.6200 -0.6991 0.3562
vn -0.8800 -0.4517 0.1468
vn -0.9998 0.0192 -0.0098
vn -0.8498 0.5013 -0.1629
vn -0.5596 0.7384 -0.3762
vn -0.2702 0.9157 -0.2975
vn -0.0000 0.9877 -0.1564
vn 0.2702 0.9628 -0.0000
vn 0.5596 0.8185 -0.1296
vn 0.8498 0.5271 -0.0000
vn 0.9998 0.0212 -0.0034
vn 0.8800 -0.4750 -0.0000
vn 0.6200 -0.7749 0.1227
vn -0.6200 -0.7749 0.1227
vn -0.8800 -0.4750 -0.0000
vn -0.9998 0.0212 -0.0034
vn -0.8498 0.5271 -0.0000
vn -0.5596 0.8185 -0.1296
vn -0.2702 0.9628 -0.0000
vn -0.0000 0.9877 0.1564
vn 0.2702 0.9157 0.2975
vn 0.5596 0.8185 0.1296
vn 0.8498 0.5013 0.1629
vn 0.9998 0.0212 0.0034
vn 0.8800 -0.4517 -0.1468
vn 0.6200 -0.7749 -0.1227
vn -0.6200 -0.7749 -0.1227
vn -0.8800 -0.4517 -0.1468
vn -0.9998 0.0212 0.0034
vn -0.8498 0.5013 0.1629
vn -0.5596 0.8185 0.1296
vn -0.2702 0.9157 0.2975
vn -0.0000 0.8910 0.4540
vn 0.2702 0.7789 0.5659
vn 0.5596 0.7384 0.3762
vn 0.8498 0.4264 0.3098
vn 0.9998 0.0192 0.0098
vn 0.8800 -0.3843 -0.2792
vn 0.6200 -0.6991 -0.3562
vn -0.6200 -0.6991 -0.3562
vn -0.8800 -0.3843 -0.2792
vn -0.9998 0.0192 0.0098
vn -0.8498 0.4264 0.3098
vn -0.5596 0.7384 0.3762
vn -0.2702 0.7789 0.5659
vn -0.0000 0.7071 0.7071
vn 0.2702 0.5659 0.7789
vn 0.5596 0.5860 0.5860
vn 0.8498 0.3098 0.4264
vn 0.9998 0.0152 0.0152
vn 0.8800 -0.2792 -0.3843
vn 0.6200 -0.5548 -0.5548
vn -0.6200 -0.5548 -0.5548
vn -0.8800 -0.2792 -0.3843
vn -0.9998 0.0152 0.0152
vn -0.8498 0.3098 0.4264
vn -0.5596 0.5860 0.5860
vn -0.2702 0.5659 0.7789
vn -0.0000 0.4540 0.8910
vn 0.2702 0.2975 0.9157
vn 0.5596 0.3762 0.7384
vn 0.8498 0.1629 0.5013
vn 0.9998 0.0098 0.0192
vn 0.8800 -0.1468 -0.4517
vn 0.6200 -0.3562 -0.6991
vn -0.6200 -0.3562 -0.6991
vn -0.8800 -0.1468 -0.4517
vn -0.9998 0.0098 0.0192
vn -0.8498 0.1629 0.5013
vn -0.5596 0.3762 0.7384
vn -0.2702 0.2975 0.9157
vn -0.0000 0.1564 0.9877
vn 0.2702 -0.0000 0.9628
vn 0.5596 0.1296 0.8185
vn 0.8498 -0.0000 0.5271
vn 0.9998 0.0034 0.0212
vn 0.8800 -0.0000 -0.4750
vn 0.6200 -0.1227 -0.7749
vn -0.6200 -0.1227 -0.7749
vn -0.8800 -0.0000 -0.4750
vn -0.9998 0.0034 0.0212
vn -0.8498 -0.0000 0.5271
vn -0.5596 0.1296 0.8185
vn -0.2702 -0.0000 0.9628
vn -0.0000 -0.1564 0.9877
vn 0.2702 -0.2975 0.9157
vn 0.5596 -0.1296 0.8185
vn 0.8498 -0.1629 0.5013
vn 0.9998 -0.0034 0.0212
vn 0.8800 0.1468 -0.4517
vn 0.6200 0.1227 -0.7749
vn -0.6200 0.1227 -0.7749
vn -0.8800 0.1468 -0.4517
vn -0.9998 -0.0034 0.0212
vn -0.8498 -0.1629 0.5013
vn -0.5596 -0.1296 0.8185
vn -0.2702 -0.2975 0.9157
vn -0.0000 -0.4540 0.8910
vn 0.2702 -0.5659 0.7789
vn 0.5596 -0.3762 0.7384
vn 0.8498 -0.3098 0.4264
vn 0.9998 -0.0098 0.0192
vn 0.8800 0.2792 -0.3843
vn 0.6200 0.3562 -0.6991
vn -0.6200 0.3562 -0.6991
vn -0.8800 0.2792 -0.3843
vn -0.9998 -0.0098 0.0192
vn -0.8498 -0.3098 0.4264
vn -0.5596 -0.3762 0.7384
vn -0.2702 -0.5659 0.7789
vn -0.0000 -0.7071 0.7071
vn 0.2702 -0.7789 0.5659
vn 0.5596 -0.5860 0.5860
vn 0.8498 -0.4264 0.3098
vn 0.9998 -0.0152 0.0152
vn 0.8800 0.3843 -0.2792
vn 0.6200 0.5548 -0.5548
vn -0.6200 0.5548 -0.5548
vn -0.8800 0.3843 -0.2792
vn -0.9998 -0.0152 0.0152
vn -0.8498 -0.4264 0.3098
vn -0.5596 -0.5860 0.5860
vn -0.2702 -0.7789 0.5659
vn -0.0000 -0.8910 0.4540
vn 0.2702 -0.9157 0.2975
vn 0.5596 -0.7384 0.3762
vn 0.8498 -0.5013 0.1629
vn 0.9998 -0.0192 0.0098
vn 0.8800 0.4517 -0.1468
vn 0.6200 0.6991 -0.3562
vn -0.6200 0.6991 -0.3562
vn -0.8800 0.4517 -0.1468
vn -0.9998 -0.0192 0.0098
vn -0.8498 -0.5013 0.1629
vn -0.5596 -0.7384 0.3762
vn -0.2702 -0.9157 0.2975
vn -0.0000 -0.9877 0.1564
vn 0.2702 -0.9628 -0.0000
vn 0.5596 -0.8185 0.1296
vn 0.8498 -0.5271 -0.0000
vn 0.9998 -0.0212 0.0034
vn 0.8800 0.4750 -0.0000
vn 0.6200 0.7749 -0.1227
vn -0.6200 0.7749 -0.1227
vn -0.8800 0.4750 -0.0000
vn -0.9998 -0.0212 0.0034
vn -0.8498 -0.5271 -0.0000
vn -0.5596 -0.8185 0.1296
vn -0.2702 -0.9628 -0.0000
vn -0.0000 -0.9877 -0.1564
vn 0.2702 -0.9157 -0.2975
vn 0.5596 -0.8185 -0.1296
vn 0.8498 -0.5013 -0.1629
vn 0.9998 -0.0212 -0.0034
vn 0.8800 0.4517 0.1468
vn 0.6200 0.7749 0.1227
vn -0.6200 0.7749 0.1227
vn -0.8800 0.4517 0.1468
vn -0.9998 -0.0212 -0.0034
vn -0.8498 -0.5013 -0.1629
vn -0.5596 -0.8185 -0.1296
vn -0.2702 -0.9157 -0.2975
vn -0.0000 -0.8910 -0.4540
vn 0.2702 -0.7789 -0.5659
vn 0.5596 -0.7384 -0.3762
vn 0.8498 -0.4264 -0.3098
vn 0.9998 -0.0192 -0.0098
vn 0.8800 0.3843 0.2792
vn 0.6200 0.6991 0.3562
vn -0.6200 0.6991 0.3562
vn -0.8800 0.3843 0.2792
vn -0.9998 -0.0192 -0.0098
vn -0.8498 -0.4264 -0.3098
vn -0.5596 -0.7384 -0.3762
vn -0.2702 -0.7789 -0.5659
vn -0.0000 -0.7071 -0.7071
vn 0.2702 -0.5659 -0.7789
vn 0.5596 -0.5860 -0.5860
vn 0.8498 -0.3098 -0.4264
vn 0.9998 -0.0152 -0.0152
vn 0.8800 0.2792 0.3843
vn 0.6200 0.5548 0.5548
vn -0.6200 0.5548 0.5548
vn -0.8800 0.2792 0.3843
vn -0.9998 -0.0152 -0.0152
vn -0.8498 -0.3098 -0.4264
vn -0.5596 -0.5860 -0.5860
vn -0.2702 -0.5659 -0.7789
vn -0.0000 -0.4540 -0.8910
vn 0.2702 -0.2975 -0.9157
vn 0.5596 -0.3762 -0.7384
vn 0.8498 -0.1629 -0.5013
vn 0.9998 -0.0098 -0.0192
vn 0.8800 0.1468 0.4517
vn 0.6200 0.3562 0.6991
vn -0.6200 0.3562 0.6991
vn -0.8800 0.1468 0.4517
vn -0.9998 -0.0098 -0.0192
vn -0.8498 -0.1629 -0.5013
vn -0.5596 -0.3762 -0.7384
vn -0.2702 -0.2975 -0.9157
vn -0.0000 -0.1564 -0.9877
vn 0.5596 -0.1296 -0.8185
vn 0.9998 -0.0034 -0.0212
vn 0.6200 0.1227 0.7749
vn -0.6200 0.1227 0.7749
vn -0.9998 -0.0034 -0.0212
vn -0.5596 -0.1296 -0.8185
vn 0.1651 -0.1543 0.9741
vn -0.1651 -0.1543 0.9741
vn 0.1651 -0.4478 0.8788
vn -0.1651 -0.4478 0.8788
vn 0.1651 -0.6974 0.6974
vn -0.1651 -0.6974 0.6974
vn 0.1651 -0.8788 0.4478
vn -0.1651 -0.8788 0.4478
vn 0.1651 -0.9741 0.1543
vn -0.1651 -0.9741 0.1543
vn 0.1651 -0.9741 -0.1543
vn -0.1651 -0.9741 -0.1543
vn 0.1651 -0.8788 -0.4478
vn -0.1651 -0.8788 -0.4478
vn 0.1651 -0.6974 -0.6974
vn -0.1651 -0.6974 -0.6974
vn 0.1651 -0.4478 -0.8788
vn -0.1651 -0.4478 -0.8788
vn 0.1651 -0.1543 -0.9741
vn -0.1651 -0.1543 -0.9741
vn 0.1651 0.1543 -0.9741
vn -0.1651 0.1543 -0.9741
vn 0.1651 0.4478 -0.8788
vn -0.1651 0.4478 -0.8788
vn 0.1651 0.6974 -0.6974
vn -0.1651 0.6974 -0.6974
vn 0.1651 0.8788 -0.4478
vn -0.1651 0.8788 -0.4478
vn 0.1651 0.9741 -0.1543
vn -0.1651 0.9741 -0.1543
vn 0.1651 0.9741 0.1543
vn -0.1651 0.9741 0.1543
vn 0.1651 0.8788 0.4478
vn -0.1651 0.8788 0.4478
vn 0.1651 0.6974 0.6974
vn -0.1651 0.6974 0.6974
vn 0.1651 0.4478 0.8788
vn -0.1651 0.4478 0.8788
vn -0.1651 0.1543 0.9741
vn 0.1651 0.1543 0.9741
vn 0.3590 0.2884 0.8876
vn 0.3590 -0.0000 0.9333
vn 0.3590 -0.2884 0.8876
vn -0.3590 -0.0000 0.9333
vn -0.3590 -0.2884 0.8876
vn -0.3590 0.2884 0.8876
vn 0.3590 -0.5486 0.7551
vn -0.3590 -0.5486 0.7551
vn 0.3590 -0.7551 0.5486
vn -0.3590 -0.7551 0.5486
vn 0.3590 -0.8876 0.2884
vn -0.3590 -0.8876 0.2884
vn 0.3590 -0.9333 -0.0000
vn -0.3590 -0.9333 -0.0000
vn 0.3590 -0.8876 -0.2884
vn -0.3590 -0.8876 -0.2884
vn 0.3590 -0.7551 -0.5486
vn -0.3590 -0.7551 -0.5486
vn 0.3590 -0.5486 -0.7551
vn -0.3590 -0.5486 -0.7551
vn 0.3590 -0.2884 -0.8876
vn -0.3590 -0.2884 -0.8876
vn 0.3590 -0.0000 -0.9333
vn -0.3590 -0.0000 -0.9333
vn 0.3590 0.2884 -0.8876
vn -0.3590 0.2884 -0.8876
vn 0.3590 0.5486 -0.7551
vn -0.3590 0.5486 -0.7551
vn 0.3590 0.7551 -0.5486
vn -0.3590 0.7551 -0.5486
vn 0.3590 0.8876 -0.2884
vn -0.3590 0.8876 -0.2884
vn 0.3590 0.9333 -0.0000
vn -0.3590 0.9333 -0.0000
vn 0.3590 0.8876 0.2884
vn -0.3590 0.8876 0.2884
vn 0.3590 0.7551 0.5486
vn -0.3590 0.7551 0.5486
vn 0.3590 0.5486 0.7551
vn -0.3590 0.5486 0.7551
vn 0.2702 0.1506 -0.9509
vn 0.8498 0.0824 -0.5206
vn 0.8800 -0.0743 0.4692
vn -0.3590 -0.1460 0.9218
vn -0.3590 0.1460 0.9218
vn -0.8800 -0.0743 0.4692
vn -0.8498 0.0824 -0.5206
vn -0.2702 0.1506 -0.9509
vn 0.2702 0.4371 -0.8579
vn 0.8498 0.2393 -0.4696
vn 0.8800 -0.2157 0.4232
vn -0.3590 -0.4237 0.8316
vn 0.3590 -0.6600 0.6600
vn -0.8800 -0.2157 0.4232
vn -0.8498 0.2393 -0.4696
vn -0.2702 0.4371 -0.8579
vn 0.2702 0.6808 -0.6808
vn 0.8498 0.3727 -0.3727
vn 0.8800 -0.3359 0.3359
vn -0.3590 -0.6600 0.6600
vn 0.3590 -0.8316 0.4237
vn -0.8800 -0.3359 0.3359
vn -0.8498 0.3727 -0.3727
vn -0.2702 0.6808 -0.6808
vn 0.2702 0.8579 -0.4371
vn 0.8498 0.4696 -0.2393
vn 0.8800 -0.4232 0.2157
vn -0.3590 -0.8316 0.4237
vn 0.3590 -0.9218 0.1460
vn -0.8800 -0.4232 0.2157
vn -0.8498 0.4696 -0.2393
vn -0.2702 0.8579 -0.4371
vn 0.2702 0.9509 -0.1506
vn 0.8498 0.5206 -0.0824
vn 0.8800 -0.4692 0.0743
vn -0.3590 -0.9218 0.1460
vn 0.3590 -0.9218 -0.1460
vn -0.8800 -0.4692 0.0743
vn -0.8498 0.5206 -0.0824
vn -0.2702 0.9509 -0.1506
vn 0.2702 0.9509 0.1506
vn 0.8498 0.5206 0.0824
vn 0.8800 -0.4692 -0.0743
vn -0.3590 -0.9218 -0.1460
vn 0.3590 -0.8316 -0.4237
vn -0.8800 -0.4692 -0.0743
vn -0.8498 0.5206 0.0824
vn -0.2702 0.9509 0.1506
vn 0.2702 0.8579 0.4371
vn 0.8498 0.4696 0.2393
vn 0.8800 -0.4232 -0.2157
vn -0.3590 -0.8316 -0.4237
vn 0.3590 -0.6600 -0.6600
vn -0.8800 -0.4232 -0.2157
vn -0.8498 0.4696 0.2393
vn -0.2702 0.8579 0.4371
vn 0.2702 0.6808 0.6808
vn 0.8498 0.3727 0.3727
vn 0.8800 -0.3359 -0.3359
vn -0.3590 -0.6600 -0.6600
vn 0.3590 -0.4237 -0.8316
vn -0.8800 -0.3359 -0.3359
vn -0.8498 0.3727 0.3727
vn -0.2702 0.6808 0.6808
vn 0.2702 0.4371 0.8579
vn 0.8498 0.2393 0.4696
vn 0.8800 -0.2157 -0.4232
vn -0.3590 -0.4237 -0.8316
vn 0.3590 -0.1460 -0.9218
vn -0.8800 -0.2157 -0.4232
vn -0.8498 0.2393 0.4696
vn -0.2702 0.4371 0.8579
vn 0.2702 0.1506 0.9509
vn 0.8498 0.0824 0.5206
vn 0.8800 -0.0743 -0.4692
vn -0.3590 -0.1460 -0.9218
vn 0.3590 0.1460 -0.9218
vn -0.8800 -0.0743 -0.4692
vn -0.8498 0.0824 0.5206
vn -0.2702 0.1506 0.9509
vn 0.2702 -0.1506 0.9509
vn 0.8498 -0.0824 0.5206
vn 0.8800 0.0743 -0.4692
vn -0.3590 0.1460 -0.9218
vn 0.3590 0.4237 -0.8316
vn -0.8800 0.0743 -0.4692
vn -0.8498 -0.0824 0.5206
vn -0.2702 -0.1506 0.9509
vn 0.2702 -0.4371 0.8579
vn 0.8498 -0.2393 0.4696
vn 0.8800 0.2157 -0.4232
vn -0.3590 0.4237 -0.8316
vn 0.3590 0.6600 -0.6600
vn -0.8800 0.2157 -0.4232
vn -0.8498 -0.2393 0.4696
vn -0.2702 -0.4371 0.8579
vn 0.2702 -0.6808 0.6808
vn 0.8498 -0.3727 0.3727
vn 0.8800 0.3359 -0.3359
vn -0.3590 0.6600 -0.6600
vn 0.3590 0.8316 -0.4237
vn -0.8800 0.3359 -0.3359
vn -0.8498 -0.3727 0.3727
vn -0.2702 -0.6808 0.6808
vn 0.2702 -0.8579 0.4371
vn 0.8498 -0.4696 0.2393
vn 0.8800 0.4232 -0.2157
vn -0.3590 0.8316 -0.4237
vn 0.3590 0.9218 -0.1460
vn -0.8800 0.4232 -0.2157
vn -0.8498 -0.4696 0.2393
vn -0.2702 -0.8579 0.4371
vn 0.2702 -0.9509 0.1506
vn 0.8498 -0.5206 0.0824
vn 0.8800 0.4692 -0.0743
vn -0.3590 0.9218 -0.1460
vn 0.3590 0.9218 0.1460
vn -0.8800 0.4692 -0.0743
vn -0.8498 -0.5206 0.0824
vn -0.2702 -0.9509 0.1506
vn 0.2702 -0.9509 -0.1506
vn 0.8498 -0.5206 -0.0824
vn 0.8800 0.4692 0.0743
vn -0.3590 0.9218 0.1460
vn 0.3590 0.8316 0.4237
vn -0.8800 0.4692 0.0743
vn -0.8498 -0.5206 -0.0824
vn -0.2702 -0.9509 -0.1506
vn 0.2702 -0.8579 -0.4371
vn 0.8498 -0.4696 -0.2393
vn 0.8800 0.4232 0.2157
vn -0.3590 0.8316 0.4237
vn 0.3590 0.6600 0.6600
vn -0.8800 0.4232 0.2157
vn -0.8498 -0.4696 -0.2393
vn -0.2702 -0.8579 -0.4371
vn 0.2702 -0.6808 -0.6808
vn 0.8498 -0.3727 -0.3727
vn 0.8800 0.3359 0.3359
vn -0.3590 0.6600 0.6600
vn 0.3590 0.4237 0.8316
vn -0.8800 0.3359 0.3359
vn -0.8498 -0.3727 -0.3727
vn -0.2702 -0.6808 -0.6808
vn 0.2702 -0.4371 -0.8579
vn 0.8498 -0.2393 -0.4696
vn 0.8800 0.2157 0.4232
vn -0.3590 0.4237 0.8316
vn -0.8800 0.2157 0.4232
vn -0.8498 -0.2393 -0.4696
vn -0.2702 -0.4371 -0.8579
vn 0.2702 -0.1506 -0.9509
vn 0.8498 -0.0824 -0.5206
vn 0.8800 0.0743 0.4692
vn 0.3590 -0.1460 0.9218
vn 0.3590 -0.4237 0.8316
vn -0.8800 0.0743 0.4692
vn -0.8498 -0.0824 -0.5206
vn -0.2702 -0.1506 -0.9509
vn 0.3590 0.1460 0.9218
vt 0.500000 0.500000
vt 0.627476 0.500000
vt 0.625973 0.559745
vt 0.500000 0.559745
vt 0.751819 0.500000
vt 0.749019 0.559745
vt 0.745799 0.619489
vt 0.622900 0.619489
vt 0.500000 0.619489
vt 1.295423 0.500000
vt 1.275958 0.622900
vt 1.215275 0.613289
vt 1.224758 0.500000
vt 1.256492 0.745799
vt 1.189286 0.723962
vt 1.132363 0.705467
vt 1.156703 0.604012
vt 1.164906 0.500000
vt 1.099027 0.594877
vt 1.106893 0.500000
vt 1.077189 0.687540
vt 1.029210 0.671951
vt 1.042827 0.585975
vt 1.056444 0.500000
vt 0.500000 0.463974
vt 0.580990 0.463974
vt 0.583018 0.423669
vt 0.500000 0.423669
vt 0.659989 0.463974
vt 0.664114 0.423669
vt 0.671951 0.380511
vt 0.585975 0.380511
vt 0.500000 0.380511
vt 0.340011 0.463974
vt 0.419010 0.463974
vt 0.416982 0.423669
vt 0.335886 0.423669
vt 0.414025 0.380511
vt 0.328049 0.380511
vt 1.099027 0.594877
vt 1.106893 0.500000
vt 1.077189 0.687540
vt 1.132363 0.705467
vt 1.156703 0.604012
vt 1.215275 0.613288
vt 0.622900 0.380511
vt 0.625973 0.440255
vt 0.500000 0.440255
vt 0.745799 0.380511
vt 0.749019 0.440255
vt 0.871750 0.500000
vt 0.866610 0.559745
vt 0.996630 0.500000
vt 0.982084 0.559745
vt 0.967538 0.619489
vt 0.856669 0.619489
vt 1.200002 0.856669
vt 1.145259 0.828776
vt 1.143511 0.967538
vt 1.086341 0.926002
vt 1.037921 0.890822
vt 1.092420 0.801853
vt 1.040390 0.775343
vt 0.990987 0.856723
vt 0.950173 0.827070
vt 0.989692 0.749510
vt 0.735377 0.464291
vt 0.741389 0.423748
vt 0.805823 0.467777
vt 0.816447 0.424144
vt 0.827070 0.380511
vt 0.749510 0.380511
vt 0.950173 0.619489
vt 0.888621 0.619489
vt 0.875888 0.576252
vt 0.935551 0.575856
vt 0.827070 0.619489
vt 0.812164 0.576331
vt 0.804317 0.536026
vt 0.866547 0.535709
vt 0.920929 0.532223
vt 1.040390 0.775343
vt 1.037920 0.890822
vt 1.092420 0.801853
vt 1.145259 0.828776
vt 1.086341 0.926002
vt 0.856669 0.380511
vt 0.866611 0.440255
vt 0.967538 0.380511
vt 0.982084 0.440255
vt 1.183552 0.500000
vt 1.078688 0.500000
vt 1.070824 0.559745
vt 1.163532 0.559745
vt 0.978988 0.500000
vt 0.973662 0.559745
vt 0.967538 0.619489
vt 1.055524 0.619489
vt 1.143511 0.619489
vt 1.055524 1.055524
vt 1.012081 1.012081
vt 0.967538 1.143511
vt 0.926002 1.086341
vt 0.890822 1.037920
vt 0.970147 0.970148
vt 0.928856 0.928856
vt 0.856723 0.990987
vt 0.827070 0.950173
vt 0.888621 0.888621
vt 0.920929 0.467777
vt 0.866547 0.464291
vt 0.875888 0.423748
vt 0.935551 0.424144
vt 0.804317 0.463974
vt 0.812164 0.423669
vt 0.827070 0.380511
vt 0.888621 0.380511
vt 0.950173 0.380511
vt 0.749510 0.619489
vt 0.740928 0.576332
vt 0.671951 0.619489
vt 0.664114 0.576331
vt 0.659989 0.536026
vt 0.735041 0.536026
vt 0.928856 0.928856
vt 0.856723 0.990987
vt 0.970147 0.970148
vt 1.012081 1.012081
vt 0.926002 1.086341
vt 1.143511 0.380511
vt 1.055524 0.380511
vt 1.070824 0.440255
vt 1.163532 0.440255
vt 0.967538 0.380511
vt 0.973662 0.440255
vt 0.869949 0.500000
vt 0.865587 0.559745
vt 0.751819 0.500000
vt 0.749019 0.559745
vt 0.745799 0.619489
vt 0.856669 0.619489
vt 0.856669 1.200002
vt 0.828776 1.145259
vt 0.745799 1.256492
vt 0.723962 1.189285
vt 0.705467 1.132363
vt 0.801853 1.092420
vt 0.775343 1.040390
vt 0.687540 1.077189
vt 0.671951 1.029210
vt 0.749510 0.989692
vt 0.735041 0.463974
vt 0.740928 0.423669
vt 0.659989 0.463974
vt 0.664114 0.423669
vt 0.671951 0.380511
vt 0.585976 0.619489
vt 0.583018 0.576332
vt 0.500000 0.619489
vt 0.500000 0.576331
vt 0.500000 0.536026
vt 0.580990 0.536026
vt 0.775343 1.040390
vt 0.687540 1.077189
vt 0.801853 1.092420
vt 0.828776 1.145259
vt 0.723963 1.189285
vt 0.856669 0.380511
vt 0.865587 0.440255
vt 0.745799 0.380511
vt 0.749019 0.440255
vt 0.627476 0.500000
vt 0.625973 0.559745
vt 0.500000 0.500000
vt 0.500000 0.559745
vt 0.622900 0.619489
vt 0.622900 1.275958
vt 0.613289 1.215275
vt 0.500000 1.295423
vt 0.500000 1.224758
vt 0.500000 1.164906
vt 0.604012 1.156703
vt 0.594877 1.099027
vt 0.500000 1.106893
vt 0.500000 1.056444
vt 0.585976 1.042827
vt 0.580990 0.463974
vt 0.583018 0.423669
vt 0.500000 0.463974
vt 0.500000 0.423669
vt 0.500000 0.380511
vt 0.585976 0.380511
vt 0.414025 0.619489
vt 0.416982 0.576332
vt 0.328049 0.619489
vt 0.335886 0.576331
vt 0.340011 0.536026
vt 0.419011 0.536026
vt 0.500000 1.106893
vt 0.500000 1.164906
vt 0.604012 1.156703
vt 0.613289 1.215275
vt 0.622900 0.380511
vt 0.625973 0.440255
vt 0.500000 0.440255
vt 0.372524 0.500000
vt 0.374027 0.559745
vt 0.248181 0.500000
vt 0.250981 0.559745
vt 0.254201 0.619489
vt 0.377100 0.619489
vt 0.377100 1.275958
vt 0.386712 1.215275
vt 0.254201 1.256492
vt 0.276038 1.189286
vt 0.294533 1.132363
vt 0.395989 1.156703
vt 0.405123 1.099027
vt 0.312460 1.077189
vt 0.328049 1.029210
vt 0.414025 1.042827
vt 0.419011 0.463974
vt 0.416982 0.423669
vt 0.340011 0.463974
vt 0.335886 0.423669
vt 0.328049 0.380511
vt 0.414025 0.380511
vt 0.250490 0.619489
vt 0.258611 0.576252
vt 0.172930 0.619489
vt 0.183553 0.575856
vt 0.194177 0.532223
vt 0.264623 0.535709
vt 0.405123 1.099027
vt 0.312460 1.077189
vt 0.294533 1.132363
vt 0.395988 1.156703
vt 0.276038 1.189286
vt 0.377100 0.380511
vt 0.374027 0.440255
vt 0.254201 0.380511
vt 0.250981 0.440255
vt 0.128250 0.500000
vt 0.133389 0.559745
vt 0.003370 0.500000
vt 0.017916 0.559745
vt 0.032462 0.619489
vt 0.143331 0.619489
vt 0.143331 1.200001
vt 0.171224 1.145259
vt 0.032462 1.143511
vt 0.073998 1.086341
vt 0.109178 1.037920
vt 0.198147 1.092420
vt 0.224657 1.040390
vt 0.143277 0.990987
vt 0.172930 0.950173
vt 0.250490 0.989692
vt 0.264623 0.464291
vt 0.258611 0.423748
vt 0.194177 0.467777
vt 0.183553 0.424144
vt 0.172930 0.380511
vt 0.250490 0.380511
vt 0.888621 0.619489
vt 0.875888 0.576252
vt 0.935551 0.575856
vt 0.827070 0.619489
vt 0.804317 0.536026
vt 0.866547 0.535709
vt 0.920929 0.532223
vt 0.109178 1.037920
vt 0.198147 1.092420
vt 0.171224 1.145259
vt 0.073998 1.086341
vt 0.143331 0.380511
vt 0.133389 0.440255
vt 0.032462 0.380511
vt 0.017916 0.440255
vt 1.078688 0.500000
vt 1.070824 0.559745
vt 1.163532 0.559745
vt 0.973662 0.559745
vt 0.967538 0.619489
vt 1.055524 0.619489
vt 1.143511 0.619489
vt -0.055524 1.055524
vt -0.012081 1.012081
vt -0.143511 0.967538
vt -0.086341 0.926002
vt -0.037920 0.890822
vt 0.029852 0.970147
vt 0.071144 0.928856
vt 0.009013 0.856723
vt 0.049827 0.827070
vt 0.111379 0.888621
vt 0.920929 0.467777
vt 0.866547 0.464291
vt 0.875888 0.423748
vt 0.935551 0.424144
vt 0.804317 0.463974
vt 0.827070 0.380511
vt 0.888621 0.380511
vt 0.740927 0.576331
vt 0.671951 0.619489
vt 0.664114 0.576332
vt 0.735041 0.536026
vt 0.071144 0.928856
vt 0.009013 0.856723
vt -0.037920 0.890822
vt 0.029852 0.970147
vt -0.012081 1.012081
vt -0.086341 0.926002
vt 1.143511 0.380511
vt 1.055524 0.380511
vt 1.163532 0.440255
vt 0.967538 0.380511
vt 0.973662 0.440255
vt 0.869949 0.500000
vt 0.865587 0.559745
vt 0.751819 0.500000
vt 0.749019 0.559745
vt 0.745799 0.619489
vt -0.200002 0.856669
vt -0.145259 0.828776
vt -0.256492 0.745799
vt -0.189285 0.723962
vt -0.132363 0.705467
vt -0.092420 0.801853
vt -0.040390 0.775343
vt -0.077189 0.687540
vt -0.029210 0.671951
vt 0.010308 0.749510
vt 0.735041 0.463974
vt 0.740927 0.423669
vt 0.659989 0.463974
vt 0.664114 0.423669
vt 0.671951 0.380511
vt 0.500000 0.536026
vt 0.580990 0.536026
vt -0.040390 0.775343
vt -0.077189 0.687540
vt -0.132363 0.705467
vt -0.092420 0.801853
vt -0.145259 0.828776
vt -0.189285 0.723962
vt 0.865587 0.440255
vt 0.745799 0.380511
vt 0.749019 0.440255
vt 0.627476 0.500000
vt 0.625973 0.559745
vt 0.500000 0.559745
vt 0.622900 0.619489
vt -0.275958 0.622900
vt -0.215275 0.613289
vt -0.295423 0.500000
vt -0.224758 0.500000
vt -0.164906 0.500000
vt -0.156703 0.604012
vt -0.099027 0.594877
vt -0.106893 0.500000
vt -0.056444 0.500000
vt -0.042827 0.585976
vt 0.500000 0.423669
vt 0.414025 0.619489
vt 0.416982 0.576332
vt 0.328049 0.619489
vt 0.335886 0.576331
vt 0.340011 0.536026
vt 0.419011 0.536026
vt -0.099027 0.594877
vt -0.164906 0.500000
vt -0.156703 0.604012
vt -0.215275 0.613289
vt -0.224758 0.500000
vt 0.622900 0.380511
vt 0.625973 0.440255
vt 0.500000 0.440255
vt 0.372524 0.500000
vt 0.374028 0.559745
vt 0.248181 0.500000
vt 0.250981 0.559745
vt 0.254201 0.619489
vt 0.377101 0.619489
vt -0.275958 0.377101
vt -0.215275 0.386712
vt -0.256492 0.254201
vt -0.189285 0.276038
vt -0.132363 0.294533
vt -0.156703 0.395989
vt -0.099027 0.405124
vt -0.077189 0.312460
vt -0.029210 0.328049
vt -0.042827 0.414025
vt 0.419011 0.463974
vt 0.416982 0.423669
vt 0.340011 0.463974
vt 0.335886 0.423669
vt 0.328049 0.380511
vt 0.414025 0.380511
vt 0.250490 0.619489
vt 0.259073 0.576332
vt 0.172930 0.619489
vt 0.187836 0.576331
vt 0.195683 0.536026
vt 0.264959 0.536026
vt -0.099027 0.405124
vt -0.077189 0.312460
vt -0.132363 0.294533
vt -0.215275 0.386712
vt -0.189285 0.276038
vt 0.377101 0.380511
vt 0.374028 0.440255
vt 0.254201 0.380511
vt 0.250981 0.440255
vt 0.130051 0.500000
vt 0.134414 0.559745
vt 0.021012 0.500000
vt 0.026338 0.559745
vt 0.032462 0.619489
vt 0.143332 0.619489
vt -0.200002 0.143332
vt -0.145259 0.171224
vt -0.143511 0.032462
vt -0.086341 0.073998
vt -0.037921 0.109178
vt -0.092420 0.198147
vt -0.040390 0.224658
vt 0.009013 0.143278
vt 0.049827 0.172930
vt 0.010308 0.250490
vt 0.264959 0.463974
vt 0.259073 0.423669
vt 0.195683 0.463974
vt 0.187836 0.423669
vt 0.172930 0.380511
vt 0.250490 0.380511
vt 0.111379 0.619489
vt 0.124112 0.576252
vt 0.049827 0.619489
vt 0.064449 0.575856
vt 0.079071 0.532223
vt 0.133453 0.535709
vt -0.040390 0.224658
vt 0.009013 0.143278
vt -0.037921 0.109178
vt -0.092420 0.198147
vt -0.145259 0.171224
vt -0.086341 0.073998
vt 0.143332 0.380511
vt 0.134414 0.440255
vt 0.032462 0.380511
vt 0.026338 0.440255
vt -0.078688 0.500000
vt -0.070824 0.559745
vt -0.183552 0.500000
vt -0.163531 0.559745
vt -0.143511 0.619489
vt -0.055524 0.619489
vt -0.055524 -0.055524
vt -0.012081 -0.012080
vt 0.032462 -0.143511
vt 0.073998 -0.086341
vt 0.109178 -0.037920
vt 0.029852 0.029853
vt 0.071144 0.071144
vt 0.143277 0.009014
vt 0.172930 0.049827
vt 0.111379 0.111379
vt 0.133453 0.464291
vt 0.124112 0.423748
vt 0.079071 0.467777
vt 0.064449 0.424144
vt 0.049827 0.380511
vt 0.111379 0.380511
vt 0.250490 0.619489
vt 0.258611 0.576252
vt 0.340011 0.536026
vt 0.264623 0.535709
vt 0.143277 0.009014
vt 0.109178 -0.037920
vt 0.029852 0.029853
vt -0.012081 -0.012080
vt 0.073998 -0.086341
vt -0.055524 0.380511
vt -0.070824 0.440255
vt -0.143511 0.380511
vt -0.163531 0.440255
vt 0.128250 0.500000
vt 0.133389 0.559745
vt 0.143331 -0.200001
vt 0.171224 -0.145259
vt 0.254201 -0.256492
vt 0.276038 -0.189285
vt 0.294533 -0.132363
vt 0.198147 -0.092420
vt 0.224657 -0.040390
vt 0.312460 -0.077189
vt 0.328049 -0.029210
vt 0.250490 0.010309
vt 0.264623 0.464291
vt 0.258611 0.423748
vt 0.340011 0.463974
vt 0.250490 0.380511
vt 0.500000 0.576331
vt 0.500000 0.536026
vt 0.224657 -0.040390
vt 0.312460 -0.077189
vt 0.294533 -0.132363
vt 0.198147 -0.092420
vt 0.171224 -0.145259
vt 0.276038 -0.189285
vt 0.133389 0.440255
vt 0.372524 0.500000
vt 0.374027 0.559745
vt 0.500000 0.500000
vt 0.377100 -0.275958
vt 0.386712 -0.215275
vt 0.500000 -0.295423
vt 0.500000 -0.224758
vt 0.500000 -0.164906
vt 0.395989 -0.156703
vt 0.405124 -0.099027
vt 0.500000 -0.106893
vt 0.500000 -0.056444
vt 0.414025 -0.042827
vt 0.419011 0.463974
vt 0.416982 0.423669
vt 0.500000 0.423669
vt 0.664114 0.576331
vt 0.405124 -0.099027
vt 0.500000 -0.106893
vt 0.500000 -0.164906
vt 0.395989 -0.156703
vt 0.386712 -0.215275
vt 0.374027 0.440255
vt 0.625973 0.559745
vt 0.622900 -0.275958
vt 0.613289 -0.215275
vt 0.745799 -0.256492
vt 0.723962 -0.189285
vt 0.705467 -0.132363
vt 0.604012 -0.156703
vt 0.594877 -0.099027
vt 0.687540 -0.077189
vt 0.671951 -0.029210
vt 0.585976 -0.042827
vt 0.580990 0.463974
vt 0.583018 0.423669
vt 0.749510 0.619489
vt 0.740927 0.576332
vt 0.827070 0.619489
vt 0.812164 0.576331
vt 0.804317 0.536026
vt 0.735041 0.536026
vt 0.594877 -0.099027
vt 0.687540 -0.077189
vt 0.705467 -0.132363
vt 0.604012 -0.156703
vt 0.613289 -0.215275
vt 0.723962 -0.189285
vt 0.749019 0.440255
vt 0.869949 0.500000
vt 0.978988 0.500000
vt 0.973662 0.559745
vt 0.967538 0.619489
vt 0.856669 0.619489
vt 0.856669 -0.200002
vt 0.828776 -0.145259
vt 0.967538 -0.143511
vt 0.926002 -0.086341
vt 0.890822 -0.037921
vt 0.801853 -0.092420
vt 0.775343 -0.040390
vt 0.856722 0.009013
vt 0.827070 0.049827
vt 0.749510 0.010308
vt 0.735041 0.463974
vt 0.804317 0.463974
vt 0.812164 0.423669
vt 0.827070 0.380511
vt 0.749510 0.380511
vt 0.888621 0.619489
vt 0.875888 0.576252
vt 0.950173 0.619489
vt 0.935551 0.575856
vt 0.920929 0.532223
vt 0.866547 0.535709
vt 0.775343 -0.040390
vt 0.890822 -0.037921
vt 0.828776 -0.145259
vt 0.926002 -0.086341
vt 0.856669 0.380511
vt 0.865587 0.440255
vt 0.967538 0.380511
vt 0.973662 0.440255
vt 1.078688 0.500000
vt 1.070824 0.559745
vt 1.183552 0.500000
vt 1.163531 0.559745
vt 1.143511 0.619489
vt 1.055524 0.619489
vt 1.055524 -0.055525
vt 1.012080 -0.012081
vt 1.143510 0.032462
vt 1.086341 0.073998
vt 1.037920 0.109178
vt 0.970147 0.029852
vt 0.928856 0.071144
vt 0.990986 0.143277
vt 0.950173 0.172930
vt 0.888621 0.111378
vt 0.866547 0.464291
vt 0.875888 0.423748
vt 0.920929 0.467777
vt 0.935551 0.424144
vt 0.950173 0.380511
vt 0.888621 0.380511
vt 0.172930 0.619489
vt 0.250490 0.619489
vt 0.258611 0.576252
vt 0.183553 0.575856
vt 0.328049 0.619489
vt 0.335886 0.576331
vt 0.340011 0.536026
vt 0.264623 0.535709
vt 0.194177 0.532223
vt 0.990986 0.143277
vt 1.037920 0.109178
vt 0.970147 0.029852
vt 1.012080 -0.012081
vt 1.086341 0.073998
vt 1.055524 0.380511
vt 1.070824 0.440255
vt 1.143511 0.380511
vt 1.163531 0.440255
vt 0.003370 0.500000
vt 0.128250 0.500000
vt 0.133389 0.559745
vt 0.017916 0.559745
vt 0.248181 0.500000
vt 0.250981 0.559745
vt 0.254201 0.619489
vt 0.143331 0.619489
vt 0.032462 0.619489
vt 1.200001 0.143331
vt 1.145259 0.171224
vt 1.256492 0.254201
vt 1.189285 0.276037
vt 1.132363 0.294533
vt 1.092420 0.198147
vt 1.040390 0.224657
vt 1.077189 0.312460
vt 1.029210 0.328049
vt 0.989691 0.250490
vt 0.194177 0.467777
vt 0.264623 0.464291
vt 0.258611 0.423748
vt 0.183553 0.424144
vt 0.250490 0.380511
vt 0.172930 0.380511
vt 1.040390 0.224657
vt 1.077189 0.312460
vt 1.132363 0.294533
vt 1.092420 0.198147
vt 1.145259 0.171224
vt 0.032462 0.380511
vt 0.143331 0.380511
vt 0.133389 0.440255
vt 0.017916 0.440255
vt 0.254201 0.380511
vt 0.250981 0.440255
vt 0.372524 0.500000
vt 0.374027 0.559745
vt 0.377100 0.619489
vt 1.275958 0.377100
vt 1.215275 0.386711
vt 1.156703 0.395988
vt 1.099027 0.405123
vt 1.042827 0.414025
vt 0.585975 0.619489
vt 0.583018 0.576332
vt 0.500000 0.576331
vt 0.671951 0.619489
vt 0.664114 0.576331
vt 0.659989 0.536026
vt 0.580990 0.536026
vt 0.500000 0.536026
vt 0.741389 0.576252
vt 0.827070 0.619489
vt 0.816447 0.575856
vt 0.805823 0.532223
vt 0.735377 0.535709
vt 1.099027 0.405123
vt 1.156703 0.395988
vt 1.215275 0.386711
vt 0.377100 0.380511
vt 0.374027 0.440255
vt 0.580294 0.500000
vt 0.500000 0.500000
vt 0.658616 0.500000
vt 0.733501 0.500000
vt 0.805823 0.500000
vt 0.863600 0.500000
vt 0.920930 0.500000
vt 0.801705 0.500000
vt 0.733023 0.500000
vt 0.658616 0.500000
vt 0.580294 0.500000
vt 0.419706 0.500000
vt 0.341385 0.500000
vt 0.266499 0.500000
vt 0.194177 0.500000
vt 0.863599 0.500000
vt 0.920929 0.500000
vt 0.801705 0.500000
vt 0.733023 0.500000
vt 0.658616 0.500000
vt 0.419706 0.500000
vt 0.341385 0.500000
vt 0.266977 0.500000
vt 0.198296 0.500000
vt 0.136401 0.500000
vt 0.079071 0.500000
vt 0.266499 0.500000
vt 0.419706 0.500000
vt 0.500000 0.500000
vt 0.733023 0.500000
vt 0.801705 0.500000
vt 0.863599 0.500000
vt 0.266499 0.500000
vt 0.194177 0.500000
vt 0.341384 0.500000
vt 0.500000 0.463974
vt 0.419706 0.500000
vt 0.500000 0.500000
vt 0.340011 0.463974
vt 0.341384 0.500000
vt 0.340011 0.536026
vt 0.419010 0.536026
vt 0.500000 0.536026
vt 0.414025 0.619489
vt 0.416982 0.576332
vt 0.419010 0.536026
vt 0.500000 0.500000
vt 0.500000 0.559745
vt 0.625973 0.559745
vt 0.627476 0.500000
vt 0.749019 0.559745
vt 0.751819 0.500000
vt 1.215276 0.613289
vt 1.164906 0.500000
vt 1.189286 0.723962
vt 1.077189 0.687540
vt 0.500000 0.463974
vt 0.500000 0.423669
vt 0.580990 0.463974
vt 0.659989 0.463974
vt 0.340011 0.463974
vt 0.335886 0.423669
vt 0.419010 0.463974
vt 1.099027 0.594877
vt 1.156703 0.604011
vt 1.189286 0.723962
vt 0.500000 0.440255
vt 0.866611 0.559745
vt 0.871750 0.500000
vt 1.092420 0.801853
vt 1.037920 0.890822
vt 1.086341 0.926002
vt 1.040390 0.775343
vt 0.741389 0.423748
vt 0.735377 0.464291
vt 0.875888 0.576252
vt 0.866547 0.535709
vt 0.812164 0.576332
vt 1.040390 0.775342
vt 1.092420 0.801853
vt 1.037920 0.890822
vt 0.990987 0.856723
vt 1.145259 0.828776
vt 1.086341 0.926002
vt 0.866610 0.440255
vt 1.070824 0.559745
vt 1.078688 0.500000
vt 0.973662 0.559745
vt 0.978988 0.500000
vt 0.970147 0.970148
vt 0.890822 1.037920
vt 0.926002 1.086341
vt 0.928856 0.928856
vt 0.804317 0.463974
vt 0.740927 0.576332
vt 0.664114 0.576332
vt 0.928856 0.928856
vt 0.856723 0.990987
vt 1.070824 0.440255
vt 0.973662 0.440255
vt 0.865587 0.559745
vt 0.869949 0.500000
vt 0.749019 0.559745
vt 0.751819 0.500000
vt 0.828776 1.145259
vt 0.801853 1.092420
vt 0.723962 1.189285
vt 0.687540 1.077189
vt 0.740927 0.423669
vt 0.735041 0.463974
vt 0.664114 0.423669
vt 0.659989 0.463974
vt 0.500000 0.576332
vt 0.687540 1.077189
vt 0.625973 0.559745
vt 0.627476 0.500000
vt 0.500000 0.559745
vt 0.500000 0.500000
vt 0.613289 1.215275
vt 0.604012 1.156703
vt 0.500000 1.224758
vt 0.500000 1.106893
vt 0.580990 0.463974
vt 0.500000 0.463974
vt 0.416982 0.576332
vt 0.419011 0.536026
vt 0.335886 0.576332
vt 0.374027 0.559745
vt 0.372524 0.500000
vt 0.250981 0.559745
vt 0.248181 0.500000
vt 0.386712 1.215276
vt 0.395989 1.156703
vt 0.294533 1.132363
vt 0.405123 1.099027
vt 0.312460 1.077189
vt 0.416982 0.423669
vt 0.419011 0.463974
vt 0.335886 0.423669
vt 0.340011 0.463974
vt 0.258611 0.576252
vt 0.386712 1.215275
vt 0.133389 0.559745
vt 0.128250 0.500000
vt 0.198147 1.092420
vt 0.109178 1.037920
vt 0.073998 1.086341
vt 0.224657 1.040390
vt 0.143277 0.990986
vt 0.258611 0.423748
vt 0.875888 0.576252
vt 0.866547 0.535709
vt 0.812164 0.576332
vt 0.224657 1.040390
vt 0.143277 0.990987
vt 1.078688 0.500000
vt 0.973662 0.559745
vt 0.978988 0.500000
vt -0.012081 1.012081
vt 0.029852 0.970147
vt -0.086341 0.926002
vt 0.071144 0.928856
vt 0.009013 0.856723
vt 0.875888 0.423748
vt 0.866547 0.464291
vt 0.812164 0.423669
vt 0.804317 0.463974
vt 0.735041 0.536026
vt 0.664114 0.576332
vt 0.009013 0.856723
vt -0.012081 1.012081
vt -0.086341 0.926002
vt 0.865587 0.559745
vt 0.749019 0.559745
vt -0.145259 0.828776
vt -0.132363 0.705467
vt -0.189285 0.723962
vt -0.040390 0.775343
vt 0.735041 0.463974
vt 0.659989 0.463974
vt 0.583018 0.576332
vt -0.040390 0.775343
vt -0.092420 0.801853
vt 0.627476 0.500000
vt -0.156703 0.604012
vt -0.164906 0.500000
vt -0.224758 0.500000
vt -0.106893 0.500000
vt 0.340011 0.536026
vt 0.335886 0.576332
vt -0.215275 0.613288
vt 0.374028 0.559745
vt 0.372524 0.500000
vt 0.250981 0.559745
vt 0.248181 0.500000
vt -0.215275 0.386712
vt -0.156703 0.395989
vt -0.132363 0.294533
vt -0.099027 0.405124
vt -0.077189 0.312460
vt 0.416982 0.423669
vt 0.419011 0.463974
vt 0.340011 0.463974
vt 0.259073 0.576332
vt 0.264959 0.536026
vt 0.187836 0.576332
vt -0.077189 0.312460
vt 0.374028 0.440255
vt 0.134414 0.559745
vt 0.130051 0.500000
vt 0.026338 0.559745
vt 0.021012 0.500000
vt -0.145259 0.171224
vt -0.092420 0.198147
vt -0.037921 0.109178
vt -0.040390 0.224658
vt 0.259073 0.423669
vt 0.264959 0.463974
vt 0.187836 0.423669
vt 0.195683 0.463974
vt 0.124112 0.576252
vt 0.133453 0.535709
vt -0.040390 0.224658
vt -0.037921 0.109178
vt 0.009013 0.143278
vt -0.145259 0.171224
vt -0.086341 0.073998
vt 0.134414 0.440255
vt -0.012081 -0.012080
vt 0.029852 0.029853
vt 0.073998 -0.086341
vt 0.143277 0.009014
vt 0.124112 0.423748
vt 0.133453 0.464291
vt 0.258611 0.576252
vt 0.109178 -0.037920
vt 0.143277 0.009014
vt -0.070824 0.440255
vt 0.250981 0.559745
vt 0.248181 0.500000
vt 0.171224 -0.145259
vt 0.198147 -0.092420
vt 0.276038 -0.189285
vt 0.264623 0.464291
vt 0.340011 0.463974
vt 0.500000 0.576332
vt 0.312460 -0.077189
vt 0.171224 -0.145259
vt 0.372524 0.500000
vt 0.386712 -0.215275
vt 0.500000 -0.224758
vt 0.405123 -0.099027
vt 0.500000 -0.106893
vt 0.419011 0.463974
vt 0.583018 0.576332
vt 0.659989 0.536026
vt 0.405123 -0.099027
vt 0.395988 -0.156703
vt 0.500000 -0.106893
vt 0.386712 -0.215275
vt 0.500000 -0.224758
vt 0.625973 0.559745
vt 0.627476 0.500000
vt 0.751819 0.500000
vt 0.604012 -0.156703
vt 0.687540 -0.077189
vt 0.583018 0.423669
vt 0.659989 0.463974
vt 0.804317 0.536026
vt 0.812164 0.576332
vt 0.594877 -0.099027
vt 0.687540 -0.077189
vt 0.613289 -0.215275
vt 0.723963 -0.189285
vt 0.865587 0.559745
vt 0.869949 0.500000
vt 0.973662 0.559745
vt 0.978988 0.500000
vt 0.828776 -0.145259
vt 0.801853 -0.092420
vt 0.775343 -0.040390
vt 0.856722 0.009013
vt 0.735041 0.463974
vt 0.804317 0.463974
vt 0.875888 0.576252
vt 0.866547 0.535709
vt 0.775342 -0.040390
vt 0.801853 -0.092420
vt 0.856722 0.009013
vt 0.926002 -0.086341
vt 0.865587 0.440255
vt 0.973662 0.440255
vt 1.070823 0.559745
vt 1.078688 0.500000
vt 0.928856 0.071144
vt 0.990986 0.143277
vt 0.875888 0.423748
vt 0.866547 0.464291
vt 0.258611 0.576252
vt 0.264623 0.535709
vt 0.340011 0.536026
vt 0.335886 0.576332
vt 0.970147 0.029852
vt 1.037920 0.109178
vt 0.990986 0.143277
vt 1.012080 -0.012081
vt 1.086341 0.073998
vt 1.070824 0.440255
vt 0.133389 0.559745
vt 0.128250 0.500000
vt 0.250981 0.559745
vt 0.248181 0.500000
vt 1.132363 0.294533
vt 1.189285 0.276037
vt 1.040390 0.224657
vt 1.077189 0.312460
vt 0.258611 0.423748
vt 0.133389 0.440255
vt 0.250981 0.440255
vt 0.374027 0.559745
vt 0.372524 0.500000
vt 1.215275 0.386711
vt 1.156703 0.395988
vt 0.500000 0.576332
vt 0.583018 0.576332
vt 0.664114 0.576332
vt 0.741389 0.576252
vt 0.735377 0.535709
vt 1.099027 0.405123
vt 0.733501 0.500000
vt 0.863600 0.500000
vt 0.341384 0.500000
vt 0.801705 0.500000
vt 0.733023 0.500000
vt 0.341385 0.500000
vt 0.419706 0.500000
vt 0.580294 0.500000
vt 0.801705 0.500000
vt 0.863599 0.500000
vt 0.500000 0.463974
vt 0.419706 0.500000
vt 0.500000 0.536026
vt 0.419010 0.536026
vt 0.416982 0.576332
s 1
usemtl Procedural_Tyre_Material
f 1557/1794/549 1918/1795/730 2637/1796/1069 1917/1797/729
f 1918/1795/730 1564/1798/556 1919/1799/731 2637/1796/1069
f 2637/1796/1069 1919/1799/731 1565/1800/557 1920/1801/732
f 1917/1797/729 2637/1796/1069 1920/1801/732 1558/1802/550
f 1558/1803/550 1920/1804/732 2638/1805/1070 1921/1806/733
f 1920/1804/732 1565/1807/557 1922/1808/734 2638/1805/1070
f 2638/1805/1070 1922/1808/734 1566/1809/558 1923/1810/735
f 1921/1806/733 2638/1805/1070 1923/1810/735 1559/1811/551
f 1559/1811/551 1923/1810/735 2639/1812/1071 1924/1813/736
f 1923/1810/735 1566/1809/558 1925/1814/737 2639/1812/1071
f 2639/1812/1071 1925/1814/737 1567/1815/559 1926/1816/738
f 1924/1813/736 2639/1812/1071 1926/1816/738 1560/1817/552
f 1697/1818/689 2180/1819/990 2640/1820/1072 2240/1821/1032
f 2180/1819/990 1700/1822/692 2241/1823/1033 2640/1820/1072
f 2640/1820/1072 2241/1823/1033 1568/1824/560 1927/1825/739
f 2240/1821/1032 2640/1820/1072 1927/1825/739 1561/1826/553
f 1736/1827/728 2235/1828/1027 2641/1829/1073 2242/1830/1034
f 2235/1828/1027 1697/1818/689 2240/1821/1032 2641/1829/1073
f 2641/1829/1073 2240/1821/1032 1561/1826/553 2174/1831/986
f 2242/1830/1034 2641/1829/1073 2174/1831/986 1694/1832/686
f 1561/1817/553 1927/1816/739 2642/1833/1074 1928/1834/740
f 1927/1816/739 1568/1815/560 1929/1835/741 2642/1833/1074
f 2642/1833/1074 1929/1835/741 1569/1836/561 1930/1837/742
f 1928/1834/740 2642/1833/1074 1930/1837/742 1562/1811/554
f 1562/1811/554 1930/1837/742 2643/1838/1075 1931/1806/743
f 1930/1837/742 1569/1836/561 1932/1808/744 2643/1838/1075
f 2643/1838/1075 1932/1808/744 1570/1807/562 1933/1804/745
f 1931/1806/743 2643/1838/1075 1933/1804/745 1563/1803/555
f 1563/1826/555 1933/1839/745 2644/1840/1076 1934/1841/746
f 1933/1839/745 1570/1842/562 1935/1843/747 2644/1840/1076
f 2644/1840/1076 1935/1843/747 1564/1798/556 1918/1795/730
f 1934/1841/746 2644/1840/1076 1918/1795/730 1557/1794/549
f 1564/1798/556 1936/1844/748 2645/1845/1077 1919/1799/731
f 1936/1844/748 1571/1846/563 1937/1847/749 2645/1845/1077
f 2645/1845/1077 1937/1847/749 1572/1848/564 1938/1849/750
f 1919/1799/731 2645/1845/1077 1938/1849/750 1565/1800/557
f 1565/1807/557 1938/1850/750 2646/1851/1078 1922/1808/734
f 1938/1850/750 1572/1852/564 1939/1853/751 2646/1851/1078
f 2646/1851/1078 1939/1853/751 1573/1854/565 1940/1855/752
f 1922/1808/734 2646/1851/1078 1940/1855/752 1566/1809/558
f 1566/1809/558 1940/1855/752 2647/1856/1079 1925/1814/737
f 1940/1855/752 1573/1854/565 1941/1857/753 2647/1856/1079
f 2647/1856/1079 1941/1857/753 1574/1858/566 1942/1859/754
f 1925/1814/737 2647/1856/1079 1942/1859/754 1567/1815/559
f 1700/1822/692 2183/1860/992 2648/1861/1080 2241/1823/1033
f 2183/1860/992 1702/1862/694 2244/1863/1036 2648/1861/1080
f 2648/1861/1080 2244/1863/1036 1575/1864/567 1943/1865/755
f 2241/1823/1033 2648/1861/1080 1943/1865/755 1568/1824/560
f 1574/1866/566 1955/1867/767 2649/1868/1081 2243/1869/1035
f 1955/1867/767 1581/1870/573 2245/1871/1037 2649/1868/1081
f 2649/1868/1081 2245/1871/1037 1703/1872/695 2184/1873/993
f 2243/1869/1035 2649/1868/1081 2184/1873/993 1701/1874/693
f 1568/1815/560 1943/1859/755 2650/1875/1082 1929/1835/741
f 1943/1859/755 1575/1858/567 1944/1857/756 2650/1875/1082
f 2650/1875/1082 1944/1857/756 1576/1876/568 1945/1877/757
f 1929/1835/741 2650/1875/1082 1945/1877/757 1569/1836/561
f 1569/1836/561 1945/1877/757 2651/1878/1083 1932/1808/744
f 1945/1877/757 1576/1876/568 1946/1879/758 2651/1878/1083
f 2651/1878/1083 1946/1879/758 1577/1852/569 1947/1850/759
f 1932/1808/744 2651/1878/1083 1947/1850/759 1570/1807/562
f 1570/1842/562 1947/1880/759 2652/1881/1084 1935/1843/747
f 1947/1880/759 1577/1882/569 1948/1883/760 2652/1881/1084
f 2652/1881/1084 1948/1883/760 1571/1846/563 1936/1844/748
f 1935/1843/747 2652/1881/1084 1936/1844/748 1564/1798/556
f 1571/1884/563 1949/1885/761 2653/1886/1085 1937/1887/749
f 1949/1885/761 1578/1888/570 1950/1889/762 2653/1886/1085
f 2653/1886/1085 1950/1889/762 1579/1890/571 1951/1891/763
f 1937/1887/749 2653/1886/1085 1951/1891/763 1572/1892/564
f 1572/1852/564 1951/1893/763 2654/1894/1086 1939/1853/751
f 1951/1893/763 1579/1895/571 1952/1896/764 2654/1894/1086
f 2654/1894/1086 1952/1896/764 1580/1897/572 1953/1898/765
f 1939/1853/751 2654/1894/1086 1953/1898/765 1573/1854/565
f 1573/1854/565 1953/1898/765 2655/1899/1087 1941/1857/753
f 1953/1898/765 1580/1897/572 1954/1900/766 2655/1899/1087
f 2655/1899/1087 1954/1900/766 1581/1901/573 1955/1902/767
f 1941/1857/753 2655/1899/1087 1955/1902/767 1574/1858/566
f 1702/1903/694 2186/1904/994 2656/1905/1088 2244/1906/1036
f 2186/1904/994 1704/1907/696 2246/1908/1038 2656/1905/1088
f 2656/1905/1088 2246/1908/1038 1582/1909/574 1956/1910/768
f 2244/1906/1036 2656/1905/1088 1956/1910/768 1575/1911/567
f 1581/1870/573 1968/1912/780 2657/1913/1089 2245/1871/1037
f 1968/1912/780 1588/1914/580 2247/1915/1039 2657/1913/1089
f 2657/1913/1089 2247/1915/1039 1705/1916/697 2187/1917/995
f 2245/1871/1037 2657/1913/1089 2187/1917/995 1703/1872/695
f 1575/1858/567 1956/1902/768 2658/1918/1090 1944/1857/756
f 1956/1902/768 1582/1901/574 1957/1919/769 2658/1918/1090
f 2658/1918/1090 1957/1919/769 1583/1897/575 1958/1920/770
f 1944/1857/756 2658/1918/1090 1958/1920/770 1576/1876/568
f 1576/1876/568 1958/1920/770 2659/1921/1091 1946/1879/758
f 1958/1920/770 1583/1897/575 1959/1922/771 2659/1921/1091
f 2659/1921/1091 1959/1922/771 1584/1895/576 1960/1893/772
f 1946/1879/758 2659/1921/1091 1960/1893/772 1577/1852/569
f 1577/1923/569 1960/1924/772 2660/1925/1092 1948/1926/760
f 1960/1924/772 1584/1927/576 1961/1928/773 2660/1925/1092
f 2660/1925/1092 1961/1928/773 1578/1888/570 1949/1885/761
f 1948/1926/760 2660/1925/1092 1949/1885/761 1571/1884/563
f 1578/1888/570 1962/1929/774 2661/1930/1093 1950/1889/762
f 1962/1929/774 1585/1931/577 1963/1932/775 2661/1930/1093
f 2661/1930/1093 1963/1932/775 1586/1933/578 1964/1934/776
f 1950/1889/762 2661/1930/1093 1964/1934/776 1579/1890/571
f 1579/1895/571 1964/1935/776 2662/1936/1094 1952/1896/764
f 1964/1935/776 1586/1937/578 1965/1938/777 2662/1936/1094
f 2662/1936/1094 1965/1938/777 1587/1939/579 1966/1940/778
f 1952/1896/764 2662/1936/1094 1966/1940/778 1580/1897/572
f 1580/1897/572 1966/1940/778 2663/1941/1095 1954/1900/766
f 1966/1940/778 1587/1939/579 1967/1942/779 2663/1941/1095
f 2663/1941/1095 1967/1942/779 1588/1943/580 1968/1944/780
f 1954/1900/766 2663/1941/1095 1968/1944/780 1581/1901/573
f 1704/1907/696 2189/1945/996 2664/1946/1096 2246/1908/1038
f 2189/1945/996 1706/1947/698 2248/1948/1040 2664/1946/1096
f 2664/1946/1096 2248/1948/1040 1589/1949/581 1969/1865/781
f 2246/1908/1038 2664/1946/1096 1969/1865/781 1582/1909/574
f 1588/1914/580 1981/1950/793 2665/1951/1097 2247/1915/1039
f 1981/1950/793 1595/1952/587 2249/1953/1041 2665/1951/1097
f 2665/1951/1097 2249/1953/1041 1707/1954/699 2190/1955/997
f 2247/1915/1039 2665/1951/1097 2190/1955/997 1705/1916/697
f 1582/1901/574 1969/1944/781 2666/1956/1098 1957/1919/769
f 1969/1944/781 1589/1943/581 1970/1957/782 2666/1956/1098
f 2666/1956/1098 1970/1957/782 1590/1939/582 1971/1958/783
f 1957/1919/769 2666/1956/1098 1971/1958/783 1583/1897/575
f 1583/1897/575 1971/1958/783 2667/1959/1099 1959/1922/771
f 1971/1958/783 1590/1939/582 1972/1960/784 2667/1959/1099
f 2667/1959/1099 1972/1960/784 1591/1937/583 1973/1935/785
f 1959/1922/771 2667/1959/1099 1973/1935/785 1584/1895/576
f 1584/1927/576 1973/1961/785 2668/1962/1100 1961/1928/773
f 1973/1961/785 1591/1963/583 1974/1964/786 2668/1962/1100
f 2668/1962/1100 1974/1964/786 1585/1931/577 1962/1929/774
f 1961/1928/773 2668/1962/1100 1962/1929/774 1578/1888/570
f 1585/1931/577 1975/1965/787 2669/1966/1101 1963/1932/775
f 1975/1965/787 1592/1967/584 1976/1968/788 2669/1966/1101
f 2669/1966/1101 1976/1968/788 1593/1952/585 1977/1969/789
f 1963/1932/775 2669/1966/1101 1977/1969/789 1586/1933/578
f 1586/1937/578 1977/1970/789 2670/1971/1102 1965/1938/777
f 1977/1970/789 1593/1972/585 1978/1973/790 2670/1971/1102
f 2670/1971/1102 1978/1973/790 1594/1974/586 1979/1975/791
f 1965/1938/777 2670/1971/1102 1979/1975/791 1587/1939/579
f 1587/1939/579 1979/1975/791 2671/1976/1103 1967/1942/779
f 1979/1975/791 1594/1974/586 1980/1977/792 2671/1976/1103
f 2671/1976/1103 1980/1977/792 1595/1978/587 1981/1979/793
f 1967/1942/779 2671/1976/1103 1981/1979/793 1588/1943/580
f 1706/1947/698 2192/1980/998 2672/1981/1104 2248/1948/1040
f 2192/1980/998 1708/1982/700 2250/1983/1042 2672/1981/1104
f 2672/1981/1104 2250/1983/1042 1596/1984/588 1982/1985/794
f 2248/1948/1040 2672/1981/1104 1982/1985/794 1589/1949/581
f 1595/1952/587 1994/1986/806 2673/1987/1105 2249/1953/1041
f 1994/1986/806 1602/1988/594 2251/1989/1043 2673/1987/1105
f 2673/1987/1105 2251/1989/1043 1709/1990/701 2193/1991/999
f 2249/1953/1041 2673/1987/1105 2193/1991/999 1707/1954/699
f 1589/1943/581 1982/1979/794 2674/1976/1106 1970/1957/782
f 1982/1979/794 1596/1978/588 1983/1992/795 2674/1976/1106
f 2674/1976/1106 1983/1992/795 1597/1993/589 1984/1994/796
f 1970/1957/782 2674/1976/1106 1984/1994/796 1590/1939/582
f 1590/1939/582 1984/1994/796 2675/1995/1107 1972/1960/784
f 1984/1994/796 1597/1993/589 1985/1973/797 2675/1995/1107
f 2675/1995/1107 1985/1973/797 1598/1972/590 1986/1970/798
f 1972/1960/784 2675/1995/1107 1986/1970/798 1591/1937/583
f 1591/1963/583 1986/1996/798 2676/1997/1108 1974/1964/786
f 1986/1996/798 1598/1984/590 1987/1998/799 2676/1997/1108
f 2676/1997/1108 1987/1998/799 1592/1967/584 1975/1965/787
f 1974/1964/786 2676/1997/1108 1975/1965/787 1585/1931/577
f 1592/1967/584 1988/1999/800 2677/2000/1109 1976/1968/788
f 1988/1999/800 1599/2001/591 1989/2002/801 2677/2000/1109
f 2677/2000/1109 1989/2002/801 1600/2003/592 1990/2004/802
f 1976/1968/788 2677/2000/1109 1990/2004/802 1593/1952/585
f 1593/1972/585 1990/2005/802 2678/2006/1110 1978/1973/790
f 1990/2005/802 1600/2007/592 1991/2008/803 2678/2006/1110
f 2678/2006/1110 1991/2008/803 1601/2009/593 1992/2010/804
f 1978/1973/790 2678/2006/1110 1992/2010/804 1594/1974/586
f 1594/1974/586 1992/2010/804 2679/2011/1111 1980/1977/792
f 1992/2010/804 1601/2009/593 1993/2012/805 2679/2011/1111
f 2679/2011/1111 1993/2012/805 1602/2013/594 1994/2014/806
f 1980/1977/792 2679/2011/1111 1994/2014/806 1595/1978/587
f 1708/1982/700 2195/2015/1000 2680/2016/1112 2250/1983/1042
f 2195/2015/1000 1710/2017/702 2252/2018/1044 2680/2016/1112
f 2680/2016/1112 2252/2018/1044 1603/2019/595 1995/2020/807
f 2250/1983/1042 2680/2016/1112 1995/2020/807 1596/1984/588
f 1602/1988/594 2007/2021/819 2681/2022/1113 2251/1989/1043
f 2007/2021/819 1609/2023/601 2253/2024/1045 2681/2022/1113
f 2681/2022/1113 2253/2024/1045 1711/2025/703 2196/2026/1001
f 2251/1989/1043 2681/2022/1113 2196/2026/1001 1709/1990/701
f 1596/1978/588 1995/2014/807 2682/2027/1114 1983/1992/795
f 1995/2014/807 1603/2013/595 1996/2028/808 2682/2027/1114
f 2682/2027/1114 1996/2028/808 1604/2029/596 1997/2030/809
f 1983/1992/795 2682/2027/1114 1997/2030/809 1597/1993/589
f 1597/1993/589 1997/2030/809 2683/2006/1115 1985/1973/797
f 1997/2030/809 1604/2029/596 1998/2031/810 2683/2006/1115
f 2683/2006/1115 1998/2031/810 1605/2007/597 1999/2005/811
f 1985/1973/797 2683/2006/1115 1999/2005/811 1598/1972/590
f 1598/1984/590 1999/2032/811 2684/2033/1116 1987/1998/799
f 1999/2032/811 1605/2034/597 2000/2035/812 2684/2033/1116
f 2684/2033/1116 2000/2035/812 1599/2001/591 1988/1999/800
f 1987/1998/799 2684/2033/1116 1988/1999/800 1592/1967/584
f 1599/2001/591 2001/2036/813 2685/2037/1117 1989/2002/801
f 2001/2036/813 1606/2038/598 2002/2039/814 2685/2037/1117
f 2685/2037/1117 2002/2039/814 1607/2040/599 2003/2041/815
f 1989/2002/801 2685/2037/1117 2003/2041/815 1600/2003/592
f 1600/2007/592 2003/2042/815 2686/2043/1118 1991/2008/803
f 2003/2042/815 1607/2044/599 2004/2045/816 2686/2043/1118
f 2686/2043/1118 2004/2045/816 1608/2046/600 2005/2047/817
f 1991/2008/803 2686/2043/1118 2005/2047/817 1601/2009/593
f 1601/2009/593 2005/2047/817 2687/2048/1119 1993/2012/805
f 2005/2047/817 1608/2046/600 2006/2049/818 2687/2048/1119
f 2687/2048/1119 2006/2049/818 1609/2050/601 2007/2051/819
f 1993/2012/805 2687/2048/1119 2007/2051/819 1602/2013/594
f 1710/2017/702 2198/2052/1002 2688/2053/1120 2252/2018/1044
f 2198/2052/1002 1712/2054/704 2254/2055/1046 2688/2053/1120
f 2688/2053/1120 2254/2055/1046 1610/2056/602 2008/2057/820
f 2252/2018/1044 2688/2053/1120 2008/2057/820 1603/2019/595
f 1609/1866/601 2020/2058/832 2689/2059/1121 2253/2060/1045
f 2020/2058/832 1616/2061/608 2255/1871/1047 2689/2059/1121
f 2689/2059/1121 2255/1871/1047 1713/2062/705 2199/2063/1003
f 2253/2060/1045 2689/2059/1121 2199/2063/1003 1711/2064/703
f 1603/2013/595 2008/2051/820 2690/2048/1122 1996/2028/808
f 2008/2051/820 1610/2050/602 2009/2049/821 2690/2048/1122
f 2690/2048/1122 2009/2049/821 1611/2065/603 2010/2066/822
f 1996/2028/808 2690/2048/1122 2010/2066/822 1604/2029/596
f 1604/2029/596 2010/2066/822 2691/2067/1123 1998/2031/810
f 2010/2066/822 1611/2065/603 2011/2068/823 2691/2067/1123
f 2691/2067/1123 2011/2068/823 1612/2044/604 2012/2042/824
f 1998/2031/810 2691/2067/1123 2012/2042/824 1605/2007/597
f 1605/2034/597 2012/2069/824 2692/2070/1124 2000/2035/812
f 2012/2069/824 1612/2071/604 2013/2072/825 2692/2070/1124
f 2692/2070/1124 2013/2072/825 1606/2038/598 2001/2036/813
f 2000/2035/812 2692/2070/1124 2001/2036/813 1599/2001/591
f 1606/1884/598 2014/2073/826 2693/2074/1125 2002/2075/814
f 2014/2073/826 1613/1888/605 2015/2076/827 2693/2074/1125
f 2693/2074/1125 2015/2076/827 1614/2077/606 2016/2078/828
f 2002/2075/814 2693/2074/1125 2016/2078/828 1607/2079/599
f 1607/2044/599 2016/2080/828 2694/2081/1126 2004/2045/816
f 2016/2080/828 1614/2082/606 2017/2083/829 2694/2081/1126
f 2694/2081/1126 2017/2083/829 1615/2084/607 2018/2085/830
f 2004/2045/816 2694/2081/1126 2018/2085/830 1608/2046/600
f 1608/2046/600 2018/2085/830 2695/2086/1127 2006/2049/818
f 2018/2085/830 1615/2084/607 2019/2087/831 2695/2086/1127
f 2695/2086/1127 2019/2087/831 1616/2088/608 2020/2089/832
f 2006/2049/818 2695/2086/1127 2020/2089/832 1609/2050/601
f 1712/2090/704 2201/2091/1004 2696/2092/1128 2254/2093/1046
f 2201/2091/1004 1714/2094/706 2256/1908/1048 2696/2092/1128
f 2696/2092/1128 2256/1908/1048 1617/2095/609 2021/2096/833
f 2254/2093/1046 2696/2092/1128 2021/2096/833 1610/1911/602
f 1616/2061/608 2033/1912/845 2697/2097/1129 2255/1871/1047
f 2033/1912/845 1623/2098/615 2257/2099/1049 2697/2097/1129
f 2697/2097/1129 2257/2099/1049 1715/1916/707 2202/2100/1005
f 2255/1871/1047 2697/2097/1129 2202/2100/1005 1713/2062/705
f 1610/2050/602 2021/2089/833 2698/2101/1130 2009/2049/821
f 2021/2089/833 1617/2088/609 2022/2102/834 2698/2101/1130
f 2698/2101/1130 2022/2102/834 1618/2103/610 2023/2104/835
f 2009/2049/821 2698/2101/1130 2023/2104/835 1611/2065/603
f 1611/2065/603 2023/2104/835 2699/2105/1131 2011/2068/823
f 2023/2104/835 1618/2103/610 2024/2106/836 2699/2105/1131
f 2699/2105/1131 2024/2106/836 1619/2082/611 2025/2080/837
f 2011/2068/823 2699/2105/1131 2025/2080/837 1612/2044/604
f 1612/2107/604 2025/2108/837 2700/1925/1132 2013/2109/825
f 2025/2108/837 1619/2110/611 2026/2111/838 2700/1925/1132
f 2700/1925/1132 2026/2111/838 1613/1888/605 2014/2073/826
f 2013/2109/825 2700/1925/1132 2014/2073/826 1606/1884/598
f 1613/1888/605 2027/2112/839 2701/2113/1133 2015/2076/827
f 2027/2112/839 1620/2114/612 2028/2115/840 2701/2113/1133
f 2701/2113/1133 2028/2115/840 1621/2116/613 2029/1849/841
f 2015/2076/827 2701/2113/1133 2029/1849/841 1614/2077/606
f 1614/2082/606 2029/2117/841 2702/2118/1134 2017/2083/829
f 2029/2117/841 1621/2119/613 2030/2120/842 2702/2118/1134
f 2702/2118/1134 2030/2120/842 1622/2121/614 2031/2122/843
f 2017/2083/829 2702/2118/1134 2031/2122/843 1615/2084/607
f 1615/2084/607 2031/2122/843 2703/2123/1135 2019/2087/831
f 2031/2122/843 1622/2121/614 2032/2124/844 2703/2123/1135
f 2703/2123/1135 2032/2124/844 1623/2125/615 2033/2126/845
f 2019/2087/831 2703/2123/1135 2033/2126/845 1616/2088/608
f 1714/2094/706 2204/2127/1006 2704/2128/1136 2256/1908/1048
f 2204/2127/1006 1716/2129/708 2258/2130/1050 2704/2128/1136
f 2704/2128/1136 2258/2130/1050 1624/2131/616 2034/1865/846
f 2256/1908/1048 2704/2128/1136 2034/1865/846 1617/2095/609
f 1623/2098/615 2046/1950/858 2705/1951/1137 2257/2099/1049
f 2046/1950/858 1630/1952/622 2259/1953/1051 2705/1951/1137
f 2705/1951/1137 2259/1953/1051 1717/2132/709 2205/2133/1007
f 2257/2099/1049 2705/1951/1137 2205/2133/1007 1715/1916/707
f 1617/2088/609 2034/2126/846 2706/2134/1138 2022/2102/834
f 2034/2126/846 1624/2125/616 2035/2135/847 2706/2134/1138
f 2706/2134/1138 2035/2135/847 1625/2136/617 2036/2137/848
f 2022/2102/834 2706/2134/1138 2036/2137/848 1618/2103/610
f 1618/2103/610 2036/2137/848 2707/2138/1139 2024/2106/836
f 2036/2137/848 1625/2136/617 2037/2139/849 2707/2138/1139
f 2707/2138/1139 2037/2139/849 1626/2119/618 2038/2117/850
f 2024/2106/836 2707/2138/1139 2038/2117/850 1619/2082/611
f 1619/2110/611 2038/1880/850 2708/2140/1140 2026/2111/838
f 2038/1880/850 1626/2141/618 2039/2142/851 2708/2140/1140
f 2708/2140/1140 2039/2142/851 1620/2114/612 2027/2112/839
f 2026/2111/838 2708/2140/1140 2027/2112/839 1613/1888/605
f 1620/2114/612 2040/2143/852 2709/2144/1141 2028/2115/840
f 2040/2143/852 1627/1967/619 2041/2145/853 2709/2144/1141
f 2709/2144/1141 2041/2145/853 1628/1952/620 2042/2146/854
f 2028/2115/840 2709/2144/1141 2042/2146/854 1621/2116/613
f 1621/2119/613 2042/2147/854 2710/2148/1142 2030/2120/842
f 2042/2147/854 1628/2149/620 2043/2150/855 2710/2148/1142
f 2710/2148/1142 2043/2150/855 1629/2151/621 2044/2152/856
f 2030/2120/842 2710/2148/1142 2044/2152/856 1622/2121/614
f 1622/2121/614 2044/2152/856 2711/2153/1143 2032/2124/844
f 2044/2152/856 1629/2151/621 2045/2154/857 2711/2153/1143
f 2711/2153/1143 2045/2154/857 1630/2155/622 2046/2156/858
f 2032/2124/844 2711/2153/1143 2046/2156/858 1623/2125/615
f 1716/2129/708 2207/1980/1008 2712/1820/1144 2258/2130/1050
f 2207/1980/1008 1718/1982/710 2260/2157/1052 2712/1820/1144
f 2712/1820/1144 2260/2157/1052 1631/1984/623 2047/1985/859
f 2258/2130/1050 2712/1820/1144 2047/1985/859 1624/2131/616
f 1630/1952/622 2059/2158/871 2713/2159/1145 2259/1953/1051
f 2059/2158/871 1637/2160/629 2261/2161/1053 2713/2159/1145
f 2713/2159/1145 2261/2161/1053 1719/2162/711 2208/2163/1009
f 2259/1953/1051 2713/2159/1145 2208/2163/1009 1717/2132/709
f 1624/2125/616 2047/2156/859 2714/2164/1146 2035/2135/847
f 2047/2156/859 1631/2155/623 2048/2154/860 2714/2164/1146
f 2714/2164/1146 2048/2154/860 1632/2165/624 2049/2166/861
f 2035/2135/847 2714/2164/1146 2049/2166/861 1625/2136/617
f 1625/2136/617 2049/2166/861 2715/2167/1147 2037/2139/849
f 2049/2166/861 1632/2165/624 2050/2168/862 2715/2167/1147
f 2715/2167/1147 2050/2168/862 1633/2149/625 2051/2147/863
f 2037/2139/849 2715/2167/1147 2051/2147/863 1626/2119/618
f 1626/2141/618 2051/2169/863 2716/2170/1148 2039/2142/851
f 2051/2169/863 1633/1984/625 2052/2171/864 2716/2170/1148
f 2716/2170/1148 2052/2171/864 1627/1967/619 2040/2143/852
f 2039/2142/851 2716/2170/1148 2040/2143/852 1620/2114/612
f 1627/1967/619 2053/2172/865 2717/2173/1149 2041/2145/853
f 2053/2172/865 1634/2174/626 2054/2175/866 2717/2173/1149
f 2717/2173/1149 2054/2175/866 1635/2176/627 2055/2177/867
f 2041/2145/853 2717/2173/1149 2055/2177/867 1628/1952/620
f 1628/2149/620 2055/2178/867 2718/2179/1150 2043/2150/855
f 2055/2178/867 1635/2180/627 2056/2181/868 2718/2179/1150
f 2718/2179/1150 2056/2181/868 1636/2182/628 2057/2183/869
f 2043/2150/855 2718/2179/1150 2057/2183/869 1629/2151/621
f 1629/2151/621 2057/2183/869 2719/2184/1151 2045/2154/857
f 2057/2183/869 1636/2182/628 2058/2185/870 2719/2184/1151
f 2719/2184/1151 2058/2185/870 1637/2186/629 2059/2187/871
f 2045/2154/857 2719/2184/1151 2059/2187/871 1630/2155/622
f 1718/1982/710 2210/2188/1010 2720/2189/1152 2260/2157/1052
f 2210/2188/1010 1720/2190/712 2262/2191/1054 2720/2189/1152
f 2720/2189/1152 2262/2191/1054 1638/2192/630 2060/2193/872
f 2260/2157/1052 2720/2189/1152 2060/2193/872 1631/1984/623
f 1637/2160/629 2072/2194/884 2721/2195/1153 2261/2161/1053
f 2072/2194/884 1644/2196/636 2263/2197/1055 2721/2195/1153
f 2721/2195/1153 2263/2197/1055 1721/2198/713 2211/2199/1011
f 2261/2161/1053 2721/2195/1153 2211/2199/1011 1719/2162/711
f 1631/2155/623 2060/2187/872 2722/2200/1154 2048/2154/860
f 2060/2187/872 1638/2186/630 2061/2201/873 2722/2200/1154
f 2722/2200/1154 2061/2201/873 1639/2202/631 2062/2183/874
f 2048/2154/860 2722/2200/1154 2062/2183/874 1632/2165/624
f 1632/2165/624 2062/2183/874 2723/2203/1155 2050/2168/862
f 2062/2183/874 1639/2202/631 2063/2204/875 2723/2203/1155
f 2723/2203/1155 2063/2204/875 1640/2180/632 2064/2178/876
f 2050/2168/862 2723/2203/1155 2064/2178/876 1633/2149/625
f 1633/1984/625 2064/2205/876 2724/2206/1156 2052/2171/864
f 2064/2205/876 1640/2207/632 2065/2208/877 2724/2206/1156
f 2724/2206/1156 2065/2208/877 1634/2174/626 2053/2172/865
f 2052/2171/864 2724/2206/1156 2053/2172/865 1627/1967/619
f 1634/2174/626 2066/2209/878 2725/2210/1157 2054/2175/866
f 2066/2209/878 1641/2211/633 2067/2212/879 2725/2210/1157
f 2725/2210/1157 2067/2212/879 1642/2213/634 2068/2214/880
f 2054/2175/866 2725/2210/1157 2068/2214/880 1635/2176/627
f 1635/2180/627 2068/2215/880 2726/2216/1158 2056/2181/868
f 2068/2215/880 1642/2217/634 2069/2218/881 2726/2216/1158
f 2726/2216/1158 2069/2218/881 1643/2219/635 2070/2220/882
f 2056/2181/868 2726/2216/1158 2070/2220/882 1636/2182/628
f 1636/2182/628 2070/2220/882 2727/2221/1159 2058/2185/870
f 2070/2220/882 1643/2219/635 2071/2222/883 2727/2221/1159
f 2727/2221/1159 2071/2222/883 1644/2223/636 2072/2224/884
f 2058/2185/870 2727/2221/1159 2072/2224/884 1637/2186/629
f 1720/2190/712 2213/2225/1012 2728/2226/1160 2262/2191/1054
f 2213/2225/1012 1722/2227/714 2264/2228/1056 2728/2226/1160
f 2728/2226/1160 2264/2228/1056 1645/2229/637 2073/2230/885
f 2262/2191/1054 2728/2226/1160 2073/2230/885 1638/2192/630
f 1644/2196/636 2085/2231/897 2729/2232/1161 2263/2197/1055
f 2085/2231/897 1651/2233/643 2265/2234/1057 2729/2232/1161
f 2729/2232/1161 2265/2234/1057 1723/2235/715 2214/2236/1013
f 2263/2197/1055 2729/2232/1161 2214/2236/1013 1721/2198/713
f 1638/2186/630 2073/2224/885 2730/2237/1162 2061/2201/873
f 2073/2224/885 1645/2223/637 2074/2238/886 2730/2237/1162
f 2730/2237/1162 2074/2238/886 1646/2239/638 2075/2240/887
f 2061/2201/873 2730/2237/1162 2075/2240/887 1639/2202/631
f 1639/2202/631 2075/2240/887 2731/2241/1163 2063/2204/875
f 2075/2240/887 1646/2239/638 2076/2242/888 2731/2241/1163
f 2731/2241/1163 2076/2242/888 1647/2217/639 2077/2215/889
f 2063/2204/875 2731/2241/1163 2077/2215/889 1640/2180/632
f 1640/2207/632 2077/2243/889 2732/2244/1164 2065/2208/877
f 2077/2243/889 1647/2245/639 2078/2246/890 2732/2244/1164
f 2732/2244/1164 2078/2246/890 1641/2211/633 2066/2209/878
f 2065/2208/877 2732/2244/1164 2066/2209/878 1634/2174/626
f 1641/2211/633 2079/2247/891 2733/2248/1165 2067/2212/879
f 2079/2247/891 1648/2249/640 2080/2250/892 2733/2248/1165
f 2733/2248/1165 2080/2250/892 1649/2251/641 2081/2252/893
f 2067/2212/879 2733/2248/1165 2081/2252/893 1642/2213/634
f 1642/2217/634 2081/2253/893 2734/2254/1166 2069/2218/881
f 2081/2253/893 1649/2255/641 2082/2256/894 2734/2254/1166
f 2734/2254/1166 2082/2256/894 1650/2257/642 2083/2258/895
f 2069/2218/881 2734/2254/1166 2083/2258/895 1643/2219/635
f 1643/2219/635 2083/2258/895 2735/2259/1167 2071/2222/883
f 2083/2258/895 1650/2257/642 2084/2260/896 2735/2259/1167
f 2735/2259/1167 2084/2260/896 1651/2261/643 2085/2262/897
f 2071/2222/883 2735/2259/1167 2085/2262/897 1644/2223/636
f 1722/2227/714 2216/2263/1014 2736/2264/1168 2264/2228/1056
f 2216/2263/1014 1724/2265/716 2266/2266/1058 2736/2264/1168
f 2736/2264/1168 2266/2266/1058 1652/2267/644 2086/2268/898
f 2264/2228/1056 2736/2264/1168 2086/2268/898 1645/2229/637
f 1651/2023/643 2098/2269/910 2737/2270/1169 2265/2024/1057
f 2098/2269/910 1658/1988/650 2267/1989/1059 2737/2270/1169
f 2737/2270/1169 2267/1989/1059 1725/2271/717 2217/2272/1015
f 2265/2024/1057 2737/2270/1169 2217/2272/1015 1723/2025/715
f 1645/2223/637 2086/2262/898 2738/2259/1170 2074/2238/886
f 2086/2262/898 1652/2261/644 2087/2273/899 2738/2259/1170
f 2738/2259/1170 2087/2273/899 1653/2274/645 2088/2275/900
f 2074/2238/886 2738/2259/1170 2088/2275/900 1646/2239/638
f 1646/2239/638 2088/2275/900 2739/2276/1171 2076/2242/888
f 2088/2275/900 1653/2274/645 2089/2277/901 2739/2276/1171
f 2739/2276/1171 2089/2277/901 1654/2255/646 2090/2253/902
f 2076/2242/888 2739/2276/1171 2090/2253/902 1647/2217/639
f 1647/2245/639 2090/2278/902 2740/2279/1172 2078/2246/890
f 2090/2278/902 1654/2280/646 2091/2281/903 2740/2279/1172
f 2740/2279/1172 2091/2281/903 1648/2249/640 2079/2247/891
f 2078/2246/890 2740/2279/1172 2079/2247/891 1641/2211/633
f 1648/2038/640 2092/2282/904 2741/2283/1173 2080/2039/892
f 2092/2282/904 1655/2001/647 2093/2002/905 2741/2283/1173
f 2741/2283/1173 2093/2002/905 1656/2003/648 2094/2041/906
f 2080/2039/892 2741/2283/1173 2094/2041/906 1649/2040/641
f 1649/2255/641 2094/2284/906 2742/2285/1174 2082/2256/894
f 2094/2284/906 1656/2286/648 2095/2287/907 2742/2285/1174
f 2742/2285/1174 2095/2287/907 1657/2288/649 2096/2289/908
f 2082/2256/894 2742/2285/1174 2096/2289/908 1650/2257/642
f 1650/2257/642 2096/2289/908 2743/2290/1175 2084/2260/896
f 2096/2289/908 1657/2288/649 2097/2291/909 2743/2290/1175
f 2743/2290/1175 2097/2291/909 1658/2292/650 2098/2293/910
f 2084/2260/896 2743/2290/1175 2098/2293/910 1651/2261/643
f 1724/2054/716 2219/2294/1016 2744/2295/1176 2266/2055/1058
f 2219/2294/1016 1726/2296/718 2268/2018/1060 2744/2295/1176
f 2744/2295/1176 2268/2018/1060 1659/2019/651 2099/2297/911
f 2266/2055/1058 2744/2295/1176 2099/2297/911 1652/2056/644
f 1658/1988/650 2111/1986/923 2745/1987/1177 2267/1989/1059
f 2111/1986/923 1665/1952/657 2269/2298/1061 2745/1987/1177
f 2745/1987/1177 2269/2298/1061 1727/2299/719 2220/1991/1017
f 2267/1989/1059 2745/1987/1177 2220/1991/1017 1725/2271/717
f 1652/2261/644 2099/2293/911 2746/2300/1178 2087/2273/899
f 2099/2293/911 1659/2292/651 2100/2301/912 2746/2300/1178
f 2746/2300/1178 2100/2301/912 1660/2302/652 2101/2303/913
f 2087/2273/899 2746/2300/1178 2101/2303/913 1653/2274/645
f 1653/2274/645 2101/2303/913 2747/2304/1179 2089/2277/901
f 2101/2303/913 1660/2302/652 2102/2305/914 2747/2304/1179
f 2747/2304/1179 2102/2305/914 1661/2286/653 2103/2284/915
f 2089/2277/901 2747/2304/1179 2103/2284/915 1654/2255/646
f 1654/2071/646 2103/2069/915 2748/2306/1180 2091/2072/903
f 2103/2069/915 1661/2034/653 2104/2035/916 2748/2306/1180
f 2748/2306/1180 2104/2035/916 1655/2001/647 2092/2282/904
f 2091/2072/903 2748/2306/1180 2092/2282/904 1648/2038/640
f 1655/2001/647 2105/2307/917 2749/2308/1181 2093/2002/905
f 2105/2307/917 1662/2309/654 2106/1968/918 2749/2308/1181
f 2749/2308/1181 2106/1968/918 1663/1952/655 2107/2004/919
f 2093/2002/905 2749/2308/1181 2107/2004/919 1656/2003/648
f 1656/2286/648 2107/2310/919 2750/2311/1182 2095/2287/907
f 2107/2310/919 1663/2312/655 2108/2313/920 2750/2311/1182
f 2750/2311/1182 2108/2313/920 1664/2314/656 2109/2315/921
f 2095/2287/907 2750/2311/1182 2109/2315/921 1657/2288/649
f 1657/2288/649 2109/2315/921 2751/2316/1183 2097/2291/909
f 2109/2315/921 1664/2314/656 2110/2317/922 2751/2316/1183
f 2751/2316/1183 2110/2317/922 1665/2318/657 2111/2319/923
f 2097/2291/909 2751/2316/1183 2111/2319/923 1658/2292/650
f 1726/2296/718 2222/2320/1018 2752/2321/1184 2268/2018/1060
f 2222/2320/1018 1728/1982/720 2270/2322/1062 2752/2321/1184
f 2752/2321/1184 2270/2322/1062 1666/1984/658 2112/2020/924
f 2268/2018/1060 2752/2321/1184 2112/2020/924 1659/2019/651
f 1665/1952/657 2124/1950/936 2753/1951/1185 2269/2298/1061
f 2124/1950/936 1672/1914/664 2271/2323/1063 2753/1951/1185
f 2753/1951/1185 2271/2323/1063 1729/1916/721 2223/1955/1019
f 2269/2298/1061 2753/1951/1185 2223/1955/1019 1727/2299/719
f 1659/2292/651 2112/2319/924 2754/2324/1186 2100/2301/912
f 2112/2319/924 1666/2318/658 2113/2325/925 2754/2324/1186
f 2754/2324/1186 2113/2325/925 1667/2326/659 2114/2327/926
f 2100/2301/912 2754/2324/1186 2114/2327/926 1660/2302/652
f 1660/2302/652 2114/2327/926 2755/2328/1187 2102/2305/914
f 2114/2327/926 1667/2326/659 2115/2313/927 2755/2328/1187
f 2755/2328/1187 2115/2313/927 1668/2312/660 2116/2310/928
f 2102/2305/914 2755/2328/1187 2116/2310/928 1661/2286/653
f 1661/2034/653 2116/2032/928 2756/2329/1188 2104/2035/916
f 2116/2032/928 1668/1984/660 2117/2171/929 2756/2329/1188
f 2756/2329/1188 2117/2171/929 1662/2309/654 2105/2307/917
f 2104/2035/916 2756/2329/1188 2105/2307/917 1655/2001/647
f 1662/2309/654 2118/1965/930 2757/2330/1189 2106/1968/918
f 2118/1965/930 1669/1931/661 2119/2115/931 2757/2330/1189
f 2757/2330/1189 2119/2115/931 1670/1933/662 2120/1969/932
f 2106/1968/918 2757/2330/1189 2120/1969/932 1663/1952/655
f 1663/2312/655 2120/2331/932 2758/2332/1190 2108/2313/920
f 2120/2331/932 1670/2333/662 2121/2334/933 2758/2332/1190
f 2758/2332/1190 2121/2334/933 1671/2335/663 2122/2336/934
f 2108/2313/920 2758/2332/1190 2122/2336/934 1664/2314/656
f 1664/2314/656 2122/2336/934 2759/2337/1191 2110/2317/922
f 2122/2336/934 1671/2335/663 2123/2338/935 2759/2337/1191
f 2759/2337/1191 2123/2338/935 1672/2339/664 2124/2340/936
f 2110/2317/922 2759/2337/1191 2124/2340/936 1665/2318/657
f 1728/1982/720 2225/2341/1020 2760/2342/1192 2270/2322/1062
f 2225/2341/1020 1730/1822/722 2272/1948/1064 2760/2342/1192
f 2760/2342/1192 2272/1948/1064 1673/1949/665 2125/1985/937
f 2270/2322/1062 2760/2342/1192 2125/1985/937 1666/1984/658
f 1672/1914/664 2137/2343/949 2761/2344/1193 2271/2323/1063
f 2137/2343/949 1679/2345/671 2273/2346/1065 2761/2344/1193
f 2761/2344/1193 2273/2346/1065 1731/2347/723 2226/2348/1021
f 2271/2323/1063 2761/2344/1193 2226/2348/1021 1729/1916/721
f 1666/2318/658 2125/2340/937 2762/2349/1194 2113/2325/925
f 2125/2340/937 1673/2339/665 2126/2350/938 2762/2349/1194
f 2762/2349/1194 2126/2350/938 1674/2351/666 2127/2352/939
f 2113/2325/925 2762/2349/1194 2127/2352/939 1667/2326/659
f 1667/2326/659 2127/2352/939 2763/2353/1195 2115/2313/927
f 2127/2352/939 1674/2351/666 2128/2354/940 2763/2353/1195
f 2763/2353/1195 2128/2354/940 1675/2333/667 2129/2331/941
f 2115/2313/927 2763/2353/1195 2129/2331/941 1668/2312/660
f 1668/1984/660 2129/1996/941 2764/1997/1196 2117/2171/929
f 2129/1996/941 1675/1963/667 2130/2355/942 2764/1997/1196
f 2764/1997/1196 2130/2355/942 1669/1931/661 2118/1965/930
f 2117/2171/929 2764/1997/1196 2118/1965/930 1662/2309/654
f 1669/1931/661 2131/2356/943 2765/2113/1197 2119/2115/931
f 2131/2356/943 1676/2357/668 2132/2358/944 2765/2113/1197
f 2765/2113/1197 2132/2358/944 1677/2359/669 2133/2360/945
f 2119/2115/931 2765/2113/1197 2133/2360/945 1670/1933/662
f 1670/2333/662 2133/2361/945 2766/2362/1198 2121/2334/933
f 2133/2361/945 1677/2363/669 2134/2364/946 2766/2362/1198
f 2766/2362/1198 2134/2364/946 1678/2365/670 2135/2366/947
f 2121/2334/933 2766/2362/1198 2135/2366/947 1671/2335/663
f 1671/2335/663 2135/2366/947 2767/2367/1199 2123/2338/935
f 2135/2366/947 1678/2365/670 2136/2368/948 2767/2367/1199
f 2767/2367/1199 2136/2368/948 1679/2369/671 2137/2370/949
f 2123/2338/935 2767/2367/1199 2137/2370/949 1672/2339/664
f 1730/1822/722 2228/2371/1022 2768/2128/1200 2272/1948/1064
f 2228/2371/1022 1732/2372/724 2274/2373/1066 2768/2128/1200
f 2768/2128/1200 2274/2373/1066 1680/2374/672 2138/2375/950
f 2272/1948/1064 2768/2128/1200 2138/2375/950 1673/1949/665
f 1679/2345/671 2150/2376/962 2769/2377/1201 2273/2346/1065
f 2150/2376/962 1686/2378/678 2275/2379/1067 2769/2377/1201
f 2769/2377/1201 2275/2379/1067 1733/2380/725 2229/2381/1023
f 2273/2346/1065 2769/2377/1201 2229/2381/1023 1731/2347/723
f 1673/2339/665 2138/2370/950 2770/2382/1202 2126/2350/938
f 2138/2370/950 1680/2369/672 2139/2368/951 2770/2382/1202
f 2770/2382/1202 2139/2368/951 1681/2383/673 2140/2366/952
f 2126/2350/938 2770/2382/1202 2140/2366/952 1674/2351/666
f 1674/2351/666 2140/2366/952 2771/2384/1203 2128/2354/940
f 2140/2366/952 1681/2383/673 2141/2385/953 2771/2384/1203
f 2771/2384/1203 2141/2385/953 1682/2363/674 2142/2361/954
f 2128/2354/940 2771/2384/1203 2142/2361/954 1675/2333/667
f 1675/1963/667 2142/2386/954 2772/2387/1204 2130/2355/942
f 2142/2386/954 1682/2388/674 2143/2389/955 2772/2387/1204
f 2772/2387/1204 2143/2389/955 1676/2357/668 2131/2356/943
f 2130/2355/942 2772/2387/1204 2131/2356/943 1669/1931/661
f 1676/2357/668 2144/2390/956 2773/2391/1205 2132/2358/944
f 2144/2390/956 1683/2392/675 2145/2393/957 2773/2391/1205
f 2773/2391/1205 2145/2393/957 1684/2394/676 2146/2395/958
f 2132/2358/944 2773/2391/1205 2146/2395/958 1677/2359/669
f 1677/2363/669 2146/2396/958 2774/2397/1206 2134/2364/946
f 2146/2396/958 1684/2398/676 2147/2399/959 2774/2397/1206
f 2774/2397/1206 2147/2399/959 1685/2400/677 2148/2401/960
f 2134/2364/946 2774/2397/1206 2148/2401/960 1678/2365/670
f 1678/2365/670 2148/2401/960 2775/2402/1207 2136/2368/948
f 2148/2401/960 1685/2400/677 2149/2403/961 2775/2402/1207
f 2775/2402/1207 2149/2403/961 1686/2404/678 2150/2405/962
f 2136/2368/948 2775/2402/1207 2150/2405/962 1679/2369/671
f 1732/2372/724 2231/2406/1024 2776/2407/1208 2274/2373/1066
f 2231/2406/1024 1734/2408/726 2276/2409/1068 2776/2407/1208
f 2776/2407/1208 2276/2409/1068 1687/2410/679 2151/2411/963
f 2274/2373/1066 2776/2407/1208 2151/2411/963 1680/2374/672
f 1686/2412/678 2163/2413/975 2777/2414/1209 2275/2415/1067
f 2163/2413/975 1693/2416/685 2237/2417/1029 2777/2414/1209
f 2777/2414/1209 2237/2417/1029 1735/2418/727 2232/2419/1025
f 2275/2415/1067 2777/2414/1209 2232/2419/1025 1733/2420/725
f 1680/2369/672 2151/2405/963 2778/2402/1210 2139/2368/951
f 2151/2405/963 1687/2404/679 2152/2421/964 2778/2402/1210
f 2778/2402/1210 2152/2421/964 1688/2422/680 2153/2423/965
f 2139/2368/951 2778/2402/1210 2153/2423/965 1681/2383/673
f 1681/2383/673 2153/2423/965 2779/2424/1211 2141/2385/953
f 2153/2423/965 1688/2422/680 2154/2425/966 2779/2424/1211
f 2779/2424/1211 2154/2425/966 1689/2398/681 2155/2396/967
f 2141/2385/953 2779/2424/1211 2155/2396/967 1682/2363/674
f 1682/2388/674 2155/2426/967 2780/2427/1212 2143/2389/955
f 2155/2426/967 1689/2428/681 2156/2429/968 2780/2427/1212
f 2780/2427/1212 2156/2429/968 1683/2392/675 2144/2390/956
f 2143/2389/955 2780/2427/1212 2144/2390/956 1676/2357/668
f 1683/2430/675 2157/2431/969 2781/2432/1213 2145/2433/957
f 2157/2431/969 1690/2434/682 2158/2435/970 2781/2432/1213
f 2781/2432/1213 2158/2435/970 1691/2436/683 2159/2437/971
f 2145/2433/957 2781/2432/1213 2159/2437/971 1684/2438/676
f 1684/2398/676 2159/2439/971 2782/2440/1214 2147/2399/959
f 2159/2439/971 1691/2441/683 2160/2442/972 2782/2440/1214
f 2782/2440/1214 2160/2442/972 1692/2443/684 2161/2444/973
f 2147/2399/959 2782/2440/1214 2161/2444/973 1685/2400/677
f 1685/2400/677 2161/2444/973 2783/2445/1215 2149/2403/961
f 2161/2444/973 1692/2443/684 2162/2446/974 2783/2445/1215
f 2783/2445/1215 2162/2446/974 1693/2447/685 2163/2448/975
f 2149/2403/961 2783/2445/1215 2163/2448/975 1686/2404/678
f 1734/2449/726 2234/2450/1026 2784/2451/1216 2276/2452/1068
f 2234/2450/1026 1736/1827/728 2242/1830/1034 2784/2451/1216
f 2784/2451/1216 2242/1830/1034 1694/1832/686 2164/2453/976
f 2276/2452/1068 2784/2451/1216 2164/2453/976 1687/2454/679
f 1687/2404/679 2164/2448/976 2785/2455/1217 2152/2421/964
f 2164/2448/976 1694/2447/686 2165/2456/977 2785/2455/1217
f 2785/2455/1217 2165/2456/977 1695/2457/687 2166/2458/978
f 2152/2421/964 2785/2455/1217 2166/2458/978 1688/2422/680
f 1688/2422/680 2166/2458/978 2786/2459/1218 2154/2425/966
f 2166/2458/978 1695/2457/687 2167/2442/979 2786/2459/1218
f 2786/2459/1218 2167/2442/979 1696/2441/688 2168/2439/980
f 2154/2425/966 2786/2459/1218 2168/2439/980 1689/2398/681
f 1689/2460/681 2168/2461/980 2787/2462/1219 2156/2463/968
f 2168/2461/980 1696/2464/688 2169/2465/981 2787/2462/1219
f 2787/2462/1219 2169/2465/981 1690/2434/682 2157/2431/969
f 2156/2463/968 2787/2462/1219 2157/2431/969 1683/2430/675
f 1690/2434/682 2170/2466/982 2788/2467/1220 2158/2435/970
f 2170/2466/982 1557/1794/549 1917/1797/729 2788/2467/1220
f 2788/2467/1220 1917/1797/729 1558/1802/550 2171/2468/983
f 2158/2435/970 2788/2467/1220 2171/2468/983 1691/2436/683
f 1691/2441/683 2171/2469/983 2789/2470/1221 2160/2442/972
f 2171/2469/983 1558/1803/550 1921/1806/733 2789/2470/1221
f 2789/2470/1221 1921/1806/733 1559/1811/551 2172/2471/984
f 2160/2442/972 2789/2470/1221 2172/2471/984 1692/2443/684
f 1692/2443/684 2172/2471/984 2790/2472/1222 2162/2446/974
f 2172/2471/984 1559/1811/551 1924/1813/736 2790/2472/1222
f 2790/2472/1222 1924/1813/736 1560/1817/552 2173/2473/985
f 2162/2446/974 2790/2472/1222 2173/2473/985 1693/2447/685
f 1560/1802/552 1926/2474/738 2791/2475/1223 2238/2476/1030
f 1926/2474/738 1567/2477/559 2239/2478/1031 2791/2475/1223
f 2791/2475/1223 2239/2478/1031 1699/2479/691 2178/2480/989
f 2238/2476/1030 2791/2475/1223 2178/2480/989 1698/2481/690
f 1567/2477/559 1942/1912/754 2792/2482/1224 2239/2478/1031
f 1942/1912/754 1574/2483/566 2243/2484/1035 2792/2482/1224
f 2792/2482/1224 2243/2484/1035 1701/2485/693 2181/2486/991
f 2239/2478/1031 2792/2482/1224 2181/2486/991 1699/2479/691
f 1694/2447/686 2174/2473/986 2793/2487/1225 2165/2456/977
f 2174/2473/986 1561/1817/553 1928/1834/740 2793/2487/1225
f 2793/2487/1225 1928/1834/740 1562/1811/554 2175/2488/987
f 2165/2456/977 2793/2487/1225 2175/2488/987 1695/2457/687
f 1695/2457/687 2175/2488/987 2794/2489/1226 2167/2442/979
f 2175/2488/987 1562/1811/554 1931/1806/743 2794/2489/1226
f 2794/2489/1226 1931/1806/743 1563/1803/555 2176/2469/988
f 2167/2442/979 2794/2489/1226 2176/2469/988 1696/2441/688
f 1696/2464/688 2176/2490/988 2795/2491/1227 2169/2465/981
f 2176/2490/988 1563/1826/555 1934/1841/746 2795/2491/1227
f 2795/2491/1227 1934/1841/746 1557/1794/549 2170/2466/982
f 2169/2465/981 2795/2491/1227 2170/2466/982 1690/2434/682
f 1698/2481/690 2178/2480/989 2796/2492/865 2177/2493/619
f 2178/2480/989 1699/2479/691 2179/2494/626 2796/2492/865
f 2796/2492/865 2179/2494/626 1700/1822/692 2180/1819/990
f 2177/2493/619 2796/2492/865 2180/1819/990 1697/1818/689
f 1699/2479/691 2181/2486/991 2797/2495/878 2179/2494/626
f 2181/2486/991 1701/2485/693 2182/2496/633 2797/2495/878
f 2797/2495/878 2182/2496/633 1702/1862/694 2183/1860/992
f 2179/2494/626 2797/2495/878 2183/1860/992 1700/1822/692
f 1701/1874/693 2184/1873/993 2798/2497/891 2182/2498/633
f 2184/1873/993 1703/1872/695 2185/2499/640 2798/2497/891
f 2798/2497/891 2185/2499/640 1704/1907/696 2186/1904/994
f 2182/2498/633 2798/2497/891 2186/1904/994 1702/1903/694
f 1703/1872/695 2187/1917/995 2799/2500/904 2185/2499/640
f 2187/1917/995 1705/1916/697 2188/2501/647 2799/2500/904
f 2799/2500/904 2188/2501/647 1706/1947/698 2189/1945/996
f 2185/2499/640 2799/2500/904 2189/1945/996 1704/1907/696
f 1705/1916/697 2190/1955/997 2800/2502/917 2188/2501/647
f 2190/1955/997 1707/1954/699 2191/2309/654 2800/2502/917
f 2800/2502/917 2191/2309/654 1708/1982/700 2192/1980/998
f 2188/2501/647 2800/2502/917 2192/1980/998 1706/1947/698
f 1707/1954/699 2193/1991/999 2801/2503/930 2191/2309/654
f 2193/1991/999 1709/1990/701 2194/2504/661 2801/2503/930
f 2801/2503/930 2194/2504/661 1710/2017/702 2195/2015/1000
f 2191/2309/654 2801/2503/930 2195/2015/1000 1708/1982/700
f 1709/1990/701 2196/2026/1001 2802/2505/943 2194/2504/661
f 2196/2026/1001 1711/2025/703 2197/2506/668 2802/2505/943
f 2802/2505/943 2197/2506/668 1712/2054/704 2198/2052/1002
f 2194/2504/661 2802/2505/943 2198/2052/1002 1710/2017/702
f 1711/2064/703 2199/2063/1003 2803/2507/956 2197/2508/668
f 2199/2063/1003 1713/2062/705 2200/2509/675 2803/2507/956
f 2803/2507/956 2200/2509/675 1714/2094/706 2201/2091/1004
f 2197/2508/668 2803/2507/956 2201/2091/1004 1712/2090/704
f 1713/2062/705 2202/2100/1005 2804/2510/969 2200/2509/675
f 2202/2100/1005 1715/1916/707 2203/2511/682 2804/2510/969
f 2804/2510/969 2203/2511/682 1716/2129/708 2204/2127/1006
f 2200/2509/675 2804/2510/969 2204/2127/1006 1714/2094/706
f 1715/1916/707 2205/2133/1007 2805/2502/982 2203/2511/682
f 2205/2133/1007 1717/2132/709 2206/1967/549 2805/2502/982
f 2805/2502/982 2206/1967/549 1718/1982/710 2207/1980/1008
f 2203/2511/682 2805/2502/982 2207/1980/1008 1716/2129/708
f 1717/2132/709 2208/2163/1009 2806/2512/730 2206/1967/549
f 2208/2163/1009 1719/2162/711 2209/2513/556 2806/2512/730
f 2806/2512/730 2209/2513/556 1720/2190/712 2210/2188/1010
f 2206/1967/549 2806/2512/730 2210/2188/1010 1718/1982/710
f 1719/2162/711 2211/2199/1011 2807/2514/748 2209/2513/556
f 2211/2199/1011 1721/2198/713 2212/2515/563 2807/2514/748
f 2807/2514/748 2212/2515/563 1722/2227/714 2213/2225/1012
f 2209/2513/556 2807/2514/748 2213/2225/1012 1720/2190/712
f 1721/2198/713 2214/2236/1013 2808/2516/761 2212/2515/563
f 2214/2236/1013 1723/2235/715 2215/2517/570 2808/2516/761
f 2808/2516/761 2215/2517/570 1724/2265/716 2216/2263/1014
f 2212/2515/563 2808/2516/761 2216/2263/1014 1722/2227/714
f 1723/2025/715 2217/2272/1015 2809/2518/774 2215/2506/570
f 2217/2272/1015 1725/2271/717 2218/2504/577 2809/2518/774
f 2809/2518/774 2218/2504/577 1726/2296/718 2219/2294/1016
f 2215/2506/570 2809/2518/774 2219/2294/1016 1724/2054/716
f 1725/2271/717 2220/1991/1017 2810/2519/787 2218/2504/577
f 2220/1991/1017 1727/2299/719 2221/2520/584 2810/2519/787
f 2810/2519/787 2221/2520/584 1728/1982/720 2222/2320/1018
f 2218/2504/577 2810/2519/787 2222/2320/1018 1726/2296/718
f 1727/2299/719 2223/1955/1019 2811/2502/800 2221/2520/584
f 2223/1955/1019 1729/1916/721 2224/2494/591 2811/2502/800
f 2811/2502/800 2224/2494/591 1730/1822/722 2225/2341/1020
f 2221/2520/584 2811/2502/800 2225/2341/1020 1728/1982/720
f 1729/1916/721 2226/2348/1021 2812/2521/813 2224/2494/591
f 2226/2348/1021 1731/2347/723 2227/2522/598 2812/2521/813
f 2812/2521/813 2227/2522/598 1732/2372/724 2228/2371/1022
f 2224/2494/591 2812/2521/813 2228/2371/1022 1730/1822/722
f 1731/2347/723 2229/2381/1023 2813/2523/826 2227/2522/598
f 2229/2381/1023 1733/2380/725 2230/2508/605 2813/2523/826
f 2813/2523/826 2230/2508/605 1734/2408/726 2231/2406/1024
f 2227/2522/598 2813/2523/826 2231/2406/1024 1732/2372/724
f 1733/2420/725 2232/2419/1025 2814/2524/839 2230/2525/605
f 2232/2419/1025 1735/2418/727 2233/2526/612 2814/2524/839
f 2814/2524/839 2233/2526/612 1736/1827/728 2234/2450/1026
f 2230/2525/605 2814/2524/839 2234/2450/1026 1734/2449/726
f 1697/2527/689 2235/1828/1027 2815/2528/852 2177/2529/619
f 2235/1828/1027 1736/2530/728 2233/2531/612 2815/2528/852
f 2815/2528/852 2233/2531/612 1735/2532/727 2236/2533/1028
f 2177/2529/619 2815/2528/852 2236/2533/1028 1698/2534/690
f 1693/2416/685 2173/2535/985 2816/2536/1228 2237/2417/1029
f 2173/2535/985 1560/1802/552 2238/2476/1030 2816/2536/1228
f 2816/2536/1228 2238/2476/1030 1698/2481/690 2236/2537/1028
f 2237/2417/1029 2816/2536/1228 2236/2537/1028 1735/2418/727
f 1737/2538/549 2277/2539/746 2817/2540/1076 2278/2541/730
f 2277/2539/746 1738/1802/555 2280/1801/745 2817/2540/1076
f 2817/2540/1076 2280/1801/745 1745/1800/562 2279/2542/747
f 2278/2541/730 2817/2540/1076 2279/2542/747 1744/2543/556
f 1738/1803/555 2281/1806/743 2818/2544/1075 2280/1804/745
f 2281/1806/743 1739/2545/554 2283/1837/742 2818/2544/1075
f 2818/2544/1075 2283/1837/742 1746/1809/561 2282/2546/744
f 2280/1804/745 2818/2544/1075 2282/2546/744 1745/1807/562
f 1739/2545/554 2284/1834/740 2819/1833/1074 2283/1837/742
f 2284/1834/740 1740/1817/553 2286/1816/739 2819/1833/1074
f 2819/1833/1074 2286/1816/739 1747/1815/560 2285/2547/741
f 2283/1837/742 2819/1833/1074 2285/2547/741 1746/1809/561
f 1877/2548/690 2600/2549/1030 2820/1820/1223 2540/2550/989
f 2600/2549/1030 1741/1826/552 2287/1825/738 2820/1820/1223
f 2820/1820/1223 2287/1825/738 1748/1824/559 2601/1823/1031
f 2540/2550/989 2820/1820/1223 2601/1823/1031 1880/2551/691
f 1916/2552/727 2602/2553/1029 2821/1829/1228 2595/2554/1028
f 2602/2553/1029 1874/1832/685 2534/1831/985 2821/1829/1228
f 2821/1829/1228 2534/1831/985 1741/1826/552 2600/2549/1030
f 2595/2554/1028 2821/1829/1228 2600/2549/1030 1877/2548/690
f 1741/1817/552 2288/1834/736 2822/2555/1071 2287/1816/738
f 2288/1834/736 1742/2545/551 2290/2556/735 2822/2555/1071
f 2822/2555/1071 2290/2556/735 1749/1809/558 2289/1835/737
f 2287/1816/738 2822/2555/1071 2289/1835/737 1748/1815/559
f 1742/2545/551 2291/1806/733 2823/2544/1070 2290/2556/735
f 2291/1806/733 1743/1803/550 2293/1804/732 2823/2544/1070
f 2823/2544/1070 2293/1804/732 1750/1807/557 2292/2557/734
f 2290/2556/735 2823/2544/1070 2292/2557/734 1749/1809/558
f 1743/1826/550 2294/2558/729 2824/1840/1069 2293/1839/732
f 2294/2558/729 1737/2538/549 2278/2541/730 2824/1840/1069
f 2824/1840/1069 2278/2541/730 1744/2543/556 2295/1843/731
f 2293/1839/732 2824/1840/1069 2295/1843/731 1750/1842/557
f 1744/2543/556 2279/2542/747 2825/2559/1084 2296/2560/748
f 2279/2542/747 1745/1800/562 2298/1849/759 2825/2559/1084
f 2825/2559/1084 2298/1849/759 1752/1848/569 2297/1847/760
f 2296/2560/748 2825/2559/1084 2297/1847/760 1751/1846/563
f 1745/1807/562 2282/2546/744 2826/1851/1083 2298/1850/759
f 2282/2546/744 1746/1809/561 2300/2561/757 2826/1851/1083
f 2826/1851/1083 2300/2561/757 1753/2562/568 2299/2563/758
f 2298/1850/759 2826/1851/1083 2299/2563/758 1752/1852/569
f 1746/1809/561 2285/2547/741 2827/2564/1082 2300/2561/757
f 2285/2547/741 1747/1815/560 2302/1859/755 2827/2564/1082
f 2827/2564/1082 2302/1859/755 1754/1858/567 2301/1857/756
f 2300/2561/757 2827/2564/1082 2301/1857/756 1753/2562/568
f 1880/2551/691 2601/1823/1031 2828/2565/1224 2543/2566/991
f 2601/1823/1031 1748/1824/559 2303/1865/754 2828/2565/1224
f 2828/2565/1224 2303/1865/754 1755/1864/566 2604/1863/1035
f 2543/2566/991 2828/2565/1224 2604/1863/1035 1882/1862/693
f 1754/1866/567 2603/1869/1036 2829/2567/1088 2315/1867/768
f 2603/1869/1036 1881/1874/694 2544/2568/994 2829/2567/1088
f 2829/2567/1088 2544/2568/994 1883/2062/696 2605/2569/1038
f 2315/1867/768 2829/2567/1088 2605/2569/1038 1761/1870/574
f 1748/1815/559 2289/1835/737 2830/2570/1079 2303/1859/754
f 2289/1835/737 1749/1809/558 2305/2571/752 2830/2570/1079
f 2830/2570/1079 2305/2571/752 1756/2572/565 2304/2573/753
f 2303/1859/754 2830/2570/1079 2304/2573/753 1755/1858/566
f 1749/1809/558 2292/2557/734 2831/2574/1078 2305/2571/752
f 2292/2557/734 1750/1807/557 2307/1850/750 2831/2574/1078
f 2831/2574/1078 2307/1850/750 1757/1852/564 2306/2575/751
f 2305/2571/752 2831/2574/1078 2306/2575/751 1756/2572/565
f 1750/1842/557 2295/1843/731 2832/2576/1077 2307/1880/750
f 2295/1843/731 1744/2543/556 2296/2560/748 2832/2576/1077
f 2832/2576/1077 2296/2560/748 1751/1846/563 2308/1883/749
f 2307/1880/750 2832/2576/1077 2308/1883/749 1757/1882/564
f 1751/1884/563 2297/1887/760 2833/2577/1092 2309/2578/761
f 2297/1887/760 1752/1892/569 2311/1891/772 2833/2577/1092
f 2833/2577/1092 2311/1891/772 1759/1890/576 2310/2579/773
f 2309/2578/761 2833/2577/1092 2310/2579/773 1758/2580/570
f 1752/1852/569 2299/2563/758 2834/1894/1091 2311/1893/772
f 2299/2563/758 1753/2562/568 2313/2581/770 2834/1894/1091
f 2834/1894/1091 2313/2581/770 1760/2582/575 2312/2583/771
f 2311/1893/772 2834/1894/1091 2312/2583/771 1759/1895/576
f 1753/2562/568 2301/1857/756 2835/2584/1090 2313/2581/770
f 2301/1857/756 1754/1858/567 2315/1902/768 2835/2584/1090
f 2835/2584/1090 2315/1902/768 1761/1901/574 2314/1919/769
f 2313/2581/770 2835/2584/1090 2314/1919/769 1760/2582/575
f 1882/1903/693 2604/1906/1035 2836/2092/1081 2546/1904/993
f 2604/1906/1035 1755/1911/566 2316/1910/767 2836/2092/1081
f 2836/2092/1081 2316/1910/767 1762/1909/573 2606/1908/1037
f 2546/1904/993 2836/2092/1081 2606/1908/1037 1884/2585/695
f 1761/1870/574 2605/2569/1038 2837/2586/1096 2328/1912/781
f 2605/2569/1038 1883/2062/696 2547/1917/996 2837/2586/1096
f 2837/2586/1096 2547/1917/996 1885/1916/698 2607/2587/1040
f 2328/1912/781 2837/2586/1096 2607/2587/1040 1768/1914/581
f 1755/1858/566 2304/2573/753 2838/2588/1087 2316/1902/767
f 2304/2573/753 1756/2572/565 2318/1920/765 2838/2588/1087
f 2838/2588/1087 2318/1920/765 1763/1897/572 2317/2589/766
f 2316/1902/767 2838/2588/1087 2317/2589/766 1762/1901/573
f 1756/2572/565 2306/2575/751 2839/1921/1086 2318/1920/765
f 2306/2575/751 1757/1852/564 2320/1893/763 2839/1921/1086
f 2839/1921/1086 2320/1893/763 1764/1895/571 2319/1922/764
f 2318/1920/765 2839/1921/1086 2319/1922/764 1763/1897/572
f 1757/1923/564 2308/1926/749 2840/2590/1085 2320/1924/763
f 2308/1926/749 1751/1884/563 2309/2578/761 2840/2590/1085
f 2840/2590/1085 2309/2578/761 1758/2580/570 2321/2591/762
f 2320/1924/763 2840/2590/1085 2321/2591/762 1764/1927/571
f 1758/2580/570 2310/2579/773 2841/2592/1100 2322/2593/774
f 2310/2579/773 1759/1890/576 2324/1934/785 2841/2592/1100
f 2841/2592/1100 2324/1934/785 1766/1933/583 2323/2594/786
f 2322/2593/774 2841/2592/1100 2323/2594/786 1765/2595/577
f 1759/1895/576 2312/2583/771 2842/2596/1099 2324/1935/785
f 2312/2583/771 1760/2582/575 2326/2597/783 2842/2596/1099
f 2842/2596/1099 2326/2597/783 1767/1939/582 2325/2598/784
f 2324/1935/785 2842/2596/1099 2325/2598/784 1766/1937/583
f 1760/2582/575 2314/1919/769 2843/1956/1098 2326/2597/783
f 2314/1919/769 1761/1901/574 2328/1944/781 2843/1956/1098
f 2843/1956/1098 2328/1944/781 1768/1943/581 2327/2599/782
f 2326/2597/783 2843/1956/1098 2327/2599/782 1767/1939/582
f 1884/2585/695 2606/1908/1037 2844/2600/1089 2549/2601/995
f 2606/1908/1037 1762/1909/573 2329/1865/780 2844/2600/1089
f 2844/2600/1089 2329/1865/780 1769/1949/580 2608/2602/1039
f 2549/2601/995 2844/2600/1089 2608/2602/1039 1886/2603/697
f 1768/1914/581 2607/2587/1040 2845/1951/1104 2341/1950/794
f 2607/2587/1040 1885/1916/698 2550/2133/998 2845/1951/1104
f 2845/1951/1104 2550/2133/998 1887/1954/700 2609/2604/1042
f 2341/1950/794 2845/1951/1104 2609/2604/1042 1775/1952/588
f 1762/1901/573 2317/2589/766 2846/1956/1095 2329/1944/780
f 2317/2589/766 1763/1897/572 2331/1940/778 2846/1956/1095
f 2846/1956/1095 2331/1940/778 1770/1939/579 2330/2605/779
f 2329/1944/780 2846/1956/1095 2330/2605/779 1769/1943/580
f 1763/1897/572 2319/1922/764 2847/1959/1094 2331/1940/778
f 2319/1922/764 1764/1895/571 2333/1935/776 2847/1959/1094
f 2847/1959/1094 2333/1935/776 1771/1937/578 2332/1960/777
f 2331/1940/778 2847/1959/1094 2332/1960/777 1770/1939/579
f 1764/1927/571 2321/2591/762 2848/1962/1093 2333/1961/776
f 2321/2591/762 1758/2580/570 2322/2593/774 2848/1962/1093
f 2848/1962/1093 2322/2593/774 1765/2595/577 2334/2142/775
f 2333/1961/776 2848/1962/1093 2334/2142/775 1771/1963/578
f 1765/2595/577 2323/2594/786 2849/2606/1108 2335/2607/787
f 2323/2594/786 1766/1933/583 2337/1969/798 2849/2606/1108
f 2849/2606/1108 2337/1969/798 1773/1952/590 2336/2608/799
f 2335/2607/787 2849/2606/1108 2336/2608/799 1772/2609/584
f 1766/1937/583 2325/2598/784 2850/2610/1107 2337/1970/798
f 2325/2598/784 1767/1939/582 2339/2611/796 2850/2610/1107
f 2850/2610/1107 2339/2611/796 1774/1993/589 2338/2612/797
f 2337/1970/798 2850/2610/1107 2338/2612/797 1773/1972/590
f 1767/1939/582 2327/2599/782 2851/1976/1106 2339/2611/796
f 2327/2599/782 1768/1943/581 2341/1979/794 2851/1976/1106
f 2851/1976/1106 2341/1979/794 1775/1978/588 2340/2613/795
f 2339/2611/796 2851/1976/1106 2340/2613/795 1774/1993/589
f 1886/2603/697 2608/2602/1039 2852/1820/1097 2552/2614/997
f 2608/2602/1039 1769/1949/580 2342/1985/793 2852/1820/1097
f 2852/1820/1097 2342/1985/793 1776/1984/587 2610/1983/1041
f 2552/2614/997 2852/1820/1097 2610/1983/1041 1888/2615/699
f 1775/1952/588 2609/2604/1042 2853/2616/1112 2354/1986/807
f 2609/2604/1042 1887/1954/700 2553/2617/1000 2853/2616/1112
f 2853/2616/1112 2553/2617/1000 1889/1990/702 2611/2618/1044
f 2354/1986/807 2853/2616/1112 2611/2618/1044 1782/1988/595
f 1769/1943/580 2330/2605/779 2854/1976/1103 2342/1979/793
f 2330/2605/779 1770/1939/579 2344/1994/791 2854/1976/1103
f 2854/1976/1103 2344/1994/791 1777/1993/586 2343/1992/792
f 2342/1979/793 2854/1976/1103 2343/1992/792 1776/1978/587
f 1770/1939/579 2332/1960/777 2855/1995/1102 2344/1994/791
f 2332/1960/777 1771/1937/578 2346/1970/789 2855/1995/1102
f 2855/1995/1102 2346/1970/789 1778/1972/585 2345/1973/790
f 2344/1994/791 2855/1995/1102 2345/1973/790 1777/1993/586
f 1771/1963/578 2334/2142/775 2856/1997/1101 2346/1996/789
f 2334/2142/775 1765/2595/577 2335/2607/787 2856/1997/1101
f 2856/1997/1101 2335/2607/787 1772/2609/584 2347/1998/788
f 2346/1996/789 2856/1997/1101 2347/1998/788 1778/1984/585
f 1772/2609/584 2336/2608/799 2857/2619/1116 2348/2620/800
f 2336/2608/799 1773/1952/590 2350/2004/811 2857/2619/1116
f 2857/2619/1116 2350/2004/811 1780/2003/597 2349/2621/812
f 2348/2620/800 2857/2619/1116 2349/2621/812 1779/2622/591
f 1773/1972/590 2338/2612/797 2858/2623/1115 2350/2005/811
f 2338/2612/797 1774/1993/589 2352/2624/809 2858/2623/1115
f 2858/2623/1115 2352/2624/809 1781/2625/596 2351/2031/810
f 2350/2005/811 2858/2623/1115 2351/2031/810 1780/2007/597
f 1774/1993/589 2340/2613/795 2859/2626/1114 2352/2624/809
f 2340/2613/795 1775/1978/588 2354/2014/807 2859/2626/1114
f 2859/2626/1114 2354/2014/807 1782/2013/595 2353/2627/808
f 2352/2624/809 2859/2626/1114 2353/2627/808 1781/2625/596
f 1888/2615/699 2610/1983/1041 2860/2628/1105 2555/2629/999
f 2610/1983/1041 1776/1984/587 2355/2020/806 2860/2628/1105
f 2860/2628/1105 2355/2020/806 1783/2019/594 2612/2630/1043
f 2555/2629/999 2860/2628/1105 2612/2630/1043 1890/2631/701
f 1782/1988/595 2611/2618/1044 2861/2632/1120 2367/2021/820
f 2611/2618/1044 1889/1990/702 2556/2026/1002 2861/2632/1120
f 2861/2632/1120 2556/2026/1002 1891/2025/704 2613/2024/1046
f 2367/2021/820 2861/2632/1120 2613/2024/1046 1789/2023/602
f 1776/1978/587 2343/1992/792 2862/2011/1111 2355/2014/806
f 2343/1992/792 1777/1993/586 2357/2624/804 2862/2011/1111
f 2862/2011/1111 2357/2624/804 1784/2625/593 2356/2028/805
f 2355/2014/806 2862/2011/1111 2356/2028/805 1783/2013/594
f 1777/1993/586 2345/1973/790 2863/2633/1110 2357/2624/804
f 2345/1973/790 1778/1972/585 2359/2005/802 2863/2633/1110
f 2863/2633/1110 2359/2005/802 1785/2007/592 2358/2008/803
f 2357/2624/804 2863/2633/1110 2358/2008/803 1784/2625/593
f 1778/1984/585 2347/1998/788 2864/2033/1109 2359/2032/802
f 2347/1998/788 1772/2609/584 2348/2620/800 2864/2033/1109
f 2864/2033/1109 2348/2620/800 1779/2622/591 2360/2035/801
f 2359/2032/802 2864/2033/1109 2360/2035/801 1785/2034/592
f 1779/2622/591 2349/2621/812 2865/2634/1124 2361/2635/813
f 2349/2621/812 1780/2003/597 2363/2041/824 2865/2634/1124
f 2865/2634/1124 2363/2041/824 1787/2040/604 2362/2039/825
f 2361/2635/813 2865/2634/1124 2362/2039/825 1786/2038/598
f 1780/2007/597 2351/2031/810 2866/2043/1123 2363/2042/824
f 2351/2031/810 1781/2625/596 2365/2636/822 2866/2043/1123
f 2866/2043/1123 2365/2636/822 1788/2637/603 2364/2638/823
f 2363/2042/824 2866/2043/1123 2364/2638/823 1787/2044/604
f 1781/2625/596 2353/2627/808 2867/2639/1122 2365/2636/822
f 2353/2627/808 1782/2013/595 2367/2051/820 2867/2639/1122
f 2867/2639/1122 2367/2051/820 1789/2050/602 2366/2640/821
f 2365/2636/822 2867/2639/1122 2366/2640/821 1788/2637/603
f 1890/2631/701 2612/2630/1043 2868/2641/1113 2558/2294/1001
f 2612/2630/1043 1783/2019/594 2368/2057/819 2868/2641/1113
f 2868/2641/1113 2368/2057/819 1790/2056/601 2614/2055/1045
f 2558/2294/1001 2868/2641/1113 2614/2055/1045 1892/2054/703
f 1789/1866/602 2613/2060/1046 2869/2642/1128 2380/2058/833
f 2613/2060/1046 1891/2064/704 2559/2643/1004 2869/2642/1128
f 2869/2642/1128 2559/2643/1004 1893/2062/706 2615/2644/1048
f 2380/2058/833 2869/2642/1128 2615/2644/1048 1796/2061/609
f 1783/2013/594 2356/2028/805 2870/2645/1119 2368/2051/819
f 2356/2028/805 1784/2625/593 2370/2066/817 2870/2645/1119
f 2870/2645/1119 2370/2066/817 1791/2046/600 2369/2646/818
f 2368/2051/819 2870/2645/1119 2369/2646/818 1790/2050/601
f 1784/2625/593 2358/2008/803 2871/2067/1118 2370/2066/817
f 2358/2008/803 1785/2007/592 2372/2042/815 2871/2067/1118
f 2871/2067/1118 2372/2042/815 1792/2044/599 2371/2068/816
f 2370/2066/817 2871/2067/1118 2371/2068/816 1791/2046/600
f 1785/2034/592 2360/2035/801 2872/2306/1117 2372/2069/815
f 2360/2035/801 1779/2622/591 2361/2635/813 2872/2306/1117
f 2872/2306/1117 2361/2635/813 1786/2038/598 2373/2072/814
f 2372/2069/815 2872/2306/1117 2373/2072/814 1792/2071/599
f 1786/1884/598 2362/2075/825 2873/2577/1132 2374/2647/826
f 2362/2075/825 1787/2079/604 2376/2078/837 2873/2577/1132
f 2873/2577/1132 2376/2078/837 1794/2077/611 2375/2648/838
f 2374/2647/826 2873/2577/1132 2375/2648/838 1793/2649/605
f 1787/2044/604 2364/2638/823 2874/2650/1131 2376/2080/837
f 2364/2638/823 1788/2637/603 2378/2651/835 2874/2650/1131
f 2874/2650/1131 2378/2651/835 1795/2084/610 2377/2652/836
f 2376/2080/837 2874/2650/1131 2377/2652/836 1794/2082/611
f 1788/2637/603 2366/2640/821 2875/2653/1130 2378/2651/835
f 2366/2640/821 1789/2050/602 2380/2089/833 2875/2653/1130
f 2875/2653/1130 2380/2089/833 1796/2088/609 2379/2654/834
f 2378/2651/835 2875/2653/1130 2379/2654/834 1795/2084/610
f 1892/2090/703 2614/2093/1045 2876/2655/1121 2561/2656/1003
f 2614/2093/1045 1790/1911/601 2381/2096/832 2876/2655/1121
f 2876/2655/1121 2381/2096/832 1797/2095/608 2616/2657/1047
f 2561/2656/1003 2876/2655/1121 2616/2657/1047 1894/2658/705
f 1796/2061/609 2615/2644/1048 2877/2586/1136 2393/1912/846
f 2615/2644/1048 1893/2062/706 2562/2659/1006 2877/2586/1136
f 2877/2586/1136 2562/2659/1006 1895/1916/708 2617/2660/1050
f 2393/1912/846 2877/2586/1136 2617/2660/1050 1803/2098/616
f 1790/2050/601 2369/2646/818 2878/2086/1127 2381/2089/832
f 2369/2646/818 1791/2046/600 2383/2104/830 2878/2086/1127
f 2878/2086/1127 2383/2104/830 1798/2084/607 2382/2661/831
f 2381/2089/832 2878/2086/1127 2382/2661/831 1797/2088/608
f 1791/2046/600 2371/2068/816 2879/2662/1126 2383/2104/830
f 2371/2068/816 1792/2044/599 2385/2080/828 2879/2662/1126
f 2879/2662/1126 2385/2080/828 1799/2082/606 2384/2663/829
f 2383/2104/830 2879/2662/1126 2384/2663/829 1798/2084/607
f 1792/2107/599 2373/2109/814 2880/1925/1125 2385/2108/828
f 2373/2109/814 1786/1884/598 2374/2647/826 2880/1925/1125
f 2880/1925/1125 2374/2647/826 1793/2649/605 2386/2111/827
f 2385/2108/828 2880/1925/1125 2386/2111/827 1799/2110/606
f 1793/2649/605 2375/2648/838 2881/2664/1140 2387/2112/839
f 2375/2648/838 1794/2077/611 2389/1849/850 2881/2664/1140
f 2881/2664/1140 2389/1849/850 1801/2116/618 2388/2665/851
f 2387/2112/839 2881/2664/1140 2388/2665/851 1800/2114/612
f 1794/2082/611 2377/2652/836 2882/2666/1139 2389/2117/850
f 2377/2652/836 1795/2084/610 2391/2137/848 2882/2666/1139
f 2882/2666/1139 2391/2137/848 1802/2667/617 2390/2668/849
f 2389/2117/850 2882/2666/1139 2390/2668/849 1801/2119/618
f 1795/2084/610 2379/2654/834 2883/2669/1138 2391/2137/848
f 2379/2654/834 1796/2088/609 2393/2126/846 2883/2669/1138
f 2883/2669/1138 2393/2126/846 1803/2125/616 2392/2135/847
f 2391/2137/848 2883/2669/1138 2392/2135/847 1802/2667/617
f 1894/2658/705 2616/2657/1047 2884/2128/1129 2564/2670/1005
f 2616/2657/1047 1797/2095/608 2394/1865/845 2884/2128/1129
f 2884/2128/1129 2394/1865/845 1804/2131/615 2618/2602/1049
f 2564/2670/1005 2884/2128/1129 2618/2602/1049 1896/2671/707
f 1803/2098/616 2617/2660/1050 2885/2672/1144 2406/1950/859
f 2617/2660/1050 1895/1916/708 2565/2133/1008 2885/2672/1144
f 2885/2672/1144 2565/2133/1008 1897/1954/710 2619/2604/1052
f 2406/1950/859 2885/2672/1144 2619/2604/1052 1810/1952/623
f 1797/2088/608 2382/2661/831 2886/2673/1135 2394/2126/845
f 2382/2661/831 1798/2084/607 2396/2674/843 2886/2673/1135
f 2886/2673/1135 2396/2674/843 1805/2667/614 2395/2124/844
f 2394/2126/845 2886/2673/1135 2395/2124/844 1804/2125/615
f 1798/2084/607 2384/2663/829 2887/2666/1134 2396/2674/843
f 2384/2663/829 1799/2082/606 2398/2117/841 2887/2666/1134
f 2887/2666/1134 2398/2117/841 1806/2119/613 2397/2668/842
f 2396/2674/843 2887/2666/1134 2397/2668/842 1805/2667/614
f 1799/2110/606 2386/2111/827 2888/2140/1133 2398/1880/841
f 2386/2111/827 1793/2649/605 2387/2112/839 2888/2140/1133
f 2888/2140/1133 2387/2112/839 1800/2114/612 2399/1843/840
f 2398/1880/841 2888/2140/1133 2399/1843/840 1806/2141/613
f 1800/2114/612 2388/2665/851 2889/1796/1148 2400/2675/852
f 2388/2665/851 1801/2116/618 2402/2146/863 2889/1796/1148
f 2889/1796/1148 2402/2146/863 1808/1952/625 2401/2608/864
f 2400/2675/852 2889/1796/1148 2401/2608/864 1807/2609/619
f 1801/2119/618 2390/2668/849 2890/2148/1147 2402/2147/863
f 2390/2668/849 1802/2667/617 2404/2676/861 2890/2148/1147
f 2890/2148/1147 2404/2676/861 1809/2677/624 2403/2678/862
f 2402/2147/863 2890/2148/1147 2403/2678/862 1808/2149/625
f 1802/2667/617 2392/2135/847 2891/2153/1146 2404/2676/861
f 2392/2135/847 1803/2125/616 2406/2156/859 2891/2153/1146
f 2891/2153/1146 2406/2156/859 1810/2155/623 2405/2679/860
f 2404/2676/861 2891/2153/1146 2405/2679/860 1809/2677/624
f 1896/2671/707 2618/2602/1049 2892/1820/1137 2567/2614/1007
f 2618/2602/1049 1804/2131/615 2407/1985/858 2892/1820/1137
f 2892/1820/1137 2407/1985/858 1811/1984/622 2620/1983/1051
f 2567/2614/1007 2892/1820/1137 2620/1983/1051 1898/2615/709
f 1810/1952/623 2619/2604/1052 2893/2159/1152 2419/2158/872
f 2619/2604/1052 1897/1954/710 2568/2163/1010 2893/2159/1152
f 2893/2159/1152 2568/2163/1010 1899/2680/712 2621/2681/1054
f 2419/2158/872 2893/2159/1152 2621/2681/1054 1817/2160/630
f 1804/2125/615 2395/2124/844 2894/2153/1143 2407/2156/858
f 2395/2124/844 1805/2667/614 2409/2166/856 2894/2153/1143
f 2894/2153/1143 2409/2166/856 1812/2677/621 2408/2154/857
f 2407/2156/858 2894/2153/1143 2408/2154/857 1811/2155/622
f 1805/2667/614 2397/2668/842 2895/2682/1142 2409/2166/856
f 2397/2668/842 1806/2119/613 2411/2147/854 2895/2682/1142
f 2895/2682/1142 2411/2147/854 1813/2149/620 2410/2150/855
f 2409/2166/856 2895/2682/1142 2410/2150/855 1812/2677/621
f 1806/2141/613 2399/1843/840 2896/2170/1141 2411/2169/854
f 2399/1843/840 1800/2114/612 2400/2675/852 2896/2170/1141
f 2896/2170/1141 2400/2675/852 1807/2609/619 2412/2171/853
f 2411/2169/854 2896/2170/1141 2412/2171/853 1813/1984/620
f 1807/2609/619 2401/2608/864 2897/2683/1156 2413/2684/865
f 2401/2608/864 1808/1952/625 2415/2177/876 2897/2683/1156
f 2897/2683/1156 2415/2177/876 1815/2176/632 2414/2685/877
f 2413/2684/865 2897/2683/1156 2414/2685/877 1814/2686/626
f 1808/2149/625 2403/2678/862 2898/2687/1155 2415/2178/876
f 2403/2678/862 1809/2677/624 2417/2688/874 2898/2687/1155
f 2898/2687/1155 2417/2688/874 1816/2689/631 2416/2181/875
f 2415/2178/876 2898/2687/1155 2416/2181/875 1815/2180/632
f 1809/2677/624 2405/2679/860 2899/2690/1154 2417/2688/874
f 2405/2679/860 1810/2155/623 2419/2187/872 2899/2690/1154
f 2899/2690/1154 2419/2187/872 1817/2186/630 2418/2691/873
f 2417/2688/874 2899/2690/1154 2418/2691/873 1816/2689/631
f 1898/2615/709 2620/1983/1051 2900/2692/1145 2570/2693/1009
f 2620/1983/1051 1811/1984/622 2420/2193/871 2900/2692/1145
f 2900/2692/1145 2420/2193/871 1818/2192/629 2622/2191/1053
f 2570/2693/1009 2900/2692/1145 2622/2191/1053 1900/2694/711
f 1817/2160/630 2621/2681/1054 2901/2695/1160 2432/2194/885
f 2621/2681/1054 1899/2680/712 2571/2696/1012 2901/2695/1160
f 2901/2695/1160 2571/2696/1012 1901/2198/714 2623/2697/1056
f 2432/2194/885 2901/2695/1160 2623/2697/1056 1824/2196/637
f 1811/2155/622 2408/2154/857 2902/2200/1151 2420/2187/871
f 2408/2154/857 1812/2677/621 2422/2183/869 2902/2200/1151
f 2902/2200/1151 2422/2183/869 1819/2202/628 2421/2698/870
f 2420/2187/871 2902/2200/1151 2421/2698/870 1818/2186/629
f 1812/2677/621 2410/2150/855 2903/2179/1150 2422/2183/869
f 2410/2150/855 1813/2149/620 2424/2178/867 2903/2179/1150
f 2903/2179/1150 2424/2178/867 1820/2180/627 2423/2204/868
f 2422/2183/869 2903/2179/1150 2423/2204/868 1819/2202/628
f 1813/1984/620 2412/2171/853 2904/2699/1149 2424/2205/867
f 2412/2171/853 1807/2609/619 2413/2684/865 2904/2699/1149
f 2904/2699/1149 2413/2684/865 1814/2686/626 2425/2208/866
f 2424/2205/867 2904/2699/1149 2425/2208/866 1820/2207/627
f 1814/2686/626 2414/2685/877 2905/2700/1164 2426/2701/878
f 2414/2685/877 1815/2176/632 2428/2214/889 2905/2700/1164
f 2905/2700/1164 2428/2214/889 1822/2213/639 2427/2702/890
f 2426/2701/878 2905/2700/1164 2427/2702/890 1821/2703/633
f 1815/2180/632 2416/2181/875 2906/2704/1163 2428/2215/889
f 2416/2181/875 1816/2689/631 2430/2705/887 2906/2704/1163
f 2906/2704/1163 2430/2705/887 1823/2706/638 2429/2218/888
f 2428/2215/889 2906/2704/1163 2429/2218/888 1822/2217/639
f 1816/2689/631 2418/2691/873 2907/2707/1162 2430/2705/887
f 2418/2691/873 1817/2186/630 2432/2224/885 2907/2707/1162
f 2907/2707/1162 2432/2224/885 1824/2223/637 2431/2222/886
f 2430/2705/887 2907/2707/1162 2431/2222/886 1823/2706/638
f 1900/2694/711 2622/2191/1053 2908/2708/1153 2573/2709/1011
f 2622/2191/1053 1818/2192/629 2433/2230/884 2908/2708/1153
f 2908/2708/1153 2433/2230/884 1825/2229/636 2624/2710/1055
f 2573/2709/1011 2908/2708/1153 2624/2710/1055 1902/2711/713
f 1824/2196/637 2623/2697/1056 2909/2712/1168 2445/2231/898
f 2623/2697/1056 1901/2198/714 2574/2713/1014 2909/2712/1168
f 2909/2712/1168 2574/2713/1014 1903/2235/716 2625/2234/1058
f 2445/2231/898 2909/2712/1168 2625/2234/1058 1831/2233/644
f 1818/2186/629 2421/2698/870 2910/2714/1159 2433/2224/884
f 2421/2698/870 1819/2202/628 2435/2220/882 2910/2714/1159
f 2910/2714/1159 2435/2220/882 1826/2715/635 2434/2716/883
f 2433/2224/884 2910/2714/1159 2434/2716/883 1825/2223/636
f 1819/2202/628 2423/2204/868 2911/2717/1158 2435/2220/882
f 2423/2204/868 1820/2180/627 2437/2215/880 2911/2717/1158
f 2911/2717/1158 2437/2215/880 1827/2217/634 2436/2718/881
f 2435/2220/882 2911/2717/1158 2436/2718/881 1826/2715/635
f 1820/2207/627 2425/2208/866 2912/2719/1157 2437/2243/880
f 2425/2208/866 1814/2686/626 2426/2701/878 2912/2719/1157
f 2912/2719/1157 2426/2701/878 1821/2703/633 2438/2246/879
f 2437/2243/880 2912/2719/1157 2438/2246/879 1827/2245/634
f 1821/2703/633 2427/2702/890 2913/2248/1172 2439/2247/891
f 2427/2702/890 1822/2213/639 2441/2252/902 2913/2248/1172
f 2913/2248/1172 2441/2252/902 1829/2251/646 2440/2250/903
f 2439/2247/891 2913/2248/1172 2440/2250/903 1828/2249/640
f 1822/2217/639 2429/2218/888 2914/2720/1171 2441/2253/902
f 2429/2218/888 1823/2706/638 2443/2721/900 2914/2720/1171
f 2914/2720/1171 2443/2721/900 1830/2257/645 2442/2722/901
f 2441/2253/902 2914/2720/1171 2442/2722/901 1829/2255/646
f 1823/2706/638 2431/2222/886 2915/2259/1170 2443/2721/900
f 2431/2222/886 1824/2223/637 2445/2262/898 2915/2259/1170
f 2915/2259/1170 2445/2262/898 1831/2261/644 2444/2723/899
f 2443/2721/900 2915/2259/1170 2444/2723/899 1830/2257/645
f 1902/2711/713 2624/2710/1055 2916/2724/1161 2576/2725/1013
f 2624/2710/1055 1825/2229/636 2446/2268/897 2916/2724/1161
f 2916/2724/1161 2446/2268/897 1832/2267/643 2626/2266/1057
f 2576/2725/1013 2916/2724/1161 2626/2266/1057 1904/2265/715
f 1831/2023/644 2625/2024/1058 2917/2726/1176 2458/2269/911
f 2625/2024/1058 1903/2025/716 2577/2026/1016 2917/2726/1176
f 2917/2726/1176 2577/2026/1016 1905/2271/718 2627/2618/1060
f 2458/2269/911 2917/2726/1176 2627/2618/1060 1838/1988/651
f 1825/2223/636 2434/2716/883 2918/2259/1167 2446/2262/897
f 2434/2716/883 1826/2715/635 2448/2275/895 2918/2259/1167
f 2918/2259/1167 2448/2275/895 1833/2727/642 2447/2728/896
f 2446/2262/897 2918/2259/1167 2447/2728/896 1832/2261/643
f 1826/2715/635 2436/2718/881 2919/2276/1166 2448/2275/895
f 2436/2718/881 1827/2217/634 2450/2253/893 2919/2276/1166
f 2919/2276/1166 2450/2253/893 1834/2255/641 2449/2277/894
f 2448/2275/895 2919/2276/1166 2449/2277/894 1833/2727/642
f 1827/2245/634 2438/2246/879 2920/2729/1165 2450/2278/893
f 2438/2246/879 1821/2703/633 2439/2247/891 2920/2729/1165
f 2920/2729/1165 2439/2247/891 1828/2249/640 2451/2281/892
f 2450/2278/893 2920/2729/1165 2451/2281/892 1834/2280/641
f 1828/2038/640 2440/2039/903 2921/2037/1180 2452/2036/904
f 2440/2039/903 1829/2040/646 2454/2041/915 2921/2037/1180
f 2921/2037/1180 2454/2041/915 1836/2003/653 2453/2730/916
f 2452/2036/904 2921/2037/1180 2453/2730/916 1835/2731/647
f 1829/2255/646 2442/2722/901 2922/2732/1179 2454/2284/915
f 2442/2722/901 1830/2257/645 2456/2733/913 2922/2732/1179
f 2922/2732/1179 2456/2733/913 1837/2288/652 2455/2734/914
f 2454/2284/915 2922/2732/1179 2455/2734/914 1836/2286/653
f 1830/2257/645 2444/2723/899 2923/2300/1178 2456/2733/913
f 2444/2723/899 1831/2261/644 2458/2293/911 2923/2300/1178
f 2923/2300/1178 2458/2293/911 1838/2292/651 2457/2291/912
f 2456/2733/913 2923/2300/1178 2457/2291/912 1837/2288/652
f 1904/2054/715 2626/2055/1057 2924/2295/1169 2579/2735/1015
f 2626/2055/1057 1832/2056/643 2459/2297/910 2924/2295/1169
f 2924/2295/1169 2459/2297/910 1839/2019/650 2628/2630/1059
f 2579/2735/1015 2924/2295/1169 2628/2630/1059 1906/2736/717
f 1838/1988/651 2627/2618/1060 2925/2616/1184 2471/1986/924
f 2627/2618/1060 1905/2271/718 2580/1991/1018 2925/2616/1184
f 2925/2616/1184 2580/1991/1018 1907/2299/720 2629/2737/1062
f 2471/1986/924 2925/2616/1184 2629/2737/1062 1845/1952/658
f 1832/2261/643 2447/2728/896 2926/2300/1175 2459/2293/910
f 2447/2728/896 1833/2727/642 2461/2289/908 2926/2300/1175
f 2926/2300/1175 2461/2289/908 1840/2288/649 2460/2738/909
f 2459/2293/910 2926/2300/1175 2460/2738/909 1839/2292/650
f 1833/2727/642 2449/2277/894 2927/2739/1174 2461/2289/908
f 2449/2277/894 1834/2255/641 2463/2284/906 2927/2739/1174
f 2927/2739/1174 2463/2284/906 1841/2286/648 2462/2305/907
f 2461/2289/908 2927/2739/1174 2462/2305/907 1840/2288/649
f 1834/2071/641 2451/2072/892 2928/2306/1173 2463/2069/906
f 2451/2072/892 1828/2038/640 2452/2036/904 2928/2306/1173
f 2928/2306/1173 2452/2036/904 1835/2731/647 2464/2035/905
f 2463/2069/906 2928/2306/1173 2464/2035/905 1841/2034/648
f 1835/2731/647 2453/2730/916 2929/2619/1188 2465/2740/917
f 2453/2730/916 1836/2003/653 2467/2004/928 2929/2619/1188
f 2929/2619/1188 2467/2004/928 1843/1952/660 2466/2608/929
f 2465/2740/917 2929/2619/1188 2466/2608/929 1842/2609/654
f 1836/2286/653 2455/2734/914 2930/2741/1187 2467/2310/928
f 2455/2734/914 1837/2288/652 2469/2315/926 2930/2741/1187
f 2930/2741/1187 2469/2315/926 1844/2326/659 2468/2742/927
f 2467/2310/928 2930/2741/1187 2468/2742/927 1843/2312/660
f 1837/2288/652 2457/2291/912 2931/2743/1186 2469/2315/926
f 2457/2291/912 1838/2292/651 2471/2319/924 2931/2743/1186
f 2931/2743/1186 2471/2319/924 1845/2318/658 2470/2744/925
f 2469/2315/926 2931/2743/1186 2470/2744/925 1844/2326/659
f 1906/2736/717 2628/2630/1059 2932/2321/1177 2582/2745/1017
f 2628/2630/1059 1839/2019/650 2472/2020/923 2932/2321/1177
f 2932/2321/1177 2472/2020/923 1846/1984/657 2630/2322/1061
f 2582/2745/1017 2932/2321/1177 2630/2322/1061 1908/2615/719
f 1845/1952/658 2629/2737/1062 2933/2746/1192 2484/1950/937
f 2629/2737/1062 1907/2299/720 2583/1955/1020 2933/2746/1192
f 2933/2746/1192 2583/1955/1020 1909/2747/722 2631/2660/1064
f 2484/1950/937 2933/2746/1192 2631/2660/1064 1852/1914/665
f 1839/2292/650 2460/2738/909 2934/2748/1183 2472/2319/923
f 2460/2738/909 1840/2288/649 2474/2749/921 2934/2748/1183
f 2934/2748/1183 2474/2749/921 1847/2314/656 2473/2750/922
f 2472/2319/923 2934/2748/1183 2473/2750/922 1846/2318/657
f 1840/2288/649 2462/2305/907 2935/2751/1182 2474/2749/921
f 2462/2305/907 1841/2286/648 2476/2310/919 2935/2751/1182
f 2935/2751/1182 2476/2310/919 1848/2312/655 2475/2752/920
f 2474/2749/921 2935/2751/1182 2475/2752/920 1847/2314/656
f 1841/2034/648 2464/2035/905 2936/2329/1181 2476/2032/919
f 2464/2035/905 1835/2731/647 2465/2740/917 2936/2329/1181
f 2936/2329/1181 2465/2740/917 1842/2609/654 2477/1998/918
f 2476/2032/919 2936/2329/1181 2477/1998/918 1848/1984/655
f 1842/2609/654 2466/2608/929 2937/2753/1196 2478/2754/930
f 2466/2608/929 1843/1952/660 2480/1969/941 2937/2753/1196
f 2937/2753/1196 2480/1969/941 1850/1933/667 2479/2594/942
f 2478/2754/930 2937/2753/1196 2479/2594/942 1849/2755/661
f 1843/2312/660 2468/2742/927 2938/2332/1195 2480/2331/941
f 2468/2742/927 1844/2326/659 2482/2756/939 2938/2332/1195
f 2938/2332/1195 2482/2756/939 1851/2351/666 2481/2334/940
f 2480/2331/941 2938/2332/1195 2481/2334/940 1850/2333/667
f 1844/2326/659 2470/2744/925 2939/2337/1194 2482/2756/939
f 2470/2744/925 1845/2318/658 2484/2340/937 2939/2337/1194
f 2939/2337/1194 2484/2340/937 1852/2339/665 2483/2757/938
f 2482/2756/939 2939/2337/1194 2483/2757/938 1851/2351/666
f 1908/2615/719 2630/2322/1061 2940/2758/1185 2585/2614/1019
f 2630/2322/1061 1846/1984/657 2485/1985/936 2940/2758/1185
f 2940/2758/1185 2485/1985/936 1853/1949/664 2632/2130/1063
f 2585/2614/1019 2940/2758/1185 2632/2130/1063 1910/2759/721
f 1852/1914/665 2631/2660/1064 2941/2586/1200 2497/2343/950
f 2631/2660/1064 1909/2747/722 2586/1917/1022 2941/2586/1200
f 2941/2586/1200 2586/1917/1022 1911/2760/724 2633/2761/1066
f 2497/2343/950 2941/2586/1200 2633/2761/1066 1859/2345/672
f 1846/2318/657 2473/2750/922 2942/2762/1191 2485/2340/936
f 2473/2750/922 1847/2314/656 2487/2352/934 2942/2762/1191
f 2942/2762/1191 2487/2352/934 1854/2335/663 2486/2763/935
f 2485/2340/936 2942/2762/1191 2486/2763/935 1853/2339/664
f 1847/2314/656 2475/2752/920 2943/2764/1190 2487/2352/934
f 2475/2752/920 1848/2312/655 2489/2331/932 2943/2764/1190
f 2943/2764/1190 2489/2331/932 1855/2333/662 2488/2765/933
f 2487/2352/934 2943/2764/1190 2488/2765/933 1854/2335/663
f 1848/1984/655 2477/1998/918 2944/1997/1189 2489/1996/932
f 2477/1998/918 1842/2609/654 2478/2754/930 2944/1997/1189
f 2944/1997/1189 2478/2754/930 1849/2755/661 2490/1964/931
f 2489/1996/932 2944/1997/1189 2490/1964/931 1855/1963/662
f 1849/2755/661 2479/2594/942 2945/2766/1204 2491/2767/943
f 2479/2594/942 1850/1933/667 2493/2360/954 2945/2766/1204
f 2945/2766/1204 2493/2360/954 1857/2359/674 2492/2768/955
f 2491/2767/943 2945/2766/1204 2492/2768/955 1856/2769/668
f 1850/2333/667 2481/2334/940 2946/2770/1203 2493/2361/954
f 2481/2334/940 1851/2351/666 2495/2771/952 2946/2770/1203
f 2946/2770/1203 2495/2771/952 1858/2383/673 2494/2364/953
f 2493/2361/954 2946/2770/1203 2494/2364/953 1857/2363/674
f 1851/2351/666 2483/2757/938 2947/2772/1202 2495/2771/952
f 2483/2757/938 1852/2339/665 2497/2370/950 2947/2772/1202
f 2947/2772/1202 2497/2370/950 1859/2369/672 2496/2773/951
f 2495/2771/952 2947/2772/1202 2496/2773/951 1858/2383/673
f 1910/2759/721 2632/2130/1063 2948/2128/1193 2588/2774/1021
f 2632/2130/1063 1853/1949/664 2498/2375/949 2948/2128/1193
f 2948/2128/1193 2498/2375/949 1860/2374/671 2634/2373/1065
f 2588/2774/1021 2948/2128/1193 2634/2373/1065 1912/2775/723
f 1859/2345/672 2633/2761/1066 2949/2776/1208 2510/2376/963
f 2633/2761/1066 1911/2760/724 2589/2777/1024 2949/2776/1208
f 2949/2776/1208 2589/2777/1024 1913/2380/726 2635/2379/1068
f 2510/2376/963 2949/2776/1208 2635/2379/1068 1866/2378/679
f 1853/2339/664 2486/2763/935 2950/2778/1199 2498/2370/949
f 2486/2763/935 1854/2335/663 2500/2779/947 2950/2778/1199
f 2950/2778/1199 2500/2779/947 1861/2383/670 2499/2780/948
f 2498/2370/949 2950/2778/1199 2499/2780/948 1860/2369/671
f 1854/2335/663 2488/2765/933 2951/2362/1198 2500/2779/947
f 2488/2765/933 1855/2333/662 2502/2361/945 2951/2362/1198
f 2951/2362/1198 2502/2361/945 1862/2363/669 2501/2781/946
f 2500/2779/947 2951/2362/1198 2501/2781/946 1861/2383/670
f 1855/1963/662 2490/1964/931 2952/2782/1197 2502/2386/945
f 2490/1964/931 1849/2755/661 2491/2767/943 2952/2782/1197
f 2952/2782/1197 2491/2767/943 1856/2769/668 2503/2783/944
f 2502/2386/945 2952/2782/1197 2503/2783/944 1862/2388/669
f 1856/2769/668 2492/2768/955 2953/2784/1212 2504/2785/956
f 2492/2768/955 1857/2359/674 2506/2395/967 2953/2784/1212
f 2953/2784/1212 2506/2395/967 1864/2394/681 2505/2393/968
f 2504/2785/956 2953/2784/1212 2505/2393/968 1863/2392/675
f 1857/2363/674 2494/2364/953 2954/2397/1211 2506/2396/967
f 2494/2364/953 1858/2383/673 2508/2401/965 2954/2397/1211
f 2954/2397/1211 2508/2401/965 1865/2422/680 2507/2399/966
f 2506/2396/967 2954/2397/1211 2507/2399/966 1864/2398/681
f 1858/2383/673 2496/2773/951 2955/2786/1210 2508/2401/965
f 2496/2773/951 1859/2369/672 2510/2405/963 2955/2786/1210
f 2955/2786/1210 2510/2405/963 1866/2404/679 2509/2787/964
f 2508/2401/965 2955/2786/1210 2509/2787/964 1865/2422/680
f 1912/2775/723 2634/2373/1065 2956/2788/1201 2591/2789/1023
f 2634/2373/1065 1860/2374/671 2511/2411/962 2956/2788/1201
f 2956/2788/1201 2511/2411/962 1867/2410/678 2636/2409/1067
f 2591/2789/1023 2956/2788/1201 2636/2409/1067 1914/2408/725
f 1866/2412/679 2635/2415/1068 2957/2790/1216 2523/2413/976
f 2635/2415/1068 1913/2420/726 2592/2791/1026 2957/2790/1216
f 2957/2790/1216 2592/2791/1026 1915/2792/728 2597/2793/1034
f 2523/2413/976 2957/2790/1216 2597/2793/1034 1873/2416/686
f 1860/2369/671 2499/2780/948 2958/2402/1207 2511/2405/962
f 2499/2780/948 1861/2383/670 2513/2794/960 2958/2402/1207
f 2958/2402/1207 2513/2794/960 1868/2795/677 2512/2796/961
f 2511/2405/962 2958/2402/1207 2512/2796/961 1867/2404/678
f 1861/2383/670 2501/2781/946 2959/2797/1206 2513/2794/960
f 2501/2781/946 1862/2363/669 2515/2396/958 2959/2797/1206
f 2959/2797/1206 2515/2396/958 1869/2398/676 2514/2798/959
f 2513/2794/960 2959/2797/1206 2514/2798/959 1868/2795/677
f 1862/2388/669 2503/2783/944 2960/2799/1205 2515/2426/958
f 2503/2783/944 1856/2769/668 2504/2785/956 2960/2799/1205
f 2960/2799/1205 2504/2785/956 1863/2392/675 2516/2429/957
f 2515/2426/958 2960/2799/1205 2516/2429/957 1869/2428/676
f 1863/2430/675 2505/2433/968 2961/2800/1219 2517/2801/969
f 2505/2433/968 1864/2438/681 2519/2437/980 2961/2800/1219
f 2961/2800/1219 2519/2437/980 1871/2436/688 2518/2802/981
f 2517/2801/969 2961/2800/1219 2518/2802/981 1870/2803/682
f 1864/2398/681 2507/2399/966 2962/2459/1218 2519/2439/980
f 2507/2399/966 1865/2422/680 2521/2458/978 2962/2459/1218
f 2962/2459/1218 2521/2458/978 1872/2804/687 2520/2805/979
f 2519/2439/980 2962/2459/1218 2520/2805/979 1871/2441/688
f 1865/2422/680 2509/2787/964 2963/2806/1217 2521/2458/978
f 2509/2787/964 1866/2404/679 2523/2448/976 2963/2806/1217
f 2963/2806/1217 2523/2448/976 1873/2447/686 2522/2807/977
f 2521/2458/978 2963/2806/1217 2522/2807/977 1872/2804/687
f 1914/2449/725 2636/2452/1067 2964/2808/1209 2594/2450/1025
f 2636/2452/1067 1867/2454/678 2524/2453/975 2964/2808/1209
f 2964/2808/1209 2524/2453/975 1874/1832/685 2602/2553/1029
f 2594/2450/1025 2964/2808/1209 2602/2553/1029 1916/2552/727
f 1867/2404/678 2512/2796/961 2965/2445/1215 2524/2448/975
f 2512/2796/961 1868/2795/677 2526/2458/973 2965/2445/1215
f 2965/2445/1215 2526/2458/973 1875/2443/684 2525/2807/974
f 2524/2448/975 2965/2445/1215 2525/2807/974 1874/2447/685
f 1868/2795/677 2514/2798/959 2966/2459/1214 2526/2458/973
f 2514/2798/959 1869/2398/676 2528/2439/971 2966/2459/1214
f 2966/2459/1214 2528/2439/971 1876/2441/683 2527/2442/972
f 2526/2458/973 2966/2459/1214 2527/2442/972 1875/2443/684
f 1869/2460/676 2516/2463/957 2967/2809/1213 2528/2461/971
f 2516/2463/957 1863/2430/675 2517/2801/969 2967/2809/1213
f 2967/2809/1213 2517/2801/969 1870/2803/682 2529/2810/970
f 2528/2461/971 2967/2809/1213 2529/2810/970 1876/2464/683
f 1870/2803/682 2518/2802/981 2968/2811/1227 2530/2812/982
f 2518/2802/981 1871/2436/688 2531/2468/988 2968/2811/1227
f 2968/2811/1227 2531/2468/988 1738/1802/555 2277/2539/746
f 2530/2812/982 2968/2811/1227 2277/2539/746 1737/2538/549
f 1871/2441/688 2520/2805/979 2969/2813/1226 2531/2469/988
f 2520/2805/979 1872/2804/687 2532/2814/987 2969/2813/1226
f 2969/2813/1226 2532/2814/987 1739/2545/554 2281/1806/743
f 2531/2469/988 2969/2813/1226 2281/1806/743 1738/1803/555
f 1872/2804/687 2522/2807/977 2970/2472/1225 2532/2814/987
f 2522/2807/977 1873/2447/686 2533/2473/986 2970/2472/1225
f 2970/2472/1225 2533/2473/986 1740/1817/553 2284/1834/740
f 2532/2814/987 2970/2472/1225 2284/1834/740 1739/2545/554
f 1740/1802/553 2598/2815/1032 2971/2816/1072 2286/2474/739
f 2598/2815/1032 1878/2481/689 2538/2480/990 2971/2816/1072
f 2971/2816/1072 2538/2480/990 1879/2479/692 2599/2817/1033
f 2286/2474/739 2971/2816/1072 2599/2817/1033 1747/2477/560
f 1747/2477/560 2599/2817/1033 2972/2818/1080 2302/1912/755
f 2599/2817/1033 1879/2479/692 2541/2819/992 2972/2818/1080
f 2972/2818/1080 2541/2819/992 1881/2485/694 2603/2484/1036
f 2302/1912/755 2972/2818/1080 2603/2484/1036 1754/2483/567
f 1874/2447/685 2525/2807/974 2973/2820/1222 2534/2473/985
f 2525/2807/974 1875/2443/684 2535/2814/984 2973/2820/1222
f 2973/2820/1222 2535/2814/984 1742/2545/551 2288/1834/736
f 2534/2473/985 2973/2820/1222 2288/1834/736 1741/1817/552
f 1875/2443/684 2527/2442/972 2974/2489/1221 2535/2814/984
f 2527/2442/972 1876/2441/683 2536/2469/983 2974/2489/1221
f 2974/2489/1221 2536/2469/983 1743/1803/550 2291/1806/733
f 2535/2814/984 2974/2489/1221 2291/1806/733 1742/2545/551
f 1876/2464/683 2529/2810/970 2975/2491/1220 2536/2490/983
f 2529/2810/970 1870/2803/682 2530/2812/982 2975/2491/1220
f 2975/2491/1220 2530/2812/982 1737/2538/549 2294/2558/729
f 2536/2490/983 2975/2491/1220 2294/2558/729 1743/1826/550
f 1878/2481/689 2537/2493/619 2976/2492/865 2538/2480/990
f 2537/2493/619 1877/2548/690 2540/2550/989 2976/2492/865
f 2976/2492/865 2540/2550/989 1880/2551/691 2539/2501/626
f 2538/2480/990 2976/2492/865 2539/2501/626 1879/2479/692
f 1879/2479/692 2539/2501/626 2977/2821/878 2541/2819/992
f 2539/2501/626 1880/2551/691 2543/2566/991 2977/2821/878
f 2977/2821/878 2543/2566/991 1882/1862/693 2542/2496/633
f 2541/2819/992 2977/2821/878 2542/2496/633 1881/2485/694
f 1881/1874/694 2542/2498/633 2978/2822/891 2544/2568/994
f 2542/2498/633 1882/1903/693 2546/1904/993 2978/2822/891
f 2978/2822/891 2546/1904/993 1884/2585/695 2545/2499/640
f 2544/2568/994 2978/2822/891 2545/2499/640 1883/2062/696
f 1883/2062/696 2545/2499/640 2979/2500/904 2547/1917/996
f 2545/2499/640 1884/2585/695 2549/2601/995 2979/2500/904
f 2979/2500/904 2549/2601/995 1886/2603/697 2548/2501/647
f 2547/1917/996 2979/2500/904 2548/2501/647 1885/1916/698
f 1885/1916/698 2548/2501/647 2980/2502/917 2550/2133/998
f 2548/2501/647 1886/2603/697 2552/2614/997 2980/2502/917
f 2980/2502/917 2552/2614/997 1888/2615/699 2551/2309/654
f 2550/2133/998 2980/2502/917 2551/2309/654 1887/1954/700
f 1887/1954/700 2551/2309/654 2981/2519/930 2553/2617/1000
f 2551/2309/654 1888/2615/699 2555/2629/999 2981/2519/930
f 2981/2519/930 2555/2629/999 1890/2631/701 2554/2823/661
f 2553/2617/1000 2981/2519/930 2554/2823/661 1889/1990/702
f 1889/1990/702 2554/2823/661 2982/2505/943 2556/2026/1002
f 2554/2823/661 1890/2631/701 2558/2294/1001 2982/2505/943
f 2982/2505/943 2558/2294/1001 1892/2054/703 2557/2506/668
f 2556/2026/1002 2982/2505/943 2557/2506/668 1891/2025/704
f 1891/2064/704 2557/2508/668 2983/2507/956 2559/2643/1004
f 2557/2508/668 1892/2090/703 2561/2656/1003 2983/2507/956
f 2983/2507/956 2561/2656/1003 1894/2658/705 2560/2824/675
f 2559/2643/1004 2983/2507/956 2560/2824/675 1893/2062/706
f 1893/2062/706 2560/2824/675 2984/2825/969 2562/2659/1006
f 2560/2824/675 1894/2658/705 2564/2670/1005 2984/2825/969
f 2984/2825/969 2564/2670/1005 1896/2671/707 2563/2511/682
f 2562/2659/1006 2984/2825/969 2563/2511/682 1895/1916/708
f 1895/1916/708 2563/2511/682 2985/2502/982 2565/2133/1008
f 2563/2511/682 1896/2671/707 2567/2614/1007 2985/2502/982
f 2985/2502/982 2567/2614/1007 1898/2615/709 2566/2309/549
f 2565/2133/1008 2985/2502/982 2566/2309/549 1897/1954/710
f 1897/1954/710 2566/2309/549 2986/2512/730 2568/2163/1010
f 2566/2309/549 1898/2615/709 2570/2693/1009 2986/2512/730
f 2986/2512/730 2570/2693/1009 1900/2694/711 2569/2826/556
f 2568/2163/1010 2986/2512/730 2569/2826/556 1899/2680/712
f 1899/2680/712 2569/2826/556 2987/2514/748 2571/2696/1012
f 2569/2826/556 1900/2694/711 2573/2709/1011 2987/2514/748
f 2987/2514/748 2573/2709/1011 1902/2711/713 2572/2515/563
f 2571/2696/1012 2987/2514/748 2572/2515/563 1901/2198/714
f 1901/2198/714 2572/2515/563 2988/2516/761 2574/2713/1014
f 2572/2515/563 1902/2711/713 2576/2725/1013 2988/2516/761
f 2988/2516/761 2576/2725/1013 1904/2265/715 2575/2517/570
f 2574/2713/1014 2988/2516/761 2575/2517/570 1903/2235/716
f 1903/2025/716 2575/2506/570 2989/2518/774 2577/2026/1016
f 2575/2506/570 1904/2054/715 2579/2735/1015 2989/2518/774
f 2989/2518/774 2579/2735/1015 1906/2736/717 2578/2504/577
f 2577/2026/1016 2989/2518/774 2578/2504/577 1905/2271/718
f 1905/2271/718 2578/2504/577 2990/2827/787 2580/1991/1018
f 2578/2504/577 1906/2736/717 2582/2745/1017 2990/2827/787
f 2990/2827/787 2582/2745/1017 1908/2615/719 2581/2309/584
f 2580/1991/1018 2990/2827/787 2581/2309/584 1907/2299/720
f 1907/2299/720 2581/2309/584 2991/2828/800 2583/1955/1020
f 2581/2309/584 1908/2615/719 2585/2614/1019 2991/2828/800
f 2991/2828/800 2585/2614/1019 1910/2759/721 2584/2501/591
f 2583/1955/1020 2991/2828/800 2584/2501/591 1909/2747/722
f 1909/2747/722 2584/2501/591 2992/2521/813 2586/1917/1022
f 2584/2501/591 1910/2759/721 2588/2774/1021 2992/2521/813
f 2992/2521/813 2588/2774/1021 1912/2775/723 2587/2829/598
f 2586/1917/1022 2992/2521/813 2587/2829/598 1911/2760/724
f 1911/2760/724 2587/2829/598 2993/2830/826 2589/2777/1024
f 2587/2829/598 1912/2775/723 2591/2789/1023 2993/2830/826
f 2993/2830/826 2591/2789/1023 1914/2408/725 2590/2508/605
f 2589/2777/1024 2993/2830/826 2590/2508/605 1913/2380/726
f 1913/2420/726 2590/2525/605 2994/2524/839 2592/2791/1026
f 2590/2525/605 1914/2449/725 2594/2450/1025 2994/2524/839
f 2994/2524/839 2594/2450/1025 1916/2552/727 2593/2526/612
f 2592/2791/1026 2994/2524/839 2593/2526/612 1915/2792/728
f 1877/2831/690 2537/2493/619 2995/2832/852 2595/1828/1028
f 2537/2493/619 1878/2833/689 2596/2834/1027 2995/2832/852
f 2995/2832/852 2596/2834/1027 1915/2792/728 2593/2526/612
f 2595/1828/1028 2995/2832/852 2593/2526/612 1916/2552/727
f 1873/2416/686 2597/2793/1034 2996/2835/1073 2533/2535/986
f 2597/2793/1034 1915/2792/728 2596/2537/1027 2996/2835/1073
f 2996/2835/1073 2596/2537/1027 1878/2481/689 2598/2815/1032
f 2533/2535/986 2996/2835/1073 2598/2815/1032 1740/1802/553
o Cube.047
v -1.932124 0.749907 0.277004
v -1.932124 1.106378 0.277004
v -2.711545 0.749907 0.277004
v -2.711545 1.106378 0.277004
v -2.711545 0.749907 0.138530
v -2.711545 1.106378 0.138530
v -1.932124 0.749907 0.138530
v -1.932124 1.106378 0.138530
v -1.932124 0.803494 0.277004
v -1.932124 1.033149 0.277004
v -2.711545 1.033149 0.277004
v -2.711545 0.803494 0.277004
v -1.932124 1.033149 0.138530
v -1.932124 0.803494 0.138530
v -2.711545 1.033149 0.138530
v -2.711545 0.803494 0.138530
v -1.936648 0.803494 1.712116
v -2.707021 0.803494 1.712116
v -2.707021 1.033149 1.712116
v -1.936648 1.033149 1.712116
v -2.598060 0.749907 0.277004
v -2.045609 0.749907 0.277004
v -2.598060 1.106378 0.277004
v -2.045609 1.106378 0.277004
v -2.598060 1.106378 0.138530
v -2.045609 1.106378 0.138530
v -2.045609 0.749907 0.138530
v -2.598060 0.749907 0.138530
v -2.598060 1.033149 0.138530
v -2.045609 1.033149 0.138530
v -2.045609 0.803494 0.138530
v -2.598060 0.803494 0.138530
v -2.598060 0.803494 0.277004
v -2.045609 0.803494 0.277004
v -2.045609 1.033149 0.277004
v -2.598060 1.033149 0.277004
v -2.276429 0.803494 1.844687
v -2.367239 0.803494 1.844687
v -2.367239 1.033149 1.844687
v -2.276429 1.033149 1.844687
v -2.687897 1.033149 1.460243
v -2.683908 1.033149 1.407694
v -1.955772 0.803494 1.460243
v -1.959762 0.803494 1.407694
v -2.683908 0.803494 1.407694
v -2.687897 0.803494 1.460243
v -1.959762 1.033149 1.407694
v -1.955772 1.033149 1.460243
v -2.289274 1.033149 0.277005
v -2.354395 1.033149 0.277005
v -2.354395 0.803494 0.277005
v -2.289274 0.803494 0.277005
v -2.354395 0.749907 0.277005
v -2.289274 0.749907 0.277005
v -2.289274 0.803494 0.138531
v -2.354395 0.803494 0.138531
v -2.354395 1.033149 0.138531
v -2.289274 1.033149 0.138531
v -2.354395 1.106378 0.138531
v -2.289274 1.106378 0.138531
v -2.289274 0.749907 0.138531
v -2.354395 0.749907 0.138531
v -2.354395 1.106378 0.277005
v -2.289274 1.106378 0.277005
v -2.364985 1.033149 1.460243
v -2.278684 1.033149 1.460243
v -2.279154 1.033149 1.407693
v -2.364515 1.033149 1.407693
v -2.278684 0.803494 1.460243
v -2.364985 0.803494 1.460243
v -2.364515 0.803494 1.407693
v -2.279154 0.803494 1.407693
v -2.278684 0.658065 1.460243
v -2.364985 0.658065 1.460243
v -2.364515 0.658065 1.407693
v -2.279154 0.658065 1.407693
vn 0.2110 -0.6912 0.6912
vn 0.2110 0.6912 0.6912
vn -0.2110 -0.6912 0.6912
vn -0.2110 0.6912 0.6912
vn -0.2110 -0.6912 -0.6912
vn -0.2110 0.6912 -0.6912
vn 0.2110 -0.6912 -0.6912
vn 0.2110 0.6912 -0.6912
vn 0.2919 -0.0000 0.9564
vn -0.2919 -0.0000 0.9564
vn 0.2919 -0.0000 -0.9564
vn -0.2919 -0.0000 -0.9564
vn 0.3103 -0.8888 0.3373
vn -0.3103 -0.8888 0.3373
vn -0.3103 0.8888 0.3373
vn 0.3103 0.8888 0.3373
vn -0.0000 -0.7071 0.7071
vn -0.0000 0.7071 0.7071
vn -0.0000 0.7071 -0.7071
vn -0.0000 -0.7071 -0.7071
vn -0.0000 -0.0000 -1.0000
vn -0.0966 -0.3211 0.9421
vn 0.0966 -0.3211 0.9421
vn 0.0966 0.3211 0.9421
vn -0.0966 0.3211 0.9421
vn 0.1110 -0.6567 0.7460
vn -0.1110 -0.6567 0.7460
vn -0.1110 0.6567 0.7460
vn 0.1110 0.6567 0.7460
vn -0.2918 0.9562 -0.0222
vn 0.2918 -0.9562 -0.0222
vn -0.2918 -0.9562 -0.0222
vn 0.2918 0.9562 -0.0222
vn -0.0000 1.0000 -0.0000
vn 0.0960 -0.9446 0.3138
vn -0.0960 -0.9446 0.3138
vn -0.0961 -0.9440 -0.3157
vn 0.0961 -0.9440 -0.3157
vn 0.2114 -0.6915 0.6908
vn -0.2114 -0.6915 0.6908
vn -0.2105 -0.6909 -0.6916
vn 0.2105 -0.6909 -0.6916
vt 0.833022 0.022094
vt 0.744692 0.022094
vt 0.744692 0.000000
vt 0.833022 0.000000
vt 0.592949 0.501486
vt 0.592949 0.454775
vt 0.681275 0.454775
vt 0.681275 0.501486
vt 0.744692 0.000000
vt 0.744692 0.046711
vt 0.722598 0.046711
vt 0.722598 0.000000
vt 0.833022 0.151742
vt 0.744692 0.151742
vt 0.744692 0.129648
vt 0.833022 0.129648
vt 0.615043 0.046711
vt 0.615043 0.193205
vt 0.592949 0.193205
vt 0.592949 0.046711
vt 0.592949 0.728873
vt 0.592949 0.682162
vt 0.681275 0.682162
vt 0.681275 0.728873
vt 0.592949 0.909549
vt 0.592949 0.875367
vt 0.681275 0.875367
vt 0.681275 0.909549
vt 0.744692 0.193205
vt 0.744692 0.227387
vt 0.722598 0.227387
vt 0.722598 0.193205
vt 0.592949 0.647980
vt 0.681275 0.647980
vt 0.833022 0.173836
vt 0.744692 0.173836
vt 0.744692 0.151742
vt 0.592949 0.420592
vt 0.592949 0.274099
vt 0.615043 0.274099
vt 0.615043 0.420592
vt 0.446456 -0.000000
vt 0.592949 -0.000000
vt 0.592949 0.083878
vt 0.446456 0.083878
vt 0.833022 0.303485
vt 0.744692 0.303485
vt 0.744692 0.281391
vt 0.833022 0.281391
vt 0.722598 0.420592
vt 0.722598 0.274099
vt 0.744692 0.274099
vt 0.744692 0.420592
vt 0.615043 0.000000
vt 0.592949 0.000000
vt 0.615043 0.227387
vt 0.592949 0.227387
vt 0.722598 0.454775
vt 0.744692 0.454775
vt 0.592949 0.227387
vt 0.615043 0.227387
vt 0.722598 0.227387
vt 0.744692 0.227387
vt 0.592949 0.999483
vt 0.446456 0.999483
vt 0.446456 0.278100
vt 0.592949 0.278100
vt 0.662481 0.420592
vt 0.662481 0.454775
vt 0.615043 0.454775
vt 0.675160 0.193205
vt 0.675160 0.046711
vt 0.675160 0.000000
vt 0.675160 0.227387
vt 0.744692 0.233953
vt 0.833022 0.233953
vt 0.744692 0.082210
vt 0.833022 0.082210
vt 0.662481 0.227387
vt 0.662481 0.274099
vt 0.592949 0.454775
vt 0.299962 0.000000
vt 0.446456 0.000000
vt 0.446456 0.721383
vt 0.299962 0.721383
vt 0.081330 0.000000
vt 0.128768 -0.000000
vt 0.145481 0.721249
vt 0.083300 0.721248
vt 0.218632 1.000000
vt 0.171194 1.000000
vt 0.154481 0.278751
vt 0.216662 0.278751
vt 0.592949 0.244574
vt 0.446456 0.244574
vt 0.146258 0.754769
vt 0.083391 0.754769
vt 0.216571 0.245231
vt 0.153704 0.245231
vt 0.149981 0.084565
vt 0.216132 -0.000000
vt 0.149981 0.915435
vt 0.083830 1.000000
vt 0.446456 0.754909
vt 0.299962 0.754909
vt 0.233372 0.245231
vt 0.296239 0.245231
vt 0.295462 0.278751
vt 0.233281 0.278751
vt 0.066590 0.754769
vt 0.003723 0.754769
vt 0.004500 0.721249
vt 0.066681 0.721248
vt 0.446456 0.915605
vt 0.299962 0.915605
vt 0.778211 0.303485
vt 0.778211 0.396251
vt 0.744692 0.396251
vt 0.066151 1.000000
vt -0.000000 0.915435
vt 0.233811 -0.000000
vt 0.299962 0.084565
vt 0.278749 1.000000
vt 0.231311 1.000000
vt 0.021213 -0.000000
vt 0.068651 0.000000
vt 0.675160 0.274099
vt 0.675160 0.227387
vt 0.833022 0.069532
vt 0.744692 0.069532
vt 0.833022 0.221274
vt 0.744692 0.221274
vt 0.662481 0.193205
vt 0.662481 0.227387
vt 0.662481 0.000000
vt 0.662481 0.046711
vt 0.675160 0.454775
vt 0.675160 0.420592
vt 0.446455 0.999483
vt 0.299962 0.999483
vt 0.762371 0.489018
vt 0.762371 0.635512
vt 0.744692 0.635512
vt 0.744692 0.489018
vt 0.761493 0.854565
vt 0.744692 0.854565
vt 0.744783 0.821045
vt 0.761402 0.821045
vt 0.744691 0.396251
vt 0.778211 0.396251
vt 0.778211 0.489018
vt 0.744691 0.489018
vt 0.744692 0.728278
vt 0.761310 0.728278
vt 0.761310 0.821045
vt 0.744692 0.821045
vt 0.744692 0.635512
vt 0.761493 0.635512
vt 0.761493 0.728278
vt 0.744692 0.728278
s 1
usemtl Rusty_metal
f 3022/2836/1247 3020/2837/1246 2998/2838/1230 3004/2839/1236
f 3009/2840/1239 3004/2841/1236 2998/2842/1230 3006/2843/1237
f 3004/2844/1236 3009/2845/1239 3026/2846/1249 3022/2847/1247
f 3002/2848/1234 3000/2849/1232 3019/2850/1246 3021/2851/1247
f 3025/2852/1249 3028/2853/1249 3012/2854/1240 3011/2855/1240
f 3007/2856/1238 3000/2857/1232 3002/2858/1234 3011/2859/1240
f 2999/2860/1231 3008/2861/1238 3012/2862/1240 3001/2863/1233
f 3008/2861/1238 3007/2856/1238 3011/2859/1240 3012/2862/1240
f 3010/2864/1239 3003/2865/1235 3023/2866/1248 3027/2867/1249
f 3009/2845/1239 3010/2864/1239 3027/2867/1249 3026/2846/1249
f 3003/2857/1235 3010/2868/1239 3005/2869/1237 2997/2858/1229
f 3010/2868/1239 3009/2840/1239 3006/2843/1237 3005/2869/1237
f 3018/2870/1245 3023/2871/1248 3003/2872/1235 2997/2848/1229
f 3005/2873/1237 3006/2874/1237 3031/2875/1252 3030/2876/1251
f 3036/2877/1257 3033/2878/1254 3013/2879/1241 3016/2880/1244
f 2999/2881/1231 3001/2882/1233 3024/2883/1248 3017/2884/1245
f 3029/2885/1250 3032/2886/1253 3007/2887/1238 3008/2888/1238
f 3021/2889/1247 3025/2852/1249 3011/2855/1240 3002/2890/1234
f 3028/2853/1249 3024/2891/1248 3001/2892/1233 3012/2854/1240
f 3017/2893/1245 3029/2885/1250 3008/2888/1238 2999/2894/1231
f 3006/2874/1237 2998/2895/1230 3020/2896/1246 3031/2875/1252
f 3032/2886/1253 3019/2897/1246 3000/2898/1232 3007/2887/1238
f 3030/2899/1251 3031/2900/1252 3043/2901/1261 3040/2902/1259
f 3048/2903/1245 3050/2904/1245 3018/2905/1245 3030/2876/1251
f 3051/2906/1249 3054/2907/1249 3026/2846/1249 3027/2867/1249
f 3054/2907/1249 3056/2908/1247 3022/2847/1247 3026/2846/1249
f 3057/2909/1248 3051/2906/1249 3027/2867/1249 3023/2866/1248
f 3058/2910/1248 3049/2911/1245 3017/2884/1245 3024/2883/1248
f 3059/2912/1246 3055/2913/1247 3021/2851/1247 3019/2850/1246
f 3060/2914/1246 3045/2915/1246 3031/2875/1252 3020/2896/1246
f 2997/2916/1229 3005/2873/1237 3030/2876/1251 3018/2905/1245
f 3032/2917/1253 3029/2918/1250 3041/2919/1260 3038/2920/1258
f 3048/2921/1245 3030/2922/1251 3040/2923/1259 3068/2924/1266
f 3046/2925/1246 3032/2926/1253 3038/2927/1258 3064/2928/1262
f 3039/2929/1259 3044/2930/1261 3016/2880/1244 3013/2879/1241
f 3039/2931/1259 3065/2932/1263 3068/2924/1266 3040/2923/1259
f 3061/2933/1262 3037/2934/1258 3015/2935/1243 3035/2936/1256
f 3065/2932/1263 3039/2931/1259 3013/2937/1241 3033/2938/1254
f 3042/2939/1260 3037/2940/1258 3038/2920/1258 3041/2919/1260
f 3044/2930/1261 3039/2929/1259 3040/2902/1259 3043/2901/1261
f 3062/2941/1262 3044/2942/1261 3043/2943/1261 3063/2944/1262
f 3066/2945/1264 3042/2946/1260 3041/2947/1260 3067/2948/1265
f 3037/2940/1258 3042/2939/1260 3014/2949/1242 3015/2950/1243
f 3068/2882/1266 3065/2951/1263 3069/2952/1267 3072/2953/1270
f 3037/2934/1258 3061/2933/1262 3064/2928/1262 3038/2927/1258
f 3061/2933/1262 3062/2941/1262 3063/2944/1262 3064/2928/1262
f 3042/2946/1260 3066/2945/1264 3034/2954/1255 3014/2955/1242
f 3066/2945/1264 3065/2932/1263 3033/2938/1254 3034/2954/1255
f 3044/2942/1261 3062/2941/1262 3036/2956/1257 3016/2957/1244
f 3062/2941/1262 3061/2933/1262 3035/2936/1256 3036/2956/1257
f 3031/2958/1252 3045/2959/1246 3063/2944/1262 3043/2943/1261
f 3045/2959/1246 3046/2925/1246 3064/2928/1262 3063/2944/1262
f 3029/2960/1250 3047/2961/1245 3067/2948/1265 3041/2947/1260
f 3047/2961/1245 3048/2921/1245 3068/2924/1266 3067/2948/1265
f 3019/2897/1246 3032/2886/1253 3046/2962/1246 3059/2963/1246
f 3059/2963/1246 3046/2962/1246 3045/2915/1246 3060/2914/1246
f 3020/2837/1246 3022/2836/1247 3056/2964/1247 3060/2965/1246
f 3060/2965/1246 3056/2964/1247 3055/2913/1247 3059/2912/1246
f 3023/2871/1248 3018/2870/1245 3050/2966/1245 3057/2967/1248
f 3057/2967/1248 3050/2966/1245 3049/2911/1245 3058/2910/1248
f 3024/2891/1248 3028/2853/1249 3052/2968/1249 3058/2969/1248
f 3058/2969/1248 3052/2968/1249 3051/2906/1249 3057/2909/1248
f 3025/2852/1249 3021/2889/1247 3055/2970/1247 3053/2971/1249
f 3053/2971/1249 3055/2970/1247 3056/2908/1247 3054/2907/1249
f 3028/2853/1249 3025/2852/1249 3053/2971/1249 3052/2968/1249
f 3052/2968/1249 3053/2971/1249 3054/2907/1249 3051/2906/1249
f 3029/2885/1250 3017/2893/1245 3049/2972/1245 3047/2973/1245
f 3047/2973/1245 3049/2972/1245 3050/2904/1245 3048/2903/1245
f 3015/2950/1243 3014/2949/1242 3034/2974/1255 3035/2975/1256
f 3035/2976/1256 3034/2977/1255 3033/2978/1254 3036/2979/1257
f 3069/2980/1267 3070/2981/1268 3071/2982/1269 3072/2983/1270
f 3066/2984/1264 3067/2985/1265 3071/2986/1269 3070/2987/1268
f 3067/2988/1265 3068/2989/1266 3072/2990/1270 3071/2991/1269
f 3065/2992/1263 3066/2993/1264 3070/2994/1268 3069/2995/1267
o Torus.001
v -1.645500 0.874829 1.792564
v -1.564611 0.874829 1.792564
v -1.645500 1.001368 1.728090
v -1.564611 1.001368 1.728090
v -1.645500 1.101789 1.627668
v -1.564611 1.101789 1.627668
v -1.645500 1.166264 1.501130
v -1.564611 1.166264 1.501130
v -1.645500 1.188480 1.360861
v -1.564611 1.188480 1.360861
v -1.645500 1.166264 1.220592
v -1.564611 1.166264 1.220592
v -1.645500 1.101789 1.094054
v -1.564611 1.101789 1.094054
v -1.645500 1.001368 0.993632
v -1.564611 1.001368 0.993632
v -1.645500 0.874829 0.929158
v -1.564611 0.874829 0.929158
v -1.564611 0.734560 0.906941
v -1.645500 0.734560 0.906941
v -1.564611 0.734561 1.814781
v -1.645500 0.734561 1.814781
v -1.564611 0.594292 1.792565
v -1.645500 0.594292 1.792565
v -1.564611 0.467753 1.728090
v -1.645500 0.467753 1.728090
v -1.564611 0.367332 1.627668
v -1.645500 0.367332 1.627668
v -1.564611 0.302857 1.501130
v -1.645500 0.302857 1.501130
v -1.564611 0.280641 1.360861
v -1.645500 0.280641 1.360861
v -1.564611 0.302857 1.220592
v -1.645500 0.302857 1.220592
v -1.564611 0.367332 1.094054
v -1.645500 0.367332 1.094054
v -1.564611 0.467753 0.993633
v -1.645500 0.467753 0.993633
v -1.564611 0.594291 0.929158
v -1.645500 0.594291 0.929158
v -1.572794 0.622673 1.016508
v -1.572794 0.734560 0.998787
v -1.572794 0.521739 1.067937
v -1.637316 0.734560 0.998787
v -1.637316 0.622673 1.016508
v -1.637316 0.521739 1.067937
v -1.637316 0.441636 1.148040
v -1.572794 0.441636 1.148040
v -1.637316 0.390208 1.248974
v -1.572794 0.390208 1.248974
v -1.637316 0.372486 1.360861
v -1.572794 0.372486 1.360861
v -1.637316 0.390208 1.472748
v -1.572794 0.390208 1.472748
v -1.637316 0.441637 1.573683
v -1.572794 0.441637 1.573683
v -1.637316 0.521739 1.653785
v -1.572794 0.521739 1.653785
v -1.637316 0.622674 1.705214
v -1.572794 0.622674 1.705214
v -1.637316 0.734561 1.722935
v -1.572794 0.734561 1.722935
v -1.637316 0.846448 1.705214
v -1.572794 0.846448 1.705214
v -1.637316 0.947382 1.653785
v -1.572794 0.947382 1.653785
v -1.637316 1.027484 1.573683
v -1.572794 1.027484 1.573683
v -1.637316 1.078913 1.472748
v -1.572794 1.078913 1.472748
v -1.637316 1.096635 1.360861
v -1.572794 1.096635 1.360861
v -1.637316 1.078913 1.248974
v -1.572794 1.078913 1.248974
v -1.637316 1.027485 1.148039
v -1.572794 1.027485 1.148039
v -1.637316 0.947382 1.067937
v -1.572794 0.947382 1.067937
v -1.637316 0.846447 1.016508
v -1.572794 0.846447 1.016508
v -1.572794 0.817491 1.105627
v -1.637316 0.817491 1.105627
v -1.572794 0.892304 1.143746
v -1.637316 0.892304 1.143746
v -1.572794 0.951676 1.203118
v -1.637316 0.951676 1.203118
v -1.572794 0.989795 1.277930
v -1.637316 0.989795 1.277930
v -1.572794 1.002930 1.360861
v -1.637316 1.002930 1.360861
v -1.572794 0.989795 1.443792
v -1.637316 0.989795 1.443792
v -1.572794 0.951676 1.518605
v -1.637316 0.951676 1.518605
v -1.572794 0.892304 1.577977
v -1.637316 0.892304 1.577977
v -1.572794 0.817491 1.616096
v -1.637316 0.817491 1.616096
v -1.572794 0.734560 1.629231
v -1.637316 0.734560 1.629231
v -1.572794 0.651630 1.616096
v -1.637316 0.651630 1.616096
v -1.572794 0.576817 1.577977
v -1.637316 0.576817 1.577977
v -1.572794 0.517445 1.518605
v -1.637316 0.517445 1.518605
v -1.572794 0.479326 1.443792
v -1.637316 0.479326 1.443792
v -1.572794 0.466191 1.360861
v -1.637316 0.466191 1.360861
v -1.572794 0.479326 1.277930
v -1.637316 0.479326 1.277930
v -1.572794 0.517445 1.203118
v -1.637316 0.517445 1.203118
v -1.637316 0.576817 1.143746
v -1.637316 0.651630 1.105627
v -1.637316 0.734560 1.092492
v -1.572794 0.576817 1.143746
v -1.572794 0.734560 1.092492
v -1.572794 0.651630 1.105627
v -1.572794 0.784697 1.549874
v -1.572794 0.872486 1.499483
v -1.572794 0.923318 1.411948
v -1.572794 0.923573 1.310725
v -1.572794 0.683473 1.549619
v -1.572794 0.873182 1.222936
v -1.572794 0.595939 1.498787
v -1.572794 0.785648 1.172103
v -1.572794 0.545548 1.410998
v -1.572794 0.545803 1.309774
v -1.572794 0.596635 1.222240
v -1.572794 0.684424 1.171849
v -1.637316 0.784697 1.171849
v -1.637316 0.872486 1.222240
v -1.637316 0.923318 1.309774
v -1.637316 0.923573 1.410998
v -1.637316 0.683473 1.172103
v -1.637316 0.873182 1.498787
v -1.637316 0.595939 1.222936
v -1.637316 0.785647 1.549619
v -1.637316 0.545548 1.310725
v -1.637316 0.545803 1.411948
v -1.637316 0.596635 1.499483
v -1.637316 0.684424 1.549874
v -1.624266 0.784697 1.171849
v -1.624266 0.683473 1.172103
v -1.624266 0.595939 1.222936
v -1.624266 0.545548 1.310725
v -1.624266 0.872486 1.222240
v -1.624266 0.764087 1.280002
v -1.624266 0.651789 1.337221
v -1.624266 0.545803 1.411948
v -1.624266 0.923318 1.309774
v -1.624266 0.817332 1.384501
v -1.624266 0.705033 1.441720
v -1.624266 0.596635 1.499483
v -1.624266 0.923573 1.410998
v -1.624266 0.873182 1.498787
v -1.624266 0.785647 1.549619
v -1.624266 0.684424 1.549874
v -1.576427 0.784697 1.549874
v -1.576427 0.683473 1.549619
v -1.576427 0.595939 1.498787
v -1.576427 0.545548 1.410998
v -1.576427 0.872486 1.499483
v -1.576427 0.764087 1.441720
v -1.576427 0.651789 1.384501
v -1.576427 0.545803 1.309774
v -1.576427 0.923318 1.411948
v -1.576427 0.817332 1.337222
v -1.576427 0.705033 1.280002
v -1.576427 0.596635 1.222240
v -1.576427 0.923573 1.310725
v -1.576427 0.873182 1.222936
v -1.576427 0.785648 1.172103
v -1.576427 0.684424 1.171849
v -2.998169 0.874829 1.792565
v -3.079058 0.874829 1.792565
v -2.998169 1.001368 1.728090
v -3.079058 1.001368 1.728090
v -2.998169 1.101789 1.627669
v -3.079058 1.101789 1.627669
v -2.998169 1.166264 1.501130
v -3.079058 1.166264 1.501130
v -2.998169 1.188480 1.360861
v -3.079058 1.188480 1.360861
v -2.998169 1.166264 1.220592
v -3.079058 1.166264 1.220592
v -2.998169 1.101789 1.094054
v -3.079058 1.101789 1.094054
v -2.998169 1.001368 0.993632
v -3.079058 1.001368 0.993632
v -2.998169 0.874829 0.929158
v -3.079058 0.874829 0.929158
v -3.079058 0.734560 0.906942
v -2.998169 0.734560 0.906942
v -3.079058 0.734561 1.814781
v -2.998169 0.734561 1.814781
v -3.079058 0.594292 1.792565
v -2.998169 0.594292 1.792565
v -3.079058 0.467753 1.728090
v -2.998169 0.467753 1.728090
v -3.079058 0.367332 1.627669
v -2.998169 0.367332 1.627669
v -3.079058 0.302857 1.501130
v -2.998169 0.302857 1.501130
v -3.079058 0.280641 1.360861
v -2.998169 0.280641 1.360861
v -3.079058 0.302857 1.220592
v -2.998169 0.302857 1.220592
v -3.079058 0.367332 1.094054
v -2.998169 0.367332 1.094054
v -3.079058 0.467753 0.993633
v -2.998169 0.467753 0.993633
v -3.079058 0.594291 0.929158
v -2.998169 0.594291 0.929158
v -3.070875 0.622673 1.016508
v -3.070875 0.734560 0.998787
v -3.070875 0.521739 1.067937
v -3.006352 0.734560 0.998787
v -3.006352 0.622673 1.016508
v -3.006352 0.521739 1.067937
v -3.006352 0.441636 1.148040
v -3.070875 0.441636 1.148040
v -3.006352 0.390208 1.248974
v -3.070875 0.390208 1.248974
v -3.006352 0.372486 1.360861
v -3.070875 0.372486 1.360861
v -3.006352 0.390208 1.472748
v -3.070875 0.390208 1.472748
v -3.006352 0.441636 1.573683
v -3.070875 0.441636 1.573683
v -3.006352 0.521739 1.653785
v -3.070875 0.521739 1.653785
v -3.006352 0.622674 1.705214
v -3.070875 0.622674 1.705214
v -3.006352 0.734561 1.722935
v -3.070875 0.734560 1.722935
v -3.006352 0.846448 1.705214
v -3.070875 0.846448 1.705214
v -3.006352 0.947382 1.653785
v -3.070875 0.947382 1.653785
v -3.006352 1.027484 1.573683
v -3.070875 1.027484 1.573683
v -3.006352 1.078913 1.472748
v -3.070875 1.078913 1.472748
v -3.006352 1.096635 1.360861
v -3.070875 1.096635 1.360861
v -3.006352 1.078913 1.248974
v -3.070875 1.078913 1.248974
v -3.006352 1.027485 1.148039
v -3.070875 1.027485 1.148039
v -3.006352 0.947382 1.067937
v -3.070875 0.947382 1.067937
v -3.006352 0.846447 1.016508
v -3.070875 0.846447 1.016508
v -3.070875 0.817491 1.105627
v -3.006352 0.817491 1.105627
v -3.070875 0.892304 1.143746
v -3.006352 0.892304 1.143746
v -3.070875 0.951676 1.203118
v -3.006352 0.951676 1.203118
v -3.070875 0.989795 1.277930
v -3.006352 0.989795 1.277930
v -3.070875 1.002930 1.360861
v -3.006352 1.002930 1.360861
v -3.070875 0.989795 1.443792
v -3.006352 0.989795 1.443792
v -3.070875 0.951676 1.518605
v -3.006352 0.951676 1.518605
v -3.070875 0.892304 1.577977
v -3.006352 0.892304 1.577977
v -3.070875 0.817491 1.616096
v -3.006352 0.817491 1.616096
v -3.070875 0.734560 1.629231
v -3.006352 0.734560 1.629231
v -3.070875 0.651630 1.616096
v -3.006352 0.651630 1.616096
v -3.070875 0.576817 1.577977
v -3.006352 0.576817 1.577977
v -3.070875 0.517445 1.518605
v -3.006352 0.517445 1.518605
v -3.070875 0.479326 1.443792
v -3.006352 0.479326 1.443792
v -3.070875 0.466191 1.360861
v -3.006352 0.466191 1.360861
v -3.070875 0.479326 1.277930
v -3.006352 0.479326 1.277930
v -3.070875 0.517445 1.203118
v -3.006352 0.517445 1.203118
v -3.006352 0.576817 1.143746
v -3.006352 0.651630 1.105627
v -3.006352 0.734560 1.092492
v -3.070875 0.576817 1.143746
v -3.070875 0.734560 1.092492
v -3.070875 0.651630 1.105627
v -3.070875 0.784697 1.549874
v -3.070875 0.872486 1.499483
v -3.070875 0.923318 1.411948
v -3.070875 0.923573 1.310725
v -3.070875 0.683473 1.549619
v -3.070875 0.873182 1.222936
v -3.070875 0.595939 1.498787
v -3.070875 0.785648 1.172104
v -3.070875 0.545548 1.410998
v -3.070875 0.545803 1.309774
v -3.070875 0.596635 1.222240
v -3.070875 0.684424 1.171849
v -3.006352 0.784697 1.171849
v -3.006352 0.872486 1.222240
v -3.006352 0.923318 1.309774
v -3.006352 0.923573 1.410998
v -3.006352 0.683473 1.172103
v -3.006352 0.873182 1.498787
v -3.006352 0.595939 1.222936
v -3.006352 0.785647 1.549619
v -3.006352 0.545548 1.310725
v -3.006352 0.545803 1.411948
v -3.006352 0.596635 1.499483
v -3.006352 0.684424 1.549874
v -3.019403 0.784697 1.171849
v -3.019403 0.683473 1.172103
v -3.019403 0.595939 1.222936
v -3.019403 0.545548 1.310725
v -3.019403 0.872486 1.222240
v -3.019403 0.764087 1.280002
v -3.019403 0.651789 1.337222
v -3.019403 0.545803 1.411948
v -3.019403 0.923318 1.309774
v -3.019403 0.817332 1.384501
v -3.019403 0.705033 1.441720
v -3.019403 0.596635 1.499483
v -3.019403 0.923573 1.410998
v -3.019403 0.873182 1.498787
v -3.019403 0.785647 1.549619
v -3.019403 0.684424 1.549874
v -3.067242 0.784697 1.549874
v -3.067242 0.683473 1.549619
v -3.067242 0.595939 1.498787
v -3.067242 0.545548 1.410998
v -3.067242 0.872486 1.499483
v -3.067242 0.764087 1.441720
v -3.067242 0.651789 1.384501
v -3.067242 0.545803 1.309774
v -3.067242 0.923318 1.411948
v -3.067242 0.817332 1.337222
v -3.067242 0.705033 1.280002
v -3.067242 0.596635 1.222240
v -3.067242 0.923573 1.310725
v -3.067242 0.873182 1.222936
v -3.067242 0.785648 1.172104
v -3.067242 0.684424 1.171849
vn -0.0000 -0.0000 -1.0000
vn -0.0000 0.3090 -0.9511
vn -0.0000 0.5878 -0.8090
vn -0.0000 0.8090 -0.5878
vn -0.0000 0.9511 -0.3090
vn -0.0000 1.0000 -0.0000
vn -0.0000 0.9511 0.3090
vn -0.0000 0.8090 0.5878
vn -0.0000 0.5878 0.8090
vn -0.0000 0.3090 0.9511
vn -0.0000 -0.0000 1.0000
vn -0.0000 -0.3090 0.9511
vn -0.0000 -0.5878 0.8090
vn -0.0000 -0.8090 0.5878
vn -0.0000 -0.9511 0.3090
vn -0.0000 -1.0000 -0.0000
vn -0.0000 -0.9511 -0.3090
vn -0.0000 -0.8090 -0.5878
vn -0.0000 -0.5878 -0.8090
vn -0.0000 -0.3090 -0.9511
vn -0.0000 -0.1564 0.9877
vn 1.0000 -0.0000 -0.0000
vn 0.9980 -0.0195 0.0600
vn 0.9980 -0.0371 0.0510
vn -0.0000 -0.7071 0.7071
vn -0.0000 -0.8910 0.4540
vn 0.9980 -0.0600 0.0195
vn 0.9980 -0.0631 -0.0000
vn -0.0000 -0.9877 -0.1564
vn -0.0000 -0.7071 -0.7071
vn 0.9980 -0.0371 -0.0510
vn 0.9980 -0.0195 -0.0600
vn -0.0000 -0.1564 -0.9877
vn -0.0000 0.1564 -0.9877
vn 0.9980 0.0195 -0.0600
vn 0.9980 0.0371 -0.0510
vn -0.0000 0.7071 -0.7071
vn -0.0000 0.8910 -0.4540
vn -0.0000 0.9877 0.1564
vn -0.0000 0.7071 0.7071
vn -1.0000 -0.0000 -0.0000
vn -0.9980 0.0195 0.0600
vn -0.9980 0.0371 0.0510
vn -0.0000 0.1564 0.9877
vn 0.9961 -0.0718 -0.0522
vn 0.9961 -0.0522 -0.0718
vn -0.9961 0.0522 -0.0718
vn -0.9961 0.0274 -0.0844
vn -0.9980 0.0195 -0.0600
vn -0.9980 0.0371 -0.0510
vn -0.9961 -0.0718 0.0522
vn -0.9961 -0.0522 0.0718
vn -0.9980 -0.0371 0.0510
vn 0.9961 0.0274 -0.0844
vn 0.9961 0.0522 -0.0718
vn 0.9961 -0.0522 0.0718
vn 0.9961 -0.0718 0.0522
vn -0.9961 0.0844 0.0274
vn -0.9961 0.0887 -0.0000
vn -0.9980 0.0631 -0.0000
vn -0.9961 -0.0718 -0.0522
vn -0.9961 -0.0844 -0.0274
vn 0.9961 0.0887 -0.0000
vn 0.9961 0.0844 0.0274
vn 0.9980 0.0631 -0.0000
vn 0.9961 -0.0844 -0.0274
vn -0.9961 -0.0000 -0.0887
vn -0.9961 -0.0274 0.0844
vn -0.9980 -0.0195 0.0600
vn 0.9961 -0.0000 -0.0887
vn 0.9961 -0.0274 0.0844
vn -0.9961 0.0844 -0.0274
vn -0.9980 0.0600 -0.0195
vn -0.9961 -0.0887 -0.0000
vn -0.9980 -0.0631 -0.0000
vn 0.9961 0.0274 0.0844
vn 0.9961 -0.0000 0.0887
vn 0.9980 0.0195 0.0600
vn 0.9961 0.0844 -0.0274
vn 0.9980 0.0600 -0.0195
vn 0.9961 -0.0887 -0.0000
vn 0.9961 0.0522 0.0718
vn 0.9980 0.0371 0.0510
vn -0.9961 -0.0274 -0.0844
vn -0.9980 -0.0195 -0.0600
vn -0.9961 -0.0000 0.0887
vn -0.9961 0.0274 0.0844
vn 0.9961 -0.0274 -0.0844
vn -0.9961 0.0718 -0.0522
vn -0.9961 -0.0844 0.0274
vn -0.9980 -0.0600 0.0195
vn -0.9961 0.0522 0.0718
vn 0.9961 0.0718 -0.0522
vn 0.9961 -0.0844 0.0274
vn -0.9961 0.0718 0.0522
vn -0.9961 -0.0522 -0.0718
vn -0.9980 -0.0371 -0.0510
vn 0.9961 0.0718 0.0522
vn -0.0000 -0.8648 0.5022
vn -0.0000 -0.9653 0.2612
vn -0.0000 0.5022 0.8648
vn -0.0000 0.2612 0.9653
vn -0.0000 -0.0025 -1.0000
vn -0.0000 0.2564 -0.9666
vn -0.0000 0.7053 -0.7089
vn -0.0000 0.8648 -0.5022
vn -0.0000 -0.2564 0.9666
vn -0.0000 -0.4978 0.8673
vn -0.0000 -0.5022 -0.8648
vn -0.0000 1.0000 -0.0025
vn -0.0000 0.9666 0.2564
vn -0.0000 -0.9666 -0.2564
vn -0.0000 -0.8673 -0.4978
vn -0.0000 0.8673 0.4978
vn -0.0000 0.7089 0.7053
vt 0.500000 0.532223
vt 0.500000 0.467777
vt 0.660781 0.467777
vt 0.660781 0.532223
vt 0.805823 0.467777
vt 0.805823 0.532223
vt 0.920929 0.532223
vt 0.920929 0.467777
vt 0.660781 0.467777
vt 0.660781 0.532223
vt 0.500000 0.467777
vt 0.500000 0.532223
vt 0.339219 0.467777
vt 0.339219 0.532223
vt 0.194177 0.467777
vt 0.194177 0.532223
vt 0.920929 0.532223
vt 0.920929 0.467777
vt 0.805823 0.467777
vt 0.805823 0.532223
vt 0.660781 0.467777
vt 0.660781 0.532223
vt 0.339219 0.467777
vt 0.339219 0.532223
vt 0.194177 0.467777
vt 0.194177 0.532223
vt 0.079071 0.467777
vt 0.079071 0.532223
vt 0.805823 0.467777
vt 0.805823 0.532223
vt 0.920929 0.467777
vt 0.920929 0.532223
vt 0.194177 0.532223
vt 0.194177 0.467777
vt 0.339219 0.467777
vt 0.339219 0.532223
vt 0.500000 0.525703
vt 0.628248 0.525703
vt 0.628248 0.474297
vt 0.500000 0.474297
vt 0.748865 0.680811
vt 0.792558 0.595058
vt 0.894708 0.628248
vt 0.835759 0.743943
vt 0.835759 0.525703
vt 0.743943 0.525703
vt 0.743943 0.474297
vt 0.835759 0.474297
vt 0.628249 0.525703
vt 0.628249 0.474297
vt 0.500000 0.807614
vt 0.595058 0.792558
vt 0.628249 0.894708
vt 0.500000 0.915021
vt 0.371751 0.525703
vt 0.371751 0.474297
vt 0.256057 0.525703
vt 0.256057 0.474297
vt 0.835759 0.525703
vt 0.835759 0.474297
vt 0.207442 0.595058
vt 0.251135 0.680811
vt 0.164241 0.743943
vt 0.105292 0.628249
vt 0.500000 0.525703
vt 0.500000 0.474297
vt 0.371752 0.525703
vt 0.371752 0.474297
vt 0.251135 0.319189
vt 0.207442 0.404942
vt 0.105292 0.371752
vt 0.164241 0.256057
vt 0.256057 0.525703
vt 0.164241 0.525703
vt 0.164241 0.474297
vt 0.256057 0.474297
vt 0.192386 0.474297
vt 0.192386 0.525703
vt 0.084979 0.525703
vt 0.084979 0.474297
vt 0.743943 0.525703
vt 0.743943 0.474297
vt 0.835759 0.525703
vt 0.835759 0.474297
vt 0.748865 0.319189
vt 0.792558 0.404942
vt 0.894708 0.371751
vt 0.835759 0.256057
vt 0.371751 0.474297
vt 0.371751 0.525703
vt 0.194177 0.920929
vt 0.079070 0.805823
vt 0.256057 0.835759
vt 0.079070 0.194177
vt 0.005168 0.339219
vt 0.805823 0.920929
vt 0.920929 0.805823
vt 0.743943 0.835759
vt 0.660781 0.005168
vt 0.500000 -0.020297
vt 0.500000 0.084979
vt 0.628249 0.105292
vt 0.339219 0.994832
vt 0.371751 0.894708
vt -0.020297 0.500000
vt 0.084979 0.500000
vt 0.994832 0.660781
vt 0.339219 0.005168
vt 0.371751 0.105292
vt 0.500000 1.020297
vt 0.994832 0.339219
vt 1.020297 0.500000
vt 0.915021 0.500000
vt 0.920929 0.194177
vt 0.005168 0.660781
vt 0.194177 0.079071
vt 0.256057 0.164241
vt 0.660781 0.994832
vt 0.805823 0.079070
vt 0.743943 0.164241
vt 0.404942 0.525703
vt 0.404942 0.474297
vt 0.748865 0.525703
vt 0.748865 0.474297
vt 0.680811 0.525703
vt 0.680811 0.474297
vt 0.595058 0.525703
vt 0.595058 0.474297
vt 0.500000 0.192386
vt 0.404942 0.207442
vt 0.319189 0.525703
vt 0.319189 0.474297
vt 0.404942 0.474297
vt 0.404942 0.525703
vt 0.251135 0.525703
vt 0.251135 0.474297
vt 0.164241 0.525703
vt 0.164241 0.474297
vt 0.404942 0.474297
vt 0.404942 0.525703
vt 0.595058 0.525703
vt 0.595058 0.474297
vt 0.207442 0.474297
vt 0.207442 0.525703
vt 0.105292 0.525703
vt 0.105292 0.474297
vt 0.807614 0.474297
vt 0.807614 0.525703
vt 0.915021 0.525703
vt 0.915021 0.474297
vt 0.680811 0.525703
vt 0.680811 0.474297
vt 0.748865 0.525703
vt 0.748865 0.474297
vt 0.595058 0.474297
vt 0.595058 0.525703
vt 0.192386 0.500000
vt 0.283348 0.557468
vt 0.283640 0.441442
vt 0.341905 0.341107
vt 0.319189 0.251135
vt 0.442532 0.283348
vt 0.319189 0.748865
vt 0.341107 0.658095
vt 0.558558 0.283640
vt 0.595058 0.207442
vt 0.404942 0.792558
vt 0.441442 0.716360
vt 0.658892 0.341905
vt 0.680811 0.251135
vt 0.557468 0.716652
vt 0.716652 0.442532
vt 0.680811 0.748865
vt 0.658095 0.658893
vt 0.716360 0.558558
vt 0.807614 0.500000
vt 0.716652 0.557468
vt 0.716360 0.441442
vt 0.658095 0.341107
vt 0.557468 0.283348
vt 0.658892 0.658095
vt 0.658892 0.474297
vt 0.658892 0.484694
vt 0.558558 0.484694
vt 0.558558 0.474297
vt 0.341107 0.474297
vt 0.341107 0.484694
vt 0.441442 0.484694
vt 0.441442 0.474297
vt 0.558557 0.474297
vt 0.558557 0.484694
vt 0.442532 0.484694
vt 0.442532 0.474297
vt 0.441442 0.283640
vt 0.558558 0.716360
vt 0.341107 0.474297
vt 0.341107 0.484694
vt 0.441442 0.484694
vt 0.441442 0.474297
vt 0.557468 0.474297
vt 0.557468 0.484694
vt 0.658095 0.484694
vt 0.658095 0.474297
vt 0.341107 0.341905
vt 0.442532 0.716652
vt 0.658892 0.474297
vt 0.658892 0.484694
vt 0.557468 0.484694
vt 0.557468 0.474297
vt 0.283348 0.442532
vt 0.341905 0.658892
vt 0.283640 0.558557
vt 0.207442 0.525703
vt 0.207442 0.474297
vt 0.105292 0.474297
vt 0.105292 0.525703
vt 0.792558 0.525703
vt 0.792558 0.474297
vt 0.894708 0.474297
vt 0.894708 0.525703
vt 0.207442 0.525703
vt 0.207442 0.474297
vt 0.894708 0.525703
vt 0.894708 0.474297
vt 0.442532 0.474297
vt 0.442532 0.484694
vt 0.341905 0.484694
vt 0.341905 0.474297
vt 0.658095 0.484694
vt 0.658095 0.474297
vt 0.592683 0.533845
vt 0.527097 0.405124
vt 0.472903 0.594876
vt 0.407317 0.466155
vt 0.407317 0.533845
vt 0.472903 0.405124
vt 0.527097 0.594876
vt 0.592683 0.466155
vt 0.341905 0.484694
vt 0.341905 0.474297
s 1
usemtl Rusty_metal.002
f 3091/2996/1271 3092/2997/1271 3089/2998/1272 3090/2999/1272
f 3090/2999/1272 3089/2998/1272 3087/3000/1273 3088/3001/1273
f 3088/3002/1273 3087/3003/1273 3085/3000/1274 3086/3001/1274
f 3086/3001/1274 3085/3000/1274 3083/3004/1275 3084/3005/1275
f 3084/3005/1275 3083/3004/1275 3081/3006/1276 3082/3007/1276
f 3082/3007/1276 3081/3006/1276 3079/3008/1277 3080/3009/1277
f 3080/3009/1277 3079/3008/1277 3077/3010/1278 3078/3011/1278
f 3078/3012/1278 3077/3013/1278 3075/3014/1279 3076/3015/1279
f 3076/3015/1279 3075/3014/1279 3073/3016/1280 3074/3017/1280
f 3074/3017/1280 3073/3016/1280 3094/3006/1281 3093/3007/1281
f 3093/3007/1281 3094/3006/1281 3096/3018/1282 3095/3019/1282
f 3095/3019/1282 3096/3018/1282 3098/3020/1283 3097/3021/1283
f 3097/3021/1283 3098/3020/1283 3100/3022/1284 3099/3023/1284
f 3099/3011/1284 3100/3010/1284 3102/3008/1285 3101/3009/1285
f 3101/3009/1285 3102/3008/1285 3104/3006/1286 3103/3007/1286
f 3103/3007/1286 3104/3006/1286 3106/3004/1287 3105/3005/1287
f 3105/3005/1287 3106/3004/1287 3108/3024/1288 3107/3025/1288
f 3107/3025/1288 3108/3024/1288 3110/3026/1289 3109/3027/1289
f 3109/3028/1289 3110/3029/1289 3112/3030/1290 3111/3031/1290
f 3092/2997/1271 3091/2996/1271 3111/3031/1290 3112/3030/1290
f 3114/3032/1281 3152/3033/1291 3151/3034/1291 3116/3035/1281
f 3155/3036/1292 3153/3037/1292 3152/3038/1293 3150/3039/1294
f 3150/3040/1295 3148/3041/1284 3147/3042/1284 3149/3043/1295
f 3148/3041/1284 3146/3044/1296 3145/3045/1296 3147/3042/1284
f 3161/3046/1292 3159/3047/1292 3146/3048/1297 3144/3049/1298
f 3144/3032/1299 3142/3050/1287 3141/3051/1287 3143/3035/1299
f 3142/3050/1287 3140/3052/1288 3139/3053/1288 3141/3051/1287
f 3140/3054/1288 3138/3041/1300 3137/3042/1300 3139/3055/1288
f 3169/3056/1292 3167/3057/1292 3138/3058/1301 3136/3059/1302
f 3136/3044/1303 3134/3060/1271 3133/3061/1271 3135/3045/1303
f 3134/3060/1271 3132/3062/1304 3131/3063/1304 3133/3061/1271
f 3175/3064/1292 3173/3065/1292 3132/3066/1305 3130/3067/1306
f 3130/3068/1307 3128/3069/1274 3127/3070/1274 3129/3071/1307
f 3128/3052/1274 3126/3050/1308 3125/3051/1308 3127/3053/1274
f 3182/3072/1271 3181/3073/1271 3124/3074/1271 3123/3075/1271
f 3124/3032/1309 3122/3044/1277 3121/3045/1277 3123/3035/1309
f 3122/3044/1277 3120/3076/1278 3119/3077/1278 3121/3045/1277
f 3120/3076/1278 3115/3078/1310 3118/3079/1310 3119/3077/1278
f 3187/3080/1311 3188/3081/1311 3117/3082/1312 3118/3083/1313
f 3116/3035/1281 3117/3084/1314 3113/3085/1314 3114/3032/1281
f 3078/3086/1315 3076/3087/1316 3138/3058/1301 3140/3088/1315
f 3098/3089/1317 3096/3090/1318 3131/3066/1319 3129/3067/1320
f 3085/3091/1321 3087/3092/1322 3149/3039/1323 3147/3093/1321
f 3095/3090/1324 3097/3089/1325 3130/3067/1306 3132/3066/1305
f 3088/3092/1326 3086/3091/1327 3148/3093/1327 3150/3039/1294
f 3106/3094/1328 3104/3095/1329 3123/3096/1330 3121/3097/1328
f 3077/3086/1331 3079/3098/1332 3141/3099/1332 3139/3088/1331
f 3103/3095/1333 3105/3094/1334 3122/3097/1334 3124/3096/1335
f 3080/3098/1336 3078/3086/1315 3140/3088/1315 3142/3099/1336
f 3096/3090/1318 3094/3100/1337 3133/3101/1337 3131/3066/1319
f 3087/3092/1322 3089/3102/1338 3151/3038/1339 3149/3039/1323
f 3093/3100/1340 3095/3090/1324 3132/3066/1305 3134/3101/1340
f 3090/3102/1341 3088/3092/1326 3150/3039/1294 3152/3038/1293
f 3104/3095/1329 3102/3103/1342 3125/3104/1343 3123/3096/1330
f 3079/3098/1332 3081/3105/1344 3143/3049/1345 3141/3099/1332
f 3111/3106/1346 3091/3107/1347 3114/3108/1347 3113/3082/1348
f 3101/3103/1349 3103/3095/1333 3124/3096/1335 3126/3104/1350
f 3082/3105/1351 3080/3098/1336 3142/3099/1336 3144/3049/1298
f 3109/3109/1352 3111/3106/1346 3113/3082/1348 3115/3083/1353
f 3094/3100/1337 3073/3110/1354 3135/3059/1355 3133/3101/1337
f 3089/3102/1338 3092/3107/1356 3116/3108/1356 3151/3038/1339
f 3092/3107/1356 3112/3106/1357 3117/3082/1312 3116/3108/1356
f 3074/3110/1358 3093/3100/1340 3134/3101/1340 3136/3059/1302
f 3091/3107/1347 3090/3102/1341 3152/3038/1293 3114/3108/1347
f 3102/3103/1342 3100/3111/1359 3127/3112/1359 3125/3104/1343
f 3081/3105/1344 3083/3113/1360 3145/3048/1361 3143/3049/1345
f 3112/3106/1357 3110/3109/1362 3118/3083/1313 3117/3082/1312
f 3099/3111/1363 3101/3103/1349 3126/3104/1350 3128/3112/1363
f 3084/3113/1364 3082/3105/1351 3144/3049/1298 3146/3048/1297
f 3110/3109/1362 3108/3114/1365 3119/3115/1365 3118/3083/1313
f 3073/3110/1354 3075/3087/1366 3137/3058/1367 3135/3059/1355
f 3107/3114/1368 3109/3109/1352 3115/3083/1353 3120/3115/1368
f 3076/3087/1316 3074/3110/1358 3136/3059/1302 3138/3058/1301
f 3100/3111/1359 3098/3089/1317 3129/3067/1320 3127/3112/1359
f 3083/3113/1360 3085/3091/1321 3147/3093/1321 3145/3048/1361
f 3097/3089/1325 3099/3111/1363 3128/3112/1363 3130/3067/1306
f 3086/3091/1327 3084/3113/1364 3146/3048/1297 3148/3093/1327
f 3108/3114/1365 3106/3094/1328 3121/3097/1328 3119/3115/1365
f 3075/3087/1366 3077/3086/1331 3139/3088/1331 3137/3058/1367
f 3105/3094/1334 3107/3114/1368 3120/3115/1368 3122/3097/1334
f 3189/3035/1271 3191/3032/1271 3192/3116/1303 3188/3117/1303
f 3190/3118/1284 3187/3119/1284 3118/3079/1284 3115/3078/1284
f 3185/3120/1288 3186/3121/1288 3187/3119/1300 3190/3118/1300
f 3183/3122/1287 3184/3123/1287 3186/3121/1288 3185/3120/1288
f 3181/3032/1299 3182/3035/1299 3184/3123/1287 3183/3122/1287
f 3181/3124/1292 3179/3125/1292 3126/3104/1350 3124/3096/1335
f 3177/3126/1284 3178/3127/1284 3180/3128/1296 3179/3129/1296
f 3175/3130/1295 3176/3131/1295 3178/3127/1284 3177/3126/1284
f 3176/3131/1288 3175/3130/1288 3130/3132/1288 3129/3133/1288
f 3171/3032/1281 3172/3035/1281 3174/3134/1291 3173/3135/1291
f 3169/3136/1314 3170/3137/1314 3172/3035/1281 3171/3032/1281
f 3170/3138/1285 3169/3139/1285 3136/3140/1285 3135/3141/1285
f 3165/3126/1278 3166/3127/1278 3168/3131/1310 3167/3130/1310
f 3163/3129/1277 3164/3128/1277 3166/3127/1278 3165/3126/1278
f 3161/3032/1309 3162/3035/1309 3164/3128/1277 3163/3129/1277
f 3162/3142/1281 3161/3143/1281 3144/3144/1281 3143/3145/1281
f 3157/3146/1274 3158/3147/1274 3160/3123/1308 3159/3122/1308
f 3155/3148/1307 3156/3149/1307 3158/3147/1274 3157/3146/1274
f 3156/3149/1278 3155/3148/1278 3150/3040/1278 3149/3043/1278
f 3191/3032/1271 3189/3035/1271 3154/3150/1304 3153/3151/1304
f 3167/3057/1292 3169/3056/1292 3171/3152/1292 3193/3153/1292
f 3193/3153/1292 3171/3152/1292 3173/3065/1292 3197/3154/1292
f 3197/3154/1292 3173/3065/1292 3175/3064/1292 3199/3155/1292
f 3199/3155/1292 3175/3064/1292 3177/3156/1292 3201/3157/1292
f 3201/3157/1292 3177/3156/1292 3179/3125/1292 3181/3124/1292
f 3165/3158/1292 3167/3057/1292 3193/3153/1292 3194/3159/1292
f 3202/3160/1292 3201/3157/1292 3181/3124/1292 3183/3161/1292
f 3163/3162/1292 3165/3158/1292 3194/3159/1292 3195/3163/1292
f 3203/3164/1292 3202/3160/1292 3183/3161/1292 3185/3165/1292
f 3161/3046/1292 3163/3162/1292 3195/3163/1292 3196/3166/1292
f 3204/3167/1292 3203/3164/1292 3185/3165/1292 3190/3080/1292
f 3159/3047/1292 3161/3046/1292 3196/3166/1292 3157/3168/1292
f 3157/3168/1292 3196/3166/1292 3198/3169/1292 3155/3036/1292
f 3155/3036/1292 3198/3169/1292 3200/3170/1292 3153/3037/1292
f 3153/3037/1292 3200/3170/1292 3204/3167/1292 3191/3171/1292
f 3191/3171/1292 3204/3167/1292 3190/3080/1292 3192/3081/1292
f 3156/3036/1311 3154/3037/1311 3189/3171/1311 3205/3172/1311
f 3205/3172/1311 3189/3171/1311 3188/3081/1311 3209/3173/1311
f 3209/3173/1311 3188/3081/1311 3187/3080/1311 3211/3174/1311
f 3211/3174/1311 3187/3080/1311 3186/3165/1311 3213/3175/1311
f 3213/3175/1311 3186/3165/1311 3184/3161/1311 3182/3124/1311
f 3158/3168/1311 3156/3036/1311 3205/3172/1311 3206/3176/1311
f 3206/3177/1369 3221/3178/1369 3225/3179/1370 3207/3180/1370
f 3211/3181/1371 3219/3182/1371 3218/3183/1372 3209/3184/1372
f 3212/3185/1373 3231/3186/1373 3232/3187/1374 3216/3188/1374
f 3214/3189/1311 3213/3175/1311 3182/3124/1311 3180/3125/1311
f 3160/3047/1311 3158/3168/1311 3206/3176/1311 3207/3190/1311
f 3215/3191/1375 3228/3192/1375 3224/3193/1376 3214/3194/1376
f 3205/3195/1377 3217/3196/1377 3221/3197/1378 3206/3198/1378
f 3215/3199/1311 3214/3189/1311 3180/3125/1311 3178/3156/1311
f 3162/3046/1311 3160/3047/1311 3207/3190/1311 3208/3200/1311
f 3209/3184/1372 3218/3183/1372 3217/3196/1377 3205/3195/1377
f 3210/3201/1379 3230/3202/1379 3231/3186/1379 3212/3185/1379
f 3214/3194/1380 3224/3193/1380 3220/3203/1381 3213/3204/1381
f 3216/3205/1311 3215/3199/1311 3178/3156/1311 3176/3064/1311
f 3164/3162/1311 3162/3046/1311 3208/3200/1311 3166/3158/1311
f 3166/3158/1311 3208/3200/1311 3210/3206/1311 3168/3057/1311
f 3168/3057/1311 3210/3206/1311 3212/3207/1311 3170/3056/1311
f 3170/3056/1311 3212/3207/1311 3216/3205/1311 3172/3152/1311
f 3172/3152/1311 3216/3205/1311 3176/3064/1311 3174/3065/1311
f 3173/3208/1277 3174/3209/1277 3131/3210/1277 3132/3211/1277
f 3174/3065/1311 3176/3064/1311 3129/3067/1320 3131/3066/1319
f 3167/3130/1274 3168/3131/1274 3137/3133/1274 3138/3132/1274
f 3168/3057/1311 3170/3056/1311 3135/3059/1355 3137/3058/1367
f 3159/3212/1290 3160/3213/1290 3145/3214/1290 3146/3215/1290
f 3160/3047/1311 3162/3046/1311 3143/3049/1345 3145/3048/1361
f 3153/3212/1287 3154/3213/1287 3151/3214/1287 3152/3215/1287
f 3154/3037/1311 3156/3036/1311 3149/3039/1323 3151/3038/1339
f 3179/3216/1280 3180/3217/1280 3125/3141/1280 3126/3140/1280
f 3180/3125/1311 3182/3124/1311 3123/3096/1330 3125/3104/1343
f 3188/3213/1275 3192/3212/1275 3113/3218/1275 3117/3219/1275
f 3192/3081/1292 3190/3080/1292 3115/3083/1353 3113/3082/1348
f 3208/3220/1382 3229/3221/1382 3230/3222/1383 3210/3223/1383
f 3213/3204/1381 3220/3203/1381 3219/3224/1384 3211/3225/1384
f 3221/3176/1311 3217/3172/1311 3218/3173/1311 3222/3226/1311
f 3222/3226/1311 3218/3173/1311 3219/3174/1311 3223/3227/1311
f 3223/3227/1311 3219/3174/1311 3220/3175/1311 3224/3189/1311
f 3225/3190/1311 3221/3176/1311 3222/3226/1311 3226/3228/1311
f 3226/3228/1311 3222/3226/1311 3223/3227/1311 3227/3229/1311
f 3227/3229/1311 3223/3227/1311 3224/3189/1311 3228/3199/1311
f 3229/3200/1311 3225/3190/1311 3226/3228/1311 3230/3206/1311
f 3230/3206/1311 3226/3228/1311 3227/3229/1311 3231/3207/1311
f 3231/3207/1311 3227/3229/1311 3228/3199/1311 3232/3205/1311
f 3237/3159/1292 3233/3153/1292 3234/3154/1292 3238/3230/1292
f 3238/3230/1292 3234/3154/1292 3235/3155/1292 3239/3231/1292
f 3239/3231/1292 3235/3155/1292 3236/3157/1292 3240/3160/1292
f 3241/3163/1292 3237/3159/1292 3238/3230/1292 3242/3232/1292
f 3242/3232/1292 3238/3230/1292 3239/3231/1292 3243/3233/1292
f 3243/3233/1292 3239/3231/1292 3240/3160/1292 3244/3164/1292
f 3245/3166/1292 3241/3163/1292 3242/3232/1292 3246/3169/1292
f 3246/3169/1292 3242/3232/1292 3243/3233/1292 3247/3170/1292
f 3247/3170/1292 3243/3233/1292 3244/3164/1292 3248/3167/1292
f 3216/3188/1374 3232/3187/1374 3228/3234/1375 3215/3235/1375
f 3207/3180/1370 3225/3179/1370 3229/3221/1382 3208/3220/1382
f 3267/2996/1271 3266/2999/1272 3265/2998/1272 3268/2997/1271
f 3266/2999/1272 3264/3001/1273 3263/3000/1273 3265/2998/1272
f 3264/3002/1273 3262/3001/1274 3261/3000/1274 3263/3003/1273
f 3262/3001/1274 3260/3005/1275 3259/3004/1275 3261/3000/1274
f 3260/3005/1275 3258/3007/1276 3257/3006/1276 3259/3004/1275
f 3258/3007/1276 3256/3009/1277 3255/3008/1277 3257/3006/1276
f 3256/3009/1277 3254/3011/1278 3253/3010/1278 3255/3008/1277
f 3254/3012/1278 3252/3015/1279 3251/3014/1279 3253/3013/1278
f 3252/3015/1279 3250/3017/1280 3249/3016/1280 3251/3014/1279
f 3250/3017/1280 3269/3007/1281 3270/3006/1281 3249/3016/1280
f 3269/3007/1281 3271/3019/1282 3272/3018/1282 3270/3006/1281
f 3271/3019/1282 3273/3021/1283 3274/3020/1283 3272/3018/1282
f 3273/3021/1283 3275/3023/1284 3276/3022/1284 3274/3020/1283
f 3275/3011/1284 3277/3009/1285 3278/3008/1285 3276/3010/1284
f 3277/3009/1285 3279/3007/1286 3280/3006/1286 3278/3008/1285
f 3279/3007/1286 3281/3005/1287 3282/3004/1287 3280/3006/1286
f 3281/3005/1287 3283/3025/1288 3284/3024/1288 3282/3004/1287
f 3283/3025/1288 3285/3027/1289 3286/3026/1289 3284/3024/1288
f 3285/3028/1289 3287/3031/1290 3288/3030/1290 3286/3029/1289
f 3268/2997/1271 3288/3030/1290 3287/3031/1290 3267/2996/1271
f 3290/3032/1281 3292/3035/1281 3327/3034/1291 3328/3033/1291
f 3331/3036/1311 3326/3039/1323 3328/3038/1339 3329/3037/1311
f 3326/3040/1295 3325/3043/1295 3323/3042/1284 3324/3041/1284
f 3324/3041/1284 3323/3042/1284 3321/3045/1296 3322/3044/1296
f 3337/3046/1311 3320/3049/1345 3322/3048/1361 3335/3047/1311
f 3320/3032/1299 3319/3035/1299 3317/3051/1287 3318/3050/1287
f 3318/3050/1287 3317/3051/1287 3315/3053/1288 3316/3052/1288
f 3316/3054/1288 3315/3055/1288 3313/3042/1300 3314/3041/1300
f 3345/3056/1311 3312/3059/1355 3314/3058/1367 3343/3057/1311
f 3312/3044/1303 3311/3045/1303 3309/3061/1271 3310/3060/1271
f 3310/3060/1271 3309/3061/1271 3307/3063/1304 3308/3062/1304
f 3351/3064/1311 3306/3067/1320 3308/3066/1319 3349/3065/1311
f 3306/3068/1307 3305/3071/1307 3303/3070/1274 3304/3069/1274
f 3304/3052/1274 3303/3053/1274 3301/3051/1308 3302/3050/1308
f 3358/3072/1271 3299/3075/1271 3300/3074/1271 3357/3073/1271
f 3300/3032/1309 3299/3035/1309 3297/3045/1277 3298/3044/1277
f 3298/3044/1277 3297/3045/1277 3295/3077/1278 3296/3076/1278
f 3296/3076/1278 3295/3077/1278 3294/3079/1310 3291/3078/1310
f 3363/3080/1292 3294/3083/1353 3293/3082/1348 3364/3081/1292
f 3292/3035/1281 3290/3032/1281 3289/3085/1314 3293/3084/1314
f 3254/3086/1331 3316/3088/1331 3314/3058/1367 3252/3087/1366
f 3274/3089/1325 3305/3067/1306 3307/3066/1305 3272/3090/1324
f 3261/3091/1327 3323/3093/1327 3325/3039/1294 3263/3092/1326
f 3271/3090/1318 3308/3066/1319 3306/3067/1320 3273/3089/1317
f 3264/3092/1322 3326/3039/1323 3324/3093/1321 3262/3091/1321
f 3282/3094/1334 3297/3097/1334 3299/3096/1335 3280/3095/1333
f 3253/3086/1315 3315/3088/1315 3317/3099/1336 3255/3098/1336
f 3279/3095/1329 3300/3096/1330 3298/3097/1328 3281/3094/1328
f 3256/3098/1332 3318/3099/1332 3316/3088/1331 3254/3086/1331
f 3272/3090/1324 3307/3066/1305 3309/3101/1340 3270/3100/1340
f 3263/3092/1326 3325/3039/1294 3327/3038/1293 3265/3102/1341
f 3269/3100/1337 3310/3101/1337 3308/3066/1319 3271/3090/1318
f 3266/3102/1338 3328/3038/1339 3326/3039/1323 3264/3092/1322
f 3280/3095/1333 3299/3096/1335 3301/3104/1350 3278/3103/1349
f 3255/3098/1336 3317/3099/1336 3319/3049/1298 3257/3105/1351
f 3287/3106/1357 3289/3082/1312 3290/3108/1356 3267/3107/1356
f 3277/3103/1342 3302/3104/1343 3300/3096/1330 3279/3095/1329
f 3258/3105/1344 3320/3049/1345 3318/3099/1332 3256/3098/1332
f 3285/3109/1362 3291/3083/1313 3289/3082/1312 3287/3106/1357
f 3270/3100/1340 3309/3101/1340 3311/3059/1302 3249/3110/1358
f 3265/3102/1341 3327/3038/1293 3292/3108/1347 3268/3107/1347
f 3268/3107/1347 3292/3108/1347 3293/3082/1348 3288/3106/1346
f 3250/3110/1354 3312/3059/1355 3310/3101/1337 3269/3100/1337
f 3267/3107/1356 3290/3108/1356 3328/3038/1339 3266/3102/1338
f 3278/3103/1349 3301/3104/1350 3303/3112/1363 3276/3111/1363
f 3257/3105/1351 3319/3049/1298 3321/3048/1297 3259/3113/1364
f 3288/3106/1346 3293/3082/1348 3294/3083/1353 3286/3109/1352
f 3275/3111/1359 3304/3112/1359 3302/3104/1343 3277/3103/1342
f 3260/3113/1360 3322/3048/1361 3320/3049/1345 3258/3105/1344
f 3286/3109/1352 3294/3083/1353 3295/3115/1368 3284/3114/1368
f 3249/3110/1358 3311/3059/1302 3313/3058/1301 3251/3087/1316
f 3283/3114/1365 3296/3115/1365 3291/3083/1313 3285/3109/1362
f 3252/3087/1366 3314/3058/1367 3312/3059/1355 3250/3110/1354
f 3276/3111/1363 3303/3112/1363 3305/3067/1306 3274/3089/1325
f 3259/3113/1364 3321/3048/1297 3323/3093/1327 3261/3091/1327
f 3273/3089/1317 3306/3067/1320 3304/3112/1359 3275/3111/1359
f 3262/3091/1321 3324/3093/1321 3322/3048/1361 3260/3113/1360
f 3284/3114/1368 3295/3115/1368 3297/3097/1334 3282/3094/1334
f 3251/3087/1316 3313/3058/1301 3315/3088/1315 3253/3086/1315
f 3281/3094/1328 3298/3097/1328 3296/3115/1365 3283/3114/1365
f 3365/3035/1271 3364/3117/1303 3368/3116/1303 3367/3032/1271
f 3366/3118/1284 3291/3078/1284 3294/3079/1284 3363/3119/1284
f 3361/3120/1288 3366/3118/1300 3363/3119/1300 3362/3121/1288
f 3359/3122/1287 3361/3120/1288 3362/3121/1288 3360/3123/1287
f 3357/3032/1299 3359/3122/1287 3360/3123/1287 3358/3035/1299
f 3357/3124/1311 3300/3096/1330 3302/3104/1343 3355/3125/1311
f 3353/3126/1284 3355/3129/1296 3356/3128/1296 3354/3127/1284
f 3351/3130/1295 3353/3126/1284 3354/3127/1284 3352/3131/1295
f 3352/3131/1288 3305/3133/1288 3306/3132/1288 3351/3130/1288
f 3347/3032/1281 3349/3135/1291 3350/3134/1291 3348/3035/1281
f 3345/3136/1314 3347/3032/1281 3348/3035/1281 3346/3137/1314
f 3346/3138/1285 3311/3141/1285 3312/3140/1285 3345/3139/1285
f 3341/3126/1278 3343/3130/1310 3344/3131/1310 3342/3127/1278
f 3339/3129/1277 3341/3126/1278 3342/3127/1278 3340/3128/1277
f 3337/3032/1309 3339/3129/1277 3340/3128/1277 3338/3035/1309
f 3338/3142/1281 3319/3145/1281 3320/3144/1281 3337/3143/1281
f 3333/3146/1274 3335/3122/1308 3336/3123/1308 3334/3147/1274
f 3331/3148/1307 3333/3146/1274 3334/3147/1274 3332/3149/1307
f 3332/3149/1278 3325/3043/1278 3326/3040/1278 3331/3148/1278
f 3367/3032/1271 3329/3151/1304 3330/3150/1304 3365/3035/1271
f 3343/3057/1311 3369/3153/1311 3347/3152/1311 3345/3056/1311
f 3369/3153/1311 3373/3154/1311 3349/3065/1311 3347/3152/1311
f 3373/3154/1311 3375/3155/1311 3351/3064/1311 3349/3065/1311
f 3375/3155/1311 3377/3157/1311 3353/3156/1311 3351/3064/1311
f 3377/3157/1311 3357/3124/1311 3355/3125/1311 3353/3156/1311
f 3341/3158/1311 3370/3159/1311 3369/3153/1311 3343/3057/1311
f 3378/3160/1311 3359/3161/1311 3357/3124/1311 3377/3157/1311
f 3339/3162/1311 3371/3163/1311 3370/3159/1311 3341/3158/1311
f 3379/3164/1311 3361/3165/1311 3359/3161/1311 3378/3160/1311
f 3337/3046/1311 3372/3166/1311 3371/3163/1311 3339/3162/1311
f 3380/3167/1311 3366/3080/1311 3361/3165/1311 3379/3164/1311
f 3335/3047/1311 3333/3168/1311 3372/3166/1311 3337/3046/1311
f 3333/3168/1311 3331/3036/1311 3374/3169/1311 3372/3166/1311
f 3331/3036/1311 3329/3037/1311 3376/3170/1311 3374/3169/1311
f 3329/3037/1311 3367/3171/1311 3380/3167/1311 3376/3170/1311
f 3367/3171/1311 3368/3081/1311 3366/3080/1311 3380/3167/1311
f 3332/3036/1292 3381/3172/1292 3365/3171/1292 3330/3037/1292
f 3381/3172/1292 3385/3173/1292 3364/3081/1292 3365/3171/1292
f 3385/3173/1292 3387/3174/1292 3363/3080/1292 3364/3081/1292
f 3387/3174/1292 3389/3175/1292 3362/3165/1292 3363/3080/1292
f 3389/3175/1292 3358/3124/1292 3360/3161/1292 3362/3165/1292
f 3334/3168/1292 3382/3176/1292 3381/3172/1292 3332/3036/1292
f 3382/3177/1369 3383/3180/1370 3401/3179/1370 3397/3178/1369
f 3387/3181/1385 3385/3184/1372 3394/3183/1372 3395/3182/1385
f 3388/3185/1373 3392/3188/1374 3408/3187/1374 3407/3186/1373
f 3390/3189/1292 3356/3125/1292 3358/3124/1292 3389/3175/1292
f 3336/3047/1292 3383/3190/1292 3382/3176/1292 3334/3168/1292
f 3391/3191/1375 3390/3194/1376 3400/3193/1376 3404/3192/1375
f 3381/3195/1377 3382/3198/1378 3397/3197/1378 3393/3196/1377
f 3391/3199/1292 3354/3156/1292 3356/3125/1292 3390/3189/1292
f 3338/3046/1292 3384/3200/1292 3383/3190/1292 3336/3047/1292
f 3385/3184/1372 3381/3195/1377 3393/3196/1377 3394/3183/1372
f 3386/3201/1379 3388/3185/1379 3407/3186/1379 3406/3202/1379
f 3390/3194/1380 3389/3204/1380 3396/3203/1380 3400/3193/1380
f 3392/3205/1292 3352/3064/1292 3354/3156/1292 3391/3199/1292
f 3340/3162/1292 3342/3158/1292 3384/3200/1292 3338/3046/1292
f 3342/3158/1292 3344/3057/1292 3386/3206/1292 3384/3200/1292
f 3344/3057/1292 3346/3056/1292 3388/3207/1292 3386/3206/1292
f 3346/3056/1292 3348/3152/1292 3392/3205/1292 3388/3207/1292
f 3348/3152/1292 3350/3065/1292 3352/3064/1292 3392/3205/1292
f 3349/3208/1277 3308/3211/1277 3307/3210/1277 3350/3209/1277
f 3350/3065/1292 3307/3066/1305 3305/3067/1306 3352/3064/1292
f 3343/3130/1274 3314/3132/1274 3313/3133/1274 3344/3131/1274
f 3344/3057/1292 3313/3058/1301 3311/3059/1302 3346/3056/1292
f 3335/3212/1290 3322/3215/1290 3321/3214/1290 3336/3213/1290
f 3336/3047/1292 3321/3048/1297 3319/3049/1298 3338/3046/1292
f 3329/3212/1287 3328/3215/1287 3327/3214/1287 3330/3213/1287
f 3330/3037/1292 3327/3038/1293 3325/3039/1294 3332/3036/1292
f 3355/3216/1280 3302/3140/1280 3301/3141/1280 3356/3217/1280
f 3356/3125/1292 3301/3104/1350 3299/3096/1335 3358/3124/1292
f 3364/3213/1275 3293/3219/1275 3289/3218/1275 3368/3212/1275
f 3368/3081/1311 3289/3082/1312 3291/3083/1313 3366/3080/1311
f 3384/3220/1382 3386/3223/1383 3406/3222/1383 3405/3221/1382
f 3389/3204/1384 3387/3225/1385 3395/3224/1385 3396/3203/1384
f 3397/3176/1292 3398/3226/1292 3394/3173/1292 3393/3172/1292
f 3398/3226/1292 3399/3227/1292 3395/3174/1292 3394/3173/1292
f 3399/3227/1292 3400/3189/1292 3396/3175/1292 3395/3174/1292
f 3401/3190/1292 3402/3228/1292 3398/3226/1292 3397/3176/1292
f 3402/3228/1292 3403/3229/1292 3399/3227/1292 3398/3226/1292
f 3403/3229/1292 3404/3199/1292 3400/3189/1292 3399/3227/1292
f 3405/3200/1292 3406/3206/1292 3402/3228/1292 3401/3190/1292
f 3406/3206/1292 3407/3207/1292 3403/3229/1292 3402/3228/1292
f 3407/3207/1292 3408/3205/1292 3404/3199/1292 3403/3229/1292
f 3413/3159/1311 3414/3230/1311 3410/3154/1311 3409/3153/1311
f 3414/3230/1311 3415/3231/1311 3411/3155/1311 3410/3154/1311
f 3415/3231/1311 3416/3160/1311 3412/3157/1311 3411/3155/1311
f 3417/3163/1311 3418/3232/1311 3414/3230/1311 3413/3159/1311
f 3418/3232/1311 3419/3233/1311 3415/3231/1311 3414/3230/1311
f 3419/3233/1311 3420/3164/1311 3416/3160/1311 3415/3231/1311
f 3421/3166/1311 3422/3169/1311 3418/3232/1311 3417/3163/1311
f 3422/3169/1311 3423/3170/1311 3419/3233/1311 3418/3232/1311
f 3423/3170/1311 3424/3167/1311 3420/3164/1311 3419/3233/1311
f 3392/3188/1374 3391/3235/1375 3404/3234/1375 3408/3187/1374
f 3383/3180/1370 3384/3220/1382 3405/3221/1382 3401/3179/1370
o Cylinder
v -1.378963 0.776867 1.360861
v -1.378963 0.771199 1.339708
v -1.378963 0.755714 1.324223
v -1.378963 0.734560 1.318555
v -1.378963 0.713407 1.324223
v -1.378963 0.697922 1.339708
v -1.378963 0.692254 1.360861
v -1.378963 0.697922 1.382015
v -1.378963 0.713407 1.397500
v -1.378963 0.734560 1.403168
v -1.378963 0.755714 1.397500
v -1.378963 0.771199 1.382015
v -2.321835 0.776867 1.360861
v -2.321835 0.771199 1.339708
v -2.321835 0.755714 1.324223
v -2.321835 0.734560 1.318555
v -2.321835 0.713407 1.324223
v -2.321835 0.697922 1.339708
v -2.321835 0.692254 1.360861
v -2.321835 0.697922 1.382015
v -2.321835 0.713407 1.397500
v -2.321835 0.734560 1.403168
v -2.321835 0.755714 1.397500
v -2.321835 0.771199 1.382015
v -3.264707 0.776867 1.360861
v -3.264707 0.771199 1.339708
v -3.264707 0.755714 1.324223
v -3.264707 0.734560 1.318555
v -3.264707 0.713407 1.324223
v -3.264707 0.697922 1.339708
v -3.264707 0.692254 1.360861
v -3.264707 0.697922 1.382015
v -3.264707 0.713407 1.397500
v -3.264707 0.734560 1.403168
v -3.264707 0.755714 1.397500
v -3.264707 0.771199 1.382015
vn 0.5143 0.8576 -0.0000
vn 0.5143 0.7427 -0.4288
vn 0.5143 0.4288 -0.7427
vn 0.5143 -0.0000 -0.8576
vn 0.5143 -0.4288 -0.7427
vn 0.5143 -0.7427 -0.4288
vn 0.5143 -0.8576 -0.0000
vn 0.5143 -0.7427 0.4288
vn 0.5143 -0.4288 0.7427
vn 0.5143 -0.0000 0.8576
vn 0.5143 0.4288 0.7427
vn 0.5143 0.7427 0.4288
vn -0.0000 1.0000 -0.0000
vn -0.0000 0.8660 -0.5000
vn -0.0000 0.5000 -0.8660
vn -0.0000 -0.0000 -1.0000
vn -0.0000 -0.5000 -0.8660
vn -0.0000 -0.8660 -0.5000
vn -0.0000 -1.0000 -0.0000
vn -0.0000 -0.8660 0.5000
vn -0.0000 -0.5000 0.8660
vn -0.0000 -0.0000 1.0000
vn -0.0000 0.5000 0.8660
vn -0.0000 0.8660 0.5000
vn -0.5143 0.8576 -0.0000
vn -0.5143 0.7427 -0.4288
vn -0.5143 0.4288 -0.7427
vn -0.5143 -0.0000 -0.8576
vn -0.5143 -0.4288 -0.7427
vn -0.5143 -0.7427 -0.4288
vn -0.5143 -0.8576 -0.0000
vn -0.5143 -0.7427 0.4288
vn -0.5143 -0.4288 0.7427
vn -0.5143 -0.0000 0.8576
vn -0.5143 0.4288 0.7427
vn -0.5143 0.7427 0.4288
vt 0.500000 0.124327
vt 0.500000 0.875673
vt 0.524246 0.875673
vt 0.524246 0.124327
vt 0.541996 0.875673
vt 0.541996 0.124327
vt 0.475754 0.875673
vt 0.475754 0.124327
vt 0.475754 0.875673
vt 0.458004 0.875673
vt 0.458004 0.124327
vt 0.524246 0.541996
vt 0.500000 0.548493
vt 0.475754 0.541996
vt 0.458004 0.524246
vt 0.451507 0.500000
vt 0.458004 0.475754
vt 0.475754 0.458004
vt 0.500000 0.451507
vt 0.524246 0.458004
vt 0.541996 0.475754
vt 0.548493 0.500000
vt 0.541996 0.524246
s 1
usemtl Rusty_metal.001
f 3437/3236/1398 3425/3237/1386 3426/3238/1387 3438/3239/1399
f 3438/3239/1399 3426/3238/1387 3427/3240/1388 3439/3241/1400
f 3439/3239/1400 3427/3238/1388 3428/3237/1389 3440/3236/1401
f 3440/3236/1401 3428/3237/1389 3429/3242/1390 3441/3243/1402
f 3441/3241/1402 3429/3240/1390 3430/3238/1391 3442/3239/1403
f 3442/3239/1403 3430/3238/1391 3431/3237/1392 3443/3236/1404
f 3443/3236/1404 3431/3237/1392 3432/3244/1393 3444/3243/1405
f 3444/3243/1405 3432/3244/1393 3433/3245/1394 3445/3246/1406
f 3445/3243/1406 3433/3242/1394 3434/3237/1395 3446/3236/1407
f 3446/3236/1407 3434/3237/1395 3435/3238/1396 3447/3239/1408
f 3426/3247/1387 3425/3248/1386 3436/3249/1397 3435/3250/1396 3434/3251/1395 3433/3252/1394 3432/3253/1393 3431/3254/1392 3430/3255/1391 3429/3256/1390 3428/3257/1389 3427/3258/1388
f 3447/3246/1408 3435/3245/1396 3436/3244/1397 3448/3243/1409
f 3448/3243/1409 3436/3244/1397 3425/3237/1386 3437/3236/1398
f 3437/3236/1398 3438/3239/1399 3450/3238/1411 3449/3237/1410
f 3438/3239/1399 3439/3241/1400 3451/3240/1412 3450/3238/1411
f 3439/3239/1400 3440/3236/1401 3452/3237/1413 3451/3238/1412
f 3440/3236/1401 3441/3243/1402 3453/3242/1414 3452/3237/1413
f 3441/3241/1402 3442/3239/1403 3454/3238/1415 3453/3240/1414
f 3442/3239/1403 3443/3236/1404 3455/3237/1416 3454/3238/1415
f 3443/3236/1404 3444/3243/1405 3456/3244/1417 3455/3237/1416
f 3444/3243/1405 3445/3246/1406 3457/3245/1418 3456/3244/1417
f 3445/3243/1406 3446/3236/1407 3458/3237/1419 3457/3242/1418
f 3446/3236/1407 3447/3239/1408 3459/3238/1420 3458/3237/1419
f 3450/3247/1411 3451/3258/1412 3452/3257/1413 3453/3256/1414 3454/3255/1415 3455/3254/1416 3456/3253/1417 3457/3252/1418 3458/3251/1419 3459/3250/1420 3460/3249/1421 3449/3248/1410
f 3447/3246/1408 3448/3243/1409 3460/3244/1421 3459/3245/1420
f 3448/3243/1409 3437/3236/1398 3449/3237/1410 3460/3244/1421
o Torus.002
v -2.152780 0.419418 -1.116910
v -2.058084 0.419418 -1.092190
v -2.018859 0.419418 -1.032513
v -2.058084 0.419418 -0.972835
v -2.247476 0.419418 -0.972835
v -2.286700 0.419418 -1.032513
v -2.247476 0.419418 -1.092190
v -2.152780 0.549818 -1.096256
v -2.058084 0.542179 -1.072747
v -2.018859 0.523738 -1.015990
v -2.058084 0.505296 -0.959234
v -2.247476 0.505297 -0.959234
v -2.286700 0.523738 -1.015990
v -2.247476 0.542179 -1.072747
v -2.152780 0.667453 -1.036318
v -2.058084 0.652924 -1.016320
v -2.018859 0.617846 -0.968040
v -2.058084 0.582769 -0.919760
v -2.247476 0.582769 -0.919760
v -2.286700 0.617846 -0.968040
v -2.247476 0.652924 -1.016320
v -2.152780 0.760809 -0.942962
v -2.058084 0.740811 -0.928432
v -2.018859 0.692531 -0.893355
v -2.058084 0.644251 -0.858277
v -2.247476 0.644251 -0.858277
v -2.286700 0.692531 -0.893355
v -2.247476 0.740811 -0.928432
v -2.152780 0.820748 -0.825326
v -2.058084 0.797238 -0.817688
v -2.018859 0.740482 -0.799246
v -2.058084 0.683725 -0.780805
v -2.247476 0.683725 -0.780805
v -2.286700 0.740482 -0.799246
v -2.247476 0.797238 -0.817688
v -2.152780 0.841401 -0.694927
v -2.058084 0.816682 -0.694927
v -2.018859 0.757004 -0.694927
v -2.058084 0.697327 -0.694927
v -2.247476 0.697327 -0.694927
v -2.286700 0.757004 -0.694927
v -2.247476 0.816682 -0.694927
v -2.152780 0.820748 -0.564527
v -2.058084 0.797238 -0.572165
v -2.018859 0.740482 -0.590607
v -2.058084 0.683725 -0.609048
v -2.247476 0.683725 -0.609048
v -2.286700 0.740482 -0.590607
v -2.247476 0.797238 -0.572165
v -2.152780 0.760809 -0.446891
v -2.058084 0.740811 -0.461421
v -2.018859 0.692531 -0.496498
v -2.058084 0.644251 -0.531576
v -2.247476 0.644251 -0.531576
v -2.286700 0.692531 -0.496498
v -2.247476 0.740811 -0.461421
v -2.152780 0.667453 -0.353535
v -2.058084 0.652924 -0.373533
v -2.018859 0.617846 -0.421813
v -2.058084 0.582769 -0.470093
v -2.247476 0.582769 -0.470093
v -2.286700 0.617846 -0.421813
v -2.247476 0.652924 -0.373533
v -2.152780 0.549818 -0.293597
v -2.058084 0.542179 -0.317106
v -2.018859 0.523738 -0.373863
v -2.058084 0.505297 -0.430619
v -2.247476 0.505297 -0.430619
v -2.286700 0.523738 -0.373863
v -2.247476 0.542179 -0.317106
v -2.152780 0.419418 -0.272944
v -2.058084 0.419418 -0.297663
v -2.018859 0.419418 -0.357340
v -2.058084 0.419418 -0.417018
v -2.247476 0.419418 -0.417018
v -2.286700 0.419418 -0.357340
v -2.247476 0.419418 -0.297663
v -2.152780 0.289018 -0.293597
v -2.058084 0.296657 -0.317106
v -2.018859 0.315098 -0.373863
v -2.058084 0.333539 -0.430619
v -2.247476 0.333539 -0.430619
v -2.286700 0.315098 -0.373863
v -2.247476 0.296657 -0.317106
v -2.152780 0.171383 -0.353535
v -2.058084 0.185912 -0.373533
v -2.018859 0.220990 -0.421813
v -2.058084 0.256067 -0.470093
v -2.247476 0.256067 -0.470093
v -2.286700 0.220990 -0.421813
v -2.247476 0.185912 -0.373533
v -2.152780 0.078027 -0.446891
v -2.058084 0.098025 -0.461421
v -2.018859 0.146305 -0.496498
v -2.058084 0.194585 -0.531576
v -2.247476 0.194585 -0.531576
v -2.286700 0.146305 -0.496498
v -2.247476 0.098025 -0.461421
v -2.152780 0.018088 -0.564527
v -2.058084 0.041598 -0.572165
v -2.018859 0.098354 -0.590607
v -2.058084 0.155111 -0.609048
v -2.247476 0.155111 -0.609048
v -2.286700 0.098354 -0.590607
v -2.247476 0.041598 -0.572165
v -2.152780 -0.002565 -0.694927
v -2.058084 0.022154 -0.694927
v -2.018859 0.081832 -0.694927
v -2.058084 0.141509 -0.694927
v -2.247476 0.141509 -0.694927
v -2.286700 0.081832 -0.694927
v -2.247476 0.022154 -0.694927
v -2.152780 0.018088 -0.825326
v -2.058084 0.041598 -0.817688
v -2.018859 0.098354 -0.799246
v -2.058084 0.155111 -0.780805
v -2.247476 0.155111 -0.780805
v -2.286700 0.098354 -0.799246
v -2.247476 0.041598 -0.817688
v -2.152780 0.078026 -0.942962
v -2.058084 0.098025 -0.928432
v -2.018859 0.146305 -0.893355
v -2.058084 0.194585 -0.858277
v -2.247476 0.194585 -0.858277
v -2.286700 0.146305 -0.893355
v -2.247476 0.098025 -0.928432
v -2.152780 0.171382 -1.036318
v -2.058084 0.185912 -1.016320
v -2.018859 0.220990 -0.968040
v -2.058084 0.256067 -0.919759
v -2.247476 0.256067 -0.919759
v -2.286700 0.220990 -0.968040
v -2.247476 0.185912 -1.016320
v -2.152780 0.289018 -1.096256
v -2.058084 0.296657 -1.072747
v -2.018859 0.315098 -1.015990
v -2.058084 0.333539 -0.959234
v -2.247476 0.333539 -0.959234
v -2.286700 0.315098 -1.015990
v -2.247476 0.296657 -1.072747
v -2.178316 0.419418 -0.954782
v -2.127243 0.419418 -0.954782
v -2.127243 0.499718 -0.942064
v -2.178316 0.499718 -0.942064
v -2.127243 0.572157 -0.905154
v -2.178316 0.572157 -0.905154
v -2.127243 0.629646 -0.847666
v -2.178316 0.629646 -0.847666
v -2.127243 0.666556 -0.775226
v -2.178316 0.666556 -0.775226
v -2.127243 0.679274 -0.694927
v -2.178316 0.679274 -0.694927
v -2.127243 0.666556 -0.614627
v -2.178316 0.666556 -0.614627
v -2.127243 0.629646 -0.542187
v -2.178316 0.629646 -0.542187
v -2.127243 0.572157 -0.484699
v -2.178316 0.572157 -0.484699
v -2.127243 0.499718 -0.447789
v -2.178316 0.499718 -0.447789
v -2.127243 0.419418 -0.435071
v -2.178316 0.419418 -0.435071
v -2.127243 0.339118 -0.447789
v -2.178316 0.339118 -0.447789
v -2.127243 0.266679 -0.484699
v -2.178316 0.266679 -0.484699
v -2.127243 0.209190 -0.542187
v -2.178316 0.209190 -0.542187
v -2.127243 0.172280 -0.614627
v -2.178316 0.172280 -0.614627
v -2.127243 0.159562 -0.694927
v -2.178316 0.159562 -0.694927
v -2.127243 0.172280 -0.775226
v -2.178316 0.172280 -0.775226
v -2.127243 0.209190 -0.847666
v -2.178316 0.209190 -0.847666
v -2.127243 0.266678 -0.905154
v -2.178316 0.266678 -0.905154
v -2.127243 0.339118 -0.942064
v -2.178316 0.339118 -0.942064
v -2.490889 0.419418 -1.116909
v -2.585585 0.419418 -1.092190
v -2.624810 0.419418 -1.032513
v -2.585585 0.419418 -0.972835
v -2.396193 0.419418 -0.972835
v -2.356969 0.419418 -1.032513
v -2.396193 0.419418 -1.092190
v -2.490889 0.549818 -1.096256
v -2.585585 0.542179 -1.072747
v -2.624810 0.523738 -1.015990
v -2.585585 0.505296 -0.959234
v -2.396193 0.505296 -0.959234
v -2.356969 0.523738 -1.015990
v -2.396193 0.542179 -1.072747
v -2.490889 0.667453 -1.036318
v -2.585585 0.652924 -1.016320
v -2.624810 0.617846 -0.968040
v -2.585585 0.582769 -0.919760
v -2.396193 0.582769 -0.919760
v -2.356969 0.617846 -0.968040
v -2.396193 0.652924 -1.016320
v -2.490889 0.760809 -0.942962
v -2.585585 0.740811 -0.928432
v -2.624810 0.692531 -0.893355
v -2.585585 0.644251 -0.858277
v -2.396193 0.644251 -0.858277
v -2.356969 0.692531 -0.893355
v -2.396193 0.740811 -0.928432
v -2.490889 0.820747 -0.825326
v -2.585585 0.797238 -0.817688
v -2.624810 0.740482 -0.799246
v -2.585585 0.683725 -0.780805
v -2.396193 0.683725 -0.780805
v -2.356969 0.740482 -0.799246
v -2.396193 0.797238 -0.817688
v -2.490889 0.841401 -0.694927
v -2.585585 0.816682 -0.694927
v -2.624810 0.757004 -0.694927
v -2.585585 0.697327 -0.694927
v -2.396193 0.697327 -0.694927
v -2.356969 0.757004 -0.694927
v -2.396193 0.816682 -0.694927
v -2.490889 0.820747 -0.564527
v -2.585585 0.797238 -0.572165
v -2.624810 0.740482 -0.590607
v -2.585585 0.683725 -0.609048
v -2.396193 0.683725 -0.609048
v -2.356969 0.740482 -0.590607
v -2.396193 0.797238 -0.572165
v -2.490889 0.760809 -0.446891
v -2.585585 0.740811 -0.461421
v -2.624810 0.692531 -0.496498
v -2.585585 0.644251 -0.531576
v -2.396193 0.644251 -0.531576
v -2.356969 0.692531 -0.496498
v -2.396193 0.740811 -0.461421
v -2.490889 0.667453 -0.353535
v -2.585585 0.652924 -0.373533
v -2.624810 0.617846 -0.421813
v -2.585585 0.582769 -0.470093
v -2.396193 0.582769 -0.470093
v -2.356969 0.617846 -0.421813
v -2.396193 0.652924 -0.373533
v -2.490889 0.549818 -0.293597
v -2.585585 0.542179 -0.317106
v -2.624810 0.523738 -0.373863
v -2.585585 0.505297 -0.430619
v -2.396193 0.505297 -0.430619
v -2.356969 0.523738 -0.373863
v -2.396193 0.542179 -0.317106
v -2.490889 0.419418 -0.272944
v -2.585585 0.419418 -0.297663
v -2.624810 0.419418 -0.357340
v -2.585585 0.419418 -0.417018
v -2.396193 0.419418 -0.417018
v -2.356969 0.419418 -0.357340
v -2.396193 0.419418 -0.297663
v -2.490889 0.289018 -0.293597
v -2.585585 0.296657 -0.317106
v -2.624810 0.315098 -0.373863
v -2.585585 0.333539 -0.430619
v -2.396193 0.333539 -0.430619
v -2.356969 0.315098 -0.373863
v -2.396193 0.296657 -0.317106
v -2.490889 0.171383 -0.353535
v -2.585585 0.185912 -0.373533
v -2.624810 0.220990 -0.421813
v -2.585585 0.256067 -0.470093
v -2.396193 0.256067 -0.470093
v -2.356969 0.220990 -0.421813
v -2.396193 0.185912 -0.373533
v -2.490889 0.078027 -0.446891
v -2.585585 0.098025 -0.461421
v -2.624810 0.146305 -0.496498
v -2.585585 0.194585 -0.531576
v -2.396193 0.194585 -0.531576
v -2.356969 0.146305 -0.496498
v -2.396193 0.098025 -0.461421
v -2.490889 0.018088 -0.564527
v -2.585585 0.041598 -0.572165
v -2.624810 0.098354 -0.590607
v -2.585585 0.155111 -0.609048
v -2.396193 0.155111 -0.609048
v -2.356969 0.098354 -0.590607
v -2.396193 0.041598 -0.572165
v -2.490889 -0.002565 -0.694927
v -2.585585 0.022154 -0.694927
v -2.624810 0.081832 -0.694927
v -2.585585 0.141509 -0.694927
v -2.396193 0.141509 -0.694927
v -2.356969 0.081832 -0.694927
v -2.396193 0.022154 -0.694927
v -2.490889 0.018088 -0.825326
v -2.585585 0.041598 -0.817688
v -2.624810 0.098354 -0.799246
v -2.585585 0.155111 -0.780805
v -2.396193 0.155111 -0.780805
v -2.356969 0.098354 -0.799246
v -2.396193 0.041598 -0.817688
v -2.490889 0.078026 -0.942962
v -2.585585 0.098025 -0.928432
v -2.624810 0.146305 -0.893355
v -2.585585 0.194585 -0.858277
v -2.396193 0.194585 -0.858277
v -2.356969 0.146305 -0.893355
v -2.396193 0.098025 -0.928432
v -2.490889 0.171382 -1.036318
v -2.585585 0.185912 -1.016320
v -2.624810 0.220990 -0.968039
v -2.585585 0.256067 -0.919759
v -2.396193 0.256067 -0.919759
v -2.356969 0.220990 -0.968040
v -2.396193 0.185912 -1.016320
v -2.490889 0.289018 -1.096256
v -2.585585 0.296657 -1.072747
v -2.624810 0.315098 -1.015990
v -2.585585 0.333539 -0.959234
v -2.396193 0.333539 -0.959234
v -2.356969 0.315098 -1.015990
v -2.396193 0.296657 -1.072747
v -2.465353 0.419418 -0.954782
v -2.516426 0.419418 -0.954782
v -2.516426 0.499718 -0.942064
v -2.465353 0.499718 -0.942064
v -2.516426 0.572157 -0.905154
v -2.465353 0.572157 -0.905154
v -2.516426 0.629646 -0.847666
v -2.465353 0.629646 -0.847666
v -2.516426 0.666556 -0.775226
v -2.465353 0.666556 -0.775226
v -2.516426 0.679274 -0.694927
v -2.465353 0.679274 -0.694927
v -2.516426 0.666556 -0.614627
v -2.465353 0.666556 -0.614627
v -2.516426 0.629646 -0.542187
v -2.465353 0.629646 -0.542187
v -2.516426 0.572157 -0.484699
v -2.465353 0.572157 -0.484699
v -2.516426 0.499718 -0.447789
v -2.465353 0.499718 -0.447789
v -2.516426 0.419418 -0.435071
v -2.465353 0.419418 -0.435071
v -2.516426 0.339118 -0.447789
v -2.465353 0.339118 -0.447789
v -2.516426 0.266679 -0.484699
v -2.465353 0.266679 -0.484699
v -2.516426 0.209190 -0.542187
v -2.465353 0.209190 -0.542187
v -2.516426 0.172280 -0.614627
v -2.465353 0.172280 -0.614627
v -2.516426 0.159562 -0.694927
v -2.465353 0.159562 -0.694927
v -2.516426 0.172280 -0.775226
v -2.465353 0.172280 -0.775226
v -2.516426 0.209190 -0.847666
v -2.465353 0.209190 -0.847666
v -2.516426 0.266678 -0.905154
v -2.465353 0.266678 -0.905154
v -2.516426 0.339118 -0.942064
v -2.465353 0.339118 -0.942064
vn -0.0000 -0.0000 -1.0000
vn 0.5134 -0.0000 -0.8581
vn 0.9982 -0.0000 -0.0606
vn 0.5547 -0.0000 0.8321
vn -0.5547 -0.0000 0.8321
vn -0.9982 -0.0000 -0.0606
vn -0.5134 -0.0000 -0.8581
vn -0.0000 0.3090 -0.9511
vn 0.5134 0.2652 -0.8161
vn 0.9982 0.0187 -0.0576
vn 0.5547 -0.2571 0.7913
vn -0.5547 -0.2571 0.7913
vn -0.9982 0.0187 -0.0576
vn -0.5134 0.2652 -0.8161
vn -0.0000 0.5878 -0.8090
vn 0.5134 0.5044 -0.6942
vn 0.9982 0.0356 -0.0490
vn 0.5547 -0.4891 0.6731
vn -0.5547 -0.4891 0.6731
vn -0.9982 0.0356 -0.0490
vn -0.5134 0.5044 -0.6942
vn -0.0000 0.8090 -0.5878
vn 0.5134 0.6942 -0.5044
vn 0.9982 0.0490 -0.0356
vn 0.5547 -0.6731 0.4891
vn -0.5547 -0.6731 0.4891
vn -0.9982 0.0490 -0.0356
vn -0.5134 0.6942 -0.5044
vn -0.0000 0.9511 -0.3090
vn 0.5134 0.8161 -0.2652
vn 0.9982 0.0576 -0.0187
vn 0.5547 -0.7913 0.2571
vn -0.5547 -0.7913 0.2571
vn -0.9982 0.0576 -0.0187
vn -0.5134 0.8161 -0.2652
vn -0.0000 1.0000 -0.0000
vn 0.5134 0.8581 -0.0000
vn 0.9982 0.0606 -0.0000
vn 0.5547 -0.8321 -0.0000
vn -0.5547 -0.8321 -0.0000
vn -0.9982 0.0606 -0.0000
vn -0.5134 0.8581 -0.0000
vn -0.0000 0.9511 0.3090
vn 0.5134 0.8161 0.2652
vn 0.9982 0.0576 0.0187
vn 0.5547 -0.7913 -0.2571
vn -0.5547 -0.7913 -0.2571
vn -0.9982 0.0576 0.0187
vn -0.5134 0.8161 0.2652
vn -0.0000 0.8090 0.5878
vn 0.5134 0.6942 0.5044
vn 0.9982 0.0490 0.0356
vn 0.5547 -0.6731 -0.4891
vn -0.5547 -0.6731 -0.4891
vn -0.9982 0.0490 0.0356
vn -0.5134 0.6942 0.5044
vn -0.0000 0.5878 0.8090
vn 0.5134 0.5044 0.6942
vn 0.9982 0.0356 0.0490
vn 0.5547 -0.4891 -0.6731
vn -0.5547 -0.4891 -0.6731
vn -0.9982 0.0356 0.0490
vn -0.5134 0.5044 0.6942
vn -0.0000 0.3090 0.9511
vn 0.5134 0.2652 0.8161
vn 0.9982 0.0187 0.0576
vn 0.5547 -0.2571 -0.7913
vn -0.5547 -0.2571 -0.7913
vn -0.9982 0.0187 0.0576
vn -0.5134 0.2652 0.8161
vn -0.0000 -0.0000 1.0000
vn 0.5134 -0.0000 0.8581
vn 0.9982 -0.0000 0.0606
vn 0.5547 -0.0000 -0.8321
vn -0.5547 -0.0000 -0.8321
vn -0.9982 -0.0000 0.0606
vn -0.5134 -0.0000 0.8581
vn -0.0000 -0.3090 0.9511
vn 0.5134 -0.2652 0.8161
vn 0.9982 -0.0187 0.0576
vn 0.5547 0.2571 -0.7913
vn -0.5547 0.2571 -0.7913
vn -0.9982 -0.0187 0.0576
vn -0.5134 -0.2652 0.8161
vn -0.0000 -0.5878 0.8090
vn 0.5134 -0.5044 0.6942
vn 0.9982 -0.0356 0.0490
vn 0.5547 0.4891 -0.6731
vn -0.5547 0.4891 -0.6731
vn -0.9982 -0.0356 0.0490
vn -0.5134 -0.5044 0.6942
vn -0.0000 -0.8090 0.5878
vn 0.5134 -0.6942 0.5044
vn 0.9982 -0.0490 0.0356
vn 0.5547 0.6731 -0.4891
vn -0.5547 0.6731 -0.4891
vn -0.9982 -0.0490 0.0356
vn -0.5134 -0.6942 0.5044
vn -0.0000 -0.9511 0.3090
vn 0.5134 -0.8161 0.2652
vn 0.9982 -0.0576 0.0187
vn 0.5547 0.7913 -0.2571
vn -0.5547 0.7913 -0.2571
vn -0.9982 -0.0576 0.0187
vn -0.5134 -0.8161 0.2652
vn -0.0000 -1.0000 -0.0000
vn 0.5134 -0.8581 -0.0000
vn 0.9982 -0.0606 -0.0000
vn 0.5547 0.8321 -0.0000
vn -0.5547 0.8321 -0.0000
vn -0.9982 -0.0606 -0.0000
vn -0.5134 -0.8581 -0.0000
vn -0.0000 -0.9511 -0.3090
vn 0.5134 -0.8161 -0.2652
vn 0.9982 -0.0576 -0.0187
vn 0.5547 0.7913 0.2571
vn -0.5547 0.7913 0.2571
vn -0.9982 -0.0576 -0.0187
vn -0.5134 -0.8161 -0.2652
vn -0.0000 -0.8090 -0.5878
vn 0.5134 -0.6942 -0.5044
vn 0.9982 -0.0490 -0.0356
vn 0.5547 0.6731 0.4891
vn -0.5547 0.6731 0.4891
vn -0.9982 -0.0490 -0.0356
vn -0.5134 -0.6942 -0.5044
vn -0.0000 -0.5878 -0.8090
vn 0.5134 -0.5044 -0.6942
vn 0.9982 -0.0356 -0.0490
vn 0.5547 0.4891 0.6731
vn -0.5547 0.4891 0.6731
vn -0.9982 -0.0356 -0.0490
vn -0.5134 -0.5044 -0.6942
vn -0.0000 -0.3090 -0.9511
vn 0.5134 -0.2652 -0.8161
vn 0.9982 -0.0187 -0.0576
vn 0.5547 0.2571 0.7913
vn -0.5547 0.2571 0.7913
vn -0.9982 -0.0187 -0.0576
vn -0.5134 -0.2652 -0.8161
vn -0.1269 -0.0000 0.9919
vn 0.1269 -0.0000 0.9919
vn 0.1269 -0.3065 0.9434
vn -0.1269 -0.3065 0.9434
vn 0.1269 -0.5830 0.8025
vn -0.1269 -0.5830 0.8025
vn 0.1269 -0.8025 0.5830
vn -0.1269 -0.8025 0.5830
vn 0.1269 -0.9434 0.3065
vn -0.1269 -0.9434 0.3065
vn 0.1269 -0.9919 -0.0000
vn -0.1269 -0.9919 -0.0000
vn 0.1269 -0.9434 -0.3065
vn -0.1269 -0.9434 -0.3065
vn 0.1269 -0.8025 -0.5830
vn -0.1269 -0.8025 -0.5830
vn 0.1269 -0.5830 -0.8025
vn -0.1269 -0.5830 -0.8025
vn 0.1269 -0.3065 -0.9434
vn -0.1269 -0.3065 -0.9434
vn 0.1269 -0.0000 -0.9919
vn -0.1269 -0.0000 -0.9919
vn 0.1269 0.3065 -0.9434
vn -0.1269 0.3065 -0.9434
vn 0.1269 0.5830 -0.8025
vn -0.1269 0.5830 -0.8025
vn 0.1269 0.8025 -0.5830
vn -0.1269 0.8025 -0.5830
vn 0.1269 0.9434 -0.3065
vn -0.1269 0.9434 -0.3065
vn 0.1269 0.9919 -0.0000
vn -0.1269 0.9919 -0.0000
vn 0.1269 0.9434 0.3065
vn -0.1269 0.9434 0.3065
vn 0.1269 0.8025 0.5830
vn -0.1269 0.8025 0.5830
vn 0.1269 0.5830 0.8025
vn -0.1269 0.5830 0.8025
vn 0.1269 0.3065 0.9434
vn -0.1269 0.3065 0.9434
vt 0.550000 0.500000
vt 0.600000 0.500000
vt 0.600000 0.625000
vt 0.550000 0.625000
vt 0.600000 0.750000
vt 0.550000 0.750000
vt 0.600000 0.875000
vt 0.550000 0.875000
vt 0.550000 0.033709
vt 0.600000 0.033709
vt 0.600000 0.125000
vt 0.550000 0.125000
vt 0.500000 0.033709
vt 0.550000 0.033709
vt 0.500000 0.125000
vt 0.600000 0.250000
vt 0.550000 0.250000
vt 0.600000 0.375000
vt 0.550000 0.375000
vt 0.650000 0.500000
vt 0.650000 0.625000
vt 0.650000 0.750000
vt 0.650000 0.875000
vt 0.600000 0.033709
vt 0.650000 0.033709
vt 0.650000 0.125000
vt 0.700000 0.875000
vt 0.700000 0.966291
vt 0.650000 0.966291
vt 0.650000 0.250000
vt 0.650000 0.375000
vt 0.700000 0.500000
vt 0.700000 0.625000
vt 0.700000 0.750000
vt 0.650000 0.033709
vt 0.700000 0.033709
vt 0.700000 0.125000
vt 0.750000 0.875000
vt 0.750000 0.966291
vt 0.700000 0.966291
vt 0.700000 0.250000
vt 0.700000 0.375000
vt 0.750000 0.500000
vt 0.750000 0.625000
vt 0.750000 0.750000
vt 0.700000 0.033709
vt 0.750000 0.033709
vt 0.750000 0.125000
vt 0.800000 0.875000
vt 0.800000 0.966291
vt 0.750000 0.250000
vt 0.750000 0.375000
vt 0.800000 0.500000
vt 0.800000 0.625000
vt 0.800000 0.750000
vt 0.750000 0.033709
vt 0.800000 0.033709
vt 0.800000 0.125000
vt 0.850000 0.875000
vt 0.850000 0.966291
vt 0.800000 0.966291
vt 0.800000 0.250000
vt 0.800000 0.375000
vt 0.850000 0.500000
vt 0.850000 0.625000
vt 0.850000 0.750000
vt 0.800000 0.033709
vt 0.850000 0.033709
vt 0.850000 0.125000
vt 0.900000 0.875000
vt 0.900000 0.966291
vt 0.850000 0.966291
vt 0.850000 0.250000
vt 0.850000 0.375000
vt 0.900000 0.500000
vt 0.900000 0.625000
vt 0.900000 0.750000
vt 0.850000 0.033709
vt 0.900000 0.033709
vt 0.900000 0.125000
vt 0.950000 0.875000
vt 0.950000 0.966291
vt 0.900000 0.966291
vt 0.900000 0.250000
vt 0.900000 0.375000
vt 0.950000 0.500000
vt 0.950000 0.625000
vt 0.950000 0.750000
vt 0.950000 0.033709
vt 0.950000 0.125000
vt 1.000000 0.875000
vt 1.000000 0.966291
vt 0.950000 0.966291
vt 0.950000 0.250000
vt 0.950000 0.375000
vt 1.000000 0.500000
vt 1.000000 0.625000
vt 1.000000 0.750000
vt 0.950000 0.033709
vt 1.000000 0.033709
vt 1.000000 0.125000
vt 0.000000 0.875000
vt 0.050000 0.875000
vt 0.050000 0.966291
vt 0.000000 0.966291
vt 1.000000 0.250000
vt 1.000000 0.375000
vt 0.000000 0.500000
vt 0.050000 0.500000
vt 0.050000 0.625000
vt 0.000000 0.625000
vt 0.050000 0.750000
vt 0.000000 0.750000
vt 0.000000 0.033709
vt 0.050000 0.033709
vt 0.050000 0.125000
vt 0.000000 0.125000
vt 0.100000 0.875000
vt 0.100000 0.966291
vt 0.050000 0.966291
vt 0.050000 0.250000
vt 0.000000 0.250000
vt 0.050000 0.375000
vt 0.000000 0.375000
vt 0.100000 0.500000
vt 0.100000 0.625000
vt 0.100000 0.750000
vt 0.050000 0.033709
vt 0.100000 0.033709
vt 0.100000 0.125000
vt 0.150000 0.875000
vt 0.150000 0.966291
vt 0.100000 0.966291
vt 0.100000 0.250000
vt 0.100000 0.375000
vt 0.150000 0.500000
vt 0.150000 0.625000
vt 0.150000 0.750000
vt 0.100000 0.033709
vt 0.150000 0.033709
vt 0.150000 0.125000
vt 0.200000 0.875000
vt 0.200000 0.966291
vt 0.150000 0.250000
vt 0.150000 0.375000
vt 0.200000 0.500000
vt 0.200000 0.625000
vt 0.200000 0.750000
vt 0.150000 0.033709
vt 0.200000 0.033709
vt 0.200000 0.125000
vt 0.250000 0.875000
vt 0.250000 0.966291
vt 0.200000 0.250000
vt 0.200000 0.375000
vt 0.250000 0.500000
vt 0.250000 0.625000
vt 0.250000 0.750000
vt 0.200000 0.033709
vt 0.250000 0.033709
vt 0.250000 0.125000
vt 0.300000 0.875000
vt 0.300000 0.966291
vt 0.250000 0.250000
vt 0.250000 0.375000
vt 0.300000 0.500000
vt 0.300000 0.625000
vt 0.300000 0.750000
vt 0.250000 0.033709
vt 0.300000 0.033709
vt 0.300000 0.125000
vt 0.350000 0.875000
vt 0.350000 0.966291
vt 0.300000 0.966291
vt 0.300000 0.250000
vt 0.300000 0.375000
vt 0.350000 0.500000
vt 0.350000 0.625000
vt 0.350000 0.750000
vt 0.300000 0.033709
vt 0.350000 0.033709
vt 0.350000 0.125000
vt 0.400000 0.875000
vt 0.400000 0.966291
vt 0.350000 0.966291
vt 0.350000 0.250000
vt 0.350000 0.375000
vt 0.400000 0.500000
vt 0.400000 0.625000
vt 0.400000 0.750000
vt 0.350000 0.033709
vt 0.400000 0.033709
vt 0.400000 0.125000
vt 0.450000 0.875000
vt 0.450000 0.966291
vt 0.400000 0.966291
vt 0.400000 0.250000
vt 0.400000 0.375000
vt 0.450000 0.500000
vt 0.450000 0.625000
vt 0.450000 0.750000
vt 0.400000 0.033709
vt 0.450000 0.033709
vt 0.450000 0.125000
vt 0.500000 0.875000
vt 0.500000 0.966291
vt 0.450000 0.250000
vt 0.450000 0.375000
vt 0.500000 0.500000
vt 0.500000 0.625000
vt 0.500000 0.750000
vt 0.450000 0.033709
vt 0.500000 0.033709
vt 0.500000 0.250000
vt 0.500000 0.375000
vt 0.600000 0.966291
vt 0.550000 0.966291
vt 0.650000 0.966291
vt 0.600000 0.966291
vt 0.550000 0.000000
vt 0.600000 0.000000
vt 0.650000 0.000000
vt 0.700000 0.000000
vt 0.750000 0.000000
vt 0.800000 0.000000
vt 0.850000 0.000000
vt 0.900000 0.000000
vt 0.950000 0.000000
vt 1.000000 0.000000
vt 0.000000 0.000000
vt 0.050000 0.000000
vt 0.100000 0.000000
vt 0.150000 0.000000
vt 0.200000 0.000000
vt 0.250000 0.000000
vt 0.300000 0.000000
vt 0.350000 0.000000
vt 0.400000 0.000000
vt 0.450000 0.000000
vt 0.500000 0.000000
vt 0.550000 0.966291
s 1
usemtl Procedural_Tyre_Material
f 3461/3259/1422 3468/3260/1429 3469/3261/1430 3462/3262/1423
f 3462/3262/1423 3469/3261/1430 3470/3263/1431 3463/3264/1424
f 3463/3264/1424 3470/3263/1431 3471/3265/1432 3464/3266/1425
f 3601/3267/1562 3604/3268/1565 3472/3269/1433 3465/3270/1426
f 3640/3271/1601 3601/3272/1562 3465/3270/1426 3598/3273/1559
f 3465/3270/1426 3472/3269/1433 3473/3274/1434 3466/3275/1427
f 3466/3275/1427 3473/3274/1434 3474/3276/1435 3467/3277/1428
f 3467/3277/1428 3474/3276/1435 3468/3260/1429 3461/3259/1422
f 3468/3260/1429 3475/3278/1436 3476/3279/1437 3469/3261/1430
f 3469/3261/1430 3476/3279/1437 3477/3280/1438 3470/3263/1431
f 3470/3263/1431 3477/3280/1438 3478/3281/1439 3471/3265/1432
f 3604/3282/1565 3606/3283/1567 3479/3284/1440 3472/3269/1433
f 3478/3281/1439 3485/3285/1446 3607/3286/1568 3605/3287/1566
f 3472/3269/1433 3479/3284/1440 3480/3288/1441 3473/3274/1434
f 3473/3274/1434 3480/3288/1441 3481/3289/1442 3474/3276/1435
f 3474/3276/1435 3481/3289/1442 3475/3278/1436 3468/3260/1429
f 3475/3278/1436 3482/3290/1443 3483/3291/1444 3476/3279/1437
f 3476/3279/1437 3483/3291/1444 3484/3292/1445 3477/3280/1438
f 3477/3280/1438 3484/3292/1445 3485/3285/1446 3478/3281/1439
f 3606/3293/1567 3608/3294/1569 3486/3295/1447 3479/3284/1440
f 3485/3285/1446 3492/3296/1453 3609/3297/1570 3607/3298/1568
f 3479/3284/1440 3486/3295/1447 3487/3299/1448 3480/3288/1441
f 3480/3288/1441 3487/3299/1448 3488/3300/1449 3481/3289/1442
f 3481/3289/1442 3488/3300/1449 3482/3290/1443 3475/3278/1436
f 3482/3290/1443 3489/3301/1450 3490/3302/1451 3483/3291/1444
f 3483/3291/1444 3490/3302/1451 3491/3303/1452 3484/3292/1445
f 3484/3292/1445 3491/3303/1452 3492/3296/1453 3485/3285/1446
f 3608/3304/1569 3610/3305/1571 3493/3306/1454 3486/3295/1447
f 3492/3296/1453 3499/3307/1460 3611/3308/1572 3609/3297/1570
f 3486/3295/1447 3493/3306/1454 3494/3309/1455 3487/3299/1448
f 3487/3299/1448 3494/3309/1455 3495/3310/1456 3488/3300/1449
f 3488/3300/1449 3495/3310/1456 3489/3301/1450 3482/3290/1443
f 3489/3301/1450 3496/3311/1457 3497/3312/1458 3490/3302/1451
f 3490/3302/1451 3497/3312/1458 3498/3313/1459 3491/3303/1452
f 3491/3303/1452 3498/3313/1459 3499/3307/1460 3492/3296/1453
f 3610/3314/1571 3612/3315/1573 3500/3316/1461 3493/3306/1454
f 3499/3307/1460 3506/3317/1467 3613/3318/1574 3611/3319/1572
f 3493/3306/1454 3500/3316/1461 3501/3320/1462 3494/3309/1455
f 3494/3309/1455 3501/3320/1462 3502/3321/1463 3495/3310/1456
f 3495/3310/1456 3502/3321/1463 3496/3311/1457 3489/3301/1450
f 3496/3311/1457 3503/3322/1464 3504/3323/1465 3497/3312/1458
f 3497/3312/1458 3504/3323/1465 3505/3324/1466 3498/3313/1459
f 3498/3313/1459 3505/3324/1466 3506/3317/1467 3499/3307/1460
f 3612/3325/1573 3614/3326/1575 3507/3327/1468 3500/3316/1461
f 3506/3317/1467 3513/3328/1474 3615/3329/1576 3613/3330/1574
f 3500/3316/1461 3507/3327/1468 3508/3331/1469 3501/3320/1462
f 3501/3320/1462 3508/3331/1469 3509/3332/1470 3502/3321/1463
f 3502/3321/1463 3509/3332/1470 3503/3322/1464 3496/3311/1457
f 3503/3322/1464 3510/3333/1471 3511/3334/1472 3504/3323/1465
f 3504/3323/1465 3511/3334/1472 3512/3335/1473 3505/3324/1466
f 3505/3324/1466 3512/3335/1473 3513/3328/1474 3506/3317/1467
f 3614/3336/1575 3616/3337/1577 3514/3338/1475 3507/3327/1468
f 3513/3328/1474 3520/3339/1481 3617/3340/1578 3615/3341/1576
f 3507/3327/1468 3514/3338/1475 3515/3342/1476 3508/3331/1469
f 3508/3331/1469 3515/3342/1476 3516/3343/1477 3509/3332/1470
f 3509/3332/1470 3516/3343/1477 3510/3333/1471 3503/3322/1464
f 3510/3333/1471 3517/3344/1478 3518/3345/1479 3511/3334/1472
f 3511/3334/1472 3518/3345/1479 3519/3346/1480 3512/3335/1473
f 3512/3335/1473 3519/3346/1480 3520/3339/1481 3513/3328/1474
f 3616/3337/1577 3618/3347/1579 3521/3348/1482 3514/3338/1475
f 3520/3339/1481 3527/3349/1488 3619/3350/1580 3617/3351/1578
f 3514/3338/1475 3521/3348/1482 3522/3352/1483 3515/3342/1476
f 3515/3342/1476 3522/3352/1483 3523/3353/1484 3516/3343/1477
f 3516/3343/1477 3523/3353/1484 3517/3344/1478 3510/3333/1471
f 3517/3344/1478 3524/3354/1485 3525/3355/1486 3518/3345/1479
f 3518/3345/1479 3525/3355/1486 3526/3356/1487 3519/3346/1480
f 3519/3346/1480 3526/3356/1487 3527/3349/1488 3520/3339/1481
f 3618/3357/1579 3620/3358/1581 3528/3359/1489 3521/3348/1482
f 3527/3360/1488 3534/3361/1495 3621/3362/1582 3619/3363/1580
f 3521/3348/1482 3528/3359/1489 3529/3364/1490 3522/3352/1483
f 3522/3352/1483 3529/3364/1490 3530/3365/1491 3523/3353/1484
f 3523/3353/1484 3530/3365/1491 3524/3354/1485 3517/3344/1478
f 3524/3366/1485 3531/3367/1492 3532/3368/1493 3525/3369/1486
f 3525/3369/1486 3532/3368/1493 3533/3370/1494 3526/3371/1487
f 3526/3371/1487 3533/3370/1494 3534/3361/1495 3527/3360/1488
f 3620/3372/1581 3622/3373/1583 3535/3374/1496 3528/3375/1489
f 3534/3361/1495 3541/3376/1502 3623/3377/1584 3621/3378/1582
f 3528/3375/1489 3535/3374/1496 3536/3379/1497 3529/3380/1490
f 3529/3380/1490 3536/3379/1497 3537/3381/1498 3530/3382/1491
f 3530/3382/1491 3537/3381/1498 3531/3367/1492 3524/3366/1485
f 3531/3367/1492 3538/3383/1499 3539/3384/1500 3532/3368/1493
f 3532/3368/1493 3539/3384/1500 3540/3385/1501 3533/3370/1494
f 3533/3370/1494 3540/3385/1501 3541/3376/1502 3534/3361/1495
f 3622/3386/1583 3624/3387/1585 3542/3388/1503 3535/3374/1496
f 3541/3376/1502 3548/3389/1509 3625/3390/1586 3623/3391/1584
f 3535/3374/1496 3542/3388/1503 3543/3392/1504 3536/3379/1497
f 3536/3379/1497 3543/3392/1504 3544/3393/1505 3537/3381/1498
f 3537/3381/1498 3544/3393/1505 3538/3383/1499 3531/3367/1492
f 3538/3383/1499 3545/3394/1506 3546/3395/1507 3539/3384/1500
f 3539/3384/1500 3546/3395/1507 3547/3396/1508 3540/3385/1501
f 3540/3385/1501 3547/3396/1508 3548/3389/1509 3541/3376/1502
f 3624/3397/1585 3626/3398/1587 3549/3399/1510 3542/3388/1503
f 3548/3389/1509 3555/3400/1516 3627/3401/1588 3625/3390/1586
f 3542/3388/1503 3549/3399/1510 3550/3402/1511 3543/3392/1504
f 3543/3392/1504 3550/3402/1511 3551/3403/1512 3544/3393/1505
f 3544/3393/1505 3551/3403/1512 3545/3394/1506 3538/3383/1499
f 3545/3394/1506 3552/3404/1513 3553/3405/1514 3546/3395/1507
f 3546/3395/1507 3553/3405/1514 3554/3406/1515 3547/3396/1508
f 3547/3396/1508 3554/3406/1515 3555/3400/1516 3548/3389/1509
f 3626/3407/1587 3628/3408/1589 3556/3409/1517 3549/3399/1510
f 3555/3400/1516 3562/3410/1523 3629/3411/1590 3627/3401/1588
f 3549/3399/1510 3556/3409/1517 3557/3412/1518 3550/3402/1511
f 3550/3402/1511 3557/3412/1518 3558/3413/1519 3551/3403/1512
f 3551/3403/1512 3558/3413/1519 3552/3404/1513 3545/3394/1506
f 3552/3404/1513 3559/3414/1520 3560/3415/1521 3553/3405/1514
f 3553/3405/1514 3560/3415/1521 3561/3416/1522 3554/3406/1515
f 3554/3406/1515 3561/3416/1522 3562/3410/1523 3555/3400/1516
f 3628/3417/1589 3630/3418/1591 3563/3419/1524 3556/3409/1517
f 3562/3410/1523 3569/3420/1530 3631/3421/1592 3629/3411/1590
f 3556/3409/1517 3563/3419/1524 3564/3422/1525 3557/3412/1518
f 3557/3412/1518 3564/3422/1525 3565/3423/1526 3558/3413/1519
f 3558/3413/1519 3565/3423/1526 3559/3414/1520 3552/3404/1513
f 3559/3414/1520 3566/3424/1527 3567/3425/1528 3560/3415/1521
f 3560/3415/1521 3567/3425/1528 3568/3426/1529 3561/3416/1522
f 3561/3416/1522 3568/3426/1529 3569/3420/1530 3562/3410/1523
f 3630/3427/1591 3632/3428/1593 3570/3429/1531 3563/3419/1524
f 3569/3420/1530 3576/3430/1537 3633/3431/1594 3631/3432/1592
f 3563/3419/1524 3570/3429/1531 3571/3433/1532 3564/3422/1525
f 3564/3422/1525 3571/3433/1532 3572/3434/1533 3565/3423/1526
f 3565/3423/1526 3572/3434/1533 3566/3424/1527 3559/3414/1520
f 3566/3424/1527 3573/3435/1534 3574/3436/1535 3567/3425/1528
f 3567/3425/1528 3574/3436/1535 3575/3437/1536 3568/3426/1529
f 3568/3426/1529 3575/3437/1536 3576/3430/1537 3569/3420/1530
f 3632/3438/1593 3634/3439/1595 3577/3440/1538 3570/3429/1531
f 3576/3430/1537 3583/3441/1544 3635/3442/1596 3633/3443/1594
f 3570/3429/1531 3577/3440/1538 3578/3444/1539 3571/3433/1532
f 3571/3433/1532 3578/3444/1539 3579/3445/1540 3572/3434/1533
f 3572/3434/1533 3579/3445/1540 3573/3435/1534 3566/3424/1527
f 3573/3435/1534 3580/3446/1541 3581/3447/1542 3574/3436/1535
f 3574/3436/1535 3581/3447/1542 3582/3448/1543 3575/3437/1536
f 3575/3437/1536 3582/3448/1543 3583/3441/1544 3576/3430/1537
f 3634/3449/1595 3636/3450/1597 3584/3451/1545 3577/3440/1538
f 3583/3441/1544 3590/3452/1551 3637/3453/1598 3635/3454/1596
f 3577/3440/1538 3584/3451/1545 3585/3455/1546 3578/3444/1539
f 3578/3444/1539 3585/3455/1546 3586/3456/1547 3579/3445/1540
f 3579/3445/1540 3586/3456/1547 3580/3446/1541 3573/3435/1534
f 3580/3446/1541 3587/3457/1548 3588/3458/1549 3581/3447/1542
f 3581/3447/1542 3588/3458/1549 3589/3459/1550 3582/3448/1543
f 3582/3448/1543 3589/3459/1550 3590/3452/1551 3583/3441/1544
f 3636/3460/1597 3638/3461/1599 3591/3462/1552 3584/3451/1545
f 3590/3452/1551 3597/3463/1558 3639/3464/1600 3637/3453/1598
f 3584/3451/1545 3591/3462/1552 3592/3465/1553 3585/3455/1546
f 3585/3455/1546 3592/3465/1553 3593/3466/1554 3586/3456/1547
f 3586/3456/1547 3593/3466/1554 3587/3457/1548 3580/3446/1541
f 3587/3457/1548 3594/3467/1555 3595/3468/1556 3588/3458/1549
f 3588/3458/1549 3595/3468/1556 3596/3469/1557 3589/3459/1550
f 3589/3459/1550 3596/3469/1557 3597/3463/1558 3590/3452/1551
f 3638/3470/1599 3640/3471/1601 3598/3273/1559 3591/3462/1552
f 3591/3462/1552 3598/3273/1559 3599/3472/1560 3592/3465/1553
f 3592/3465/1553 3599/3472/1560 3600/3473/1561 3593/3466/1554
f 3593/3466/1554 3600/3473/1561 3594/3467/1555 3587/3457/1548
f 3594/3467/1555 3461/3259/1422 3462/3262/1423 3595/3468/1556
f 3595/3468/1556 3462/3262/1423 3463/3264/1424 3596/3469/1557
f 3596/3469/1557 3463/3264/1424 3464/3266/1425 3597/3463/1558
f 3464/3266/1425 3471/3265/1432 3603/3474/1564 3602/3475/1563
f 3471/3265/1432 3478/3281/1439 3605/3476/1566 3603/3477/1564
f 3598/3273/1559 3465/3270/1426 3466/3275/1427 3599/3472/1560
f 3599/3472/1560 3466/3275/1427 3467/3277/1428 3600/3473/1561
f 3600/3473/1561 3467/3277/1428 3461/3259/1422 3594/3467/1555
f 3602/3478/1563 3603/3479/1564 3604/3268/1565 3601/3267/1562
f 3603/3479/1564 3605/3480/1566 3606/3283/1567 3604/3282/1565
f 3605/3480/1566 3607/3481/1568 3608/3294/1569 3606/3293/1567
f 3607/3481/1568 3609/3482/1570 3610/3305/1571 3608/3304/1569
f 3609/3482/1570 3611/3483/1572 3612/3315/1573 3610/3314/1571
f 3611/3483/1572 3613/3484/1574 3614/3326/1575 3612/3325/1573
f 3613/3484/1574 3615/3485/1576 3616/3337/1577 3614/3336/1575
f 3615/3485/1576 3617/3486/1578 3618/3347/1579 3616/3337/1577
f 3617/3486/1578 3619/3487/1580 3620/3358/1581 3618/3357/1579
f 3619/3488/1580 3621/3489/1582 3622/3373/1583 3620/3372/1581
f 3621/3489/1582 3623/3490/1584 3624/3387/1585 3622/3386/1583
f 3623/3490/1584 3625/3491/1586 3626/3398/1587 3624/3397/1585
f 3625/3491/1586 3627/3492/1588 3628/3408/1589 3626/3407/1587
f 3627/3492/1588 3629/3493/1590 3630/3418/1591 3628/3417/1589
f 3629/3493/1590 3631/3494/1592 3632/3428/1593 3630/3427/1591
f 3631/3494/1592 3633/3495/1594 3634/3439/1595 3632/3438/1593
f 3633/3495/1594 3635/3496/1596 3636/3450/1597 3634/3449/1595
f 3635/3496/1596 3637/3497/1598 3638/3461/1599 3636/3460/1597
f 3637/3497/1598 3639/3498/1600 3640/3471/1601 3638/3470/1599
f 3601/3272/1562 3640/3271/1601 3639/3498/1600 3602/3478/1563
f 3597/3463/1558 3464/3266/1425 3602/3499/1563 3639/3464/1600
f 3641/3259/1422 3642/3262/1428 3649/3261/1435 3648/3260/1429
f 3642/3262/1428 3643/3264/1427 3650/3263/1434 3649/3261/1435
f 3643/3264/1427 3644/3266/1426 3651/3265/1433 3650/3263/1434
f 3781/3267/1563 3645/3270/1425 3652/3269/1432 3784/3268/1564
f 3820/3271/1600 3778/3273/1558 3645/3270/1425 3781/3272/1563
f 3645/3270/1425 3646/3275/1424 3653/3274/1431 3652/3269/1432
f 3646/3275/1424 3647/3277/1423 3654/3276/1430 3653/3274/1431
f 3647/3277/1423 3641/3259/1422 3648/3260/1429 3654/3276/1430
f 3648/3260/1429 3649/3261/1435 3656/3279/1442 3655/3278/1436
f 3649/3261/1435 3650/3263/1434 3657/3280/1441 3656/3279/1442
f 3650/3263/1434 3651/3265/1433 3658/3281/1440 3657/3280/1441
f 3784/3282/1564 3652/3269/1432 3659/3284/1439 3786/3283/1566
f 3658/3281/1440 3785/3287/1567 3787/3286/1569 3665/3285/1447
f 3652/3269/1432 3653/3274/1431 3660/3288/1438 3659/3284/1439
f 3653/3274/1431 3654/3276/1430 3661/3289/1437 3660/3288/1438
f 3654/3276/1430 3648/3260/1429 3655/3278/1436 3661/3289/1437
f 3655/3278/1436 3656/3279/1442 3663/3291/1449 3662/3290/1443
f 3656/3279/1442 3657/3280/1441 3664/3292/1448 3663/3291/1449
f 3657/3280/1441 3658/3281/1440 3665/3285/1447 3664/3292/1448
f 3786/3293/1566 3659/3284/1439 3666/3295/1446 3788/3294/1568
f 3665/3285/1447 3787/3298/1569 3789/3297/1571 3672/3296/1454
f 3659/3284/1439 3660/3288/1438 3667/3299/1445 3666/3295/1446
f 3660/3288/1438 3661/3289/1437 3668/3300/1444 3667/3299/1445
f 3661/3289/1437 3655/3278/1436 3662/3290/1443 3668/3300/1444
f 3662/3290/1443 3663/3291/1449 3670/3302/1456 3669/3301/1450
f 3663/3291/1449 3664/3292/1448 3671/3303/1455 3670/3302/1456
f 3664/3292/1448 3665/3285/1447 3672/3296/1454 3671/3303/1455
f 3788/3304/1568 3666/3295/1446 3673/3306/1453 3790/3305/1570
f 3672/3296/1454 3789/3297/1571 3791/3308/1573 3679/3307/1461
f 3666/3295/1446 3667/3299/1445 3674/3309/1452 3673/3306/1453
f 3667/3299/1445 3668/3300/1444 3675/3310/1451 3674/3309/1452
f 3668/3300/1444 3662/3290/1443 3669/3301/1450 3675/3310/1451
f 3669/3301/1450 3670/3302/1456 3677/3312/1463 3676/3311/1457
f 3670/3302/1456 3671/3303/1455 3678/3313/1462 3677/3312/1463
f 3671/3303/1455 3672/3296/1454 3679/3307/1461 3678/3313/1462
f 3790/3314/1570 3673/3306/1453 3680/3316/1460 3792/3315/1572
f 3679/3307/1461 3791/3319/1573 3793/3318/1575 3686/3317/1468
f 3673/3306/1453 3674/3309/1452 3681/3320/1459 3680/3316/1460
f 3674/3309/1452 3675/3310/1451 3682/3321/1458 3681/3320/1459
f 3675/3310/1451 3669/3301/1450 3676/3311/1457 3682/3321/1458
f 3676/3311/1457 3677/3312/1463 3684/3323/1470 3683/3322/1464
f 3677/3312/1463 3678/3313/1462 3685/3324/1469 3684/3323/1470
f 3678/3313/1462 3679/3307/1461 3686/3317/1468 3685/3324/1469
f 3792/3325/1572 3680/3316/1460 3687/3327/1467 3794/3326/1574
f 3686/3317/1468 3793/3330/1575 3795/3329/1577 3693/3328/1475
f 3680/3316/1460 3681/3320/1459 3688/3331/1466 3687/3327/1467
f 3681/3320/1459 3682/3321/1458 3689/3332/1465 3688/3331/1466
f 3682/3321/1458 3676/3311/1457 3683/3322/1464 3689/3332/1465
f 3683/3322/1464 3684/3323/1470 3691/3334/1477 3690/3333/1471
f 3684/3323/1470 3685/3324/1469 3692/3335/1476 3691/3334/1477
f 3685/3324/1469 3686/3317/1468 3693/3328/1475 3692/3335/1476
f 3794/3336/1574 3687/3327/1467 3694/3338/1474 3796/3337/1576
f 3693/3328/1475 3795/3341/1577 3797/3340/1579 3700/3339/1482
f 3687/3327/1467 3688/3331/1466 3695/3342/1473 3694/3338/1474
f 3688/3331/1466 3689/3332/1465 3696/3343/1472 3695/3342/1473
f 3689/3332/1465 3683/3322/1464 3690/3333/1471 3696/3343/1472
f 3690/3333/1471 3691/3334/1477 3698/3345/1484 3697/3344/1478
f 3691/3334/1477 3692/3335/1476 3699/3346/1483 3698/3345/1484
f 3692/3335/1476 3693/3328/1475 3700/3339/1482 3699/3346/1483
f 3796/3337/1576 3694/3338/1474 3701/3348/1481 3798/3347/1578
f 3700/3339/1482 3797/3351/1579 3799/3350/1581 3707/3349/1489
f 3694/3338/1474 3695/3342/1473 3702/3352/1480 3701/3348/1481
f 3695/3342/1473 3696/3343/1472 3703/3353/1479 3702/3352/1480
f 3696/3343/1472 3690/3333/1471 3697/3344/1478 3703/3353/1479
f 3697/3344/1478 3698/3345/1484 3705/3355/1491 3704/3354/1485
f 3698/3345/1484 3699/3346/1483 3706/3356/1490 3705/3355/1491
f 3699/3346/1483 3700/3339/1482 3707/3349/1489 3706/3356/1490
f 3798/3357/1578 3701/3348/1481 3708/3359/1488 3800/3358/1580
f 3707/3360/1489 3799/3363/1581 3801/3362/1583 3714/3361/1496
f 3701/3348/1481 3702/3352/1480 3709/3364/1487 3708/3359/1488
f 3702/3352/1480 3703/3353/1479 3710/3365/1486 3709/3364/1487
f 3703/3353/1479 3697/3344/1478 3704/3354/1485 3710/3365/1486
f 3704/3366/1485 3705/3369/1491 3712/3368/1498 3711/3367/1492
f 3705/3369/1491 3706/3371/1490 3713/3370/1497 3712/3368/1498
f 3706/3371/1490 3707/3360/1489 3714/3361/1496 3713/3370/1497
f 3800/3372/1580 3708/3375/1488 3715/3374/1495 3802/3373/1582
f 3714/3361/1496 3801/3378/1583 3803/3377/1585 3721/3376/1503
f 3708/3375/1488 3709/3380/1487 3716/3379/1494 3715/3374/1495
f 3709/3380/1487 3710/3382/1486 3717/3381/1493 3716/3379/1494
f 3710/3382/1486 3704/3366/1485 3711/3367/1492 3717/3381/1493
f 3711/3367/1492 3712/3368/1498 3719/3384/1505 3718/3383/1499
f 3712/3368/1498 3713/3370/1497 3720/3385/1504 3719/3384/1505
f 3713/3370/1497 3714/3361/1496 3721/3376/1503 3720/3385/1504
f 3802/3386/1582 3715/3374/1495 3722/3388/1502 3804/3387/1584
f 3721/3376/1503 3803/3391/1585 3805/3390/1587 3728/3389/1510
f 3715/3374/1495 3716/3379/1494 3723/3392/1501 3722/3388/1502
f 3716/3379/1494 3717/3381/1493 3724/3393/1500 3723/3392/1501
f 3717/3381/1493 3711/3367/1492 3718/3383/1499 3724/3393/1500
f 3718/3383/1499 3719/3384/1505 3726/3395/1512 3725/3394/1506
f 3719/3384/1505 3720/3385/1504 3727/3396/1511 3726/3395/1512
f 3720/3385/1504 3721/3376/1503 3728/3389/1510 3727/3396/1511
f 3804/3397/1584 3722/3388/1502 3729/3399/1509 3806/3398/1586
f 3728/3389/1510 3805/3390/1587 3807/3401/1589 3735/3400/1517
f 3722/3388/1502 3723/3392/1501 3730/3402/1508 3729/3399/1509
f 3723/3392/1501 3724/3393/1500 3731/3403/1507 3730/3402/1508
f 3724/3393/1500 3718/3383/1499 3725/3394/1506 3731/3403/1507
f 3725/3394/1506 3726/3395/1512 3733/3405/1519 3732/3404/1513
f 3726/3395/1512 3727/3396/1511 3734/3406/1518 3733/3405/1519
f 3727/3396/1511 3728/3389/1510 3735/3400/1517 3734/3406/1518
f 3806/3407/1586 3729/3399/1509 3736/3409/1516 3808/3408/1588
f 3735/3400/1517 3807/3401/1589 3809/3411/1591 3742/3410/1524
f 3729/3399/1509 3730/3402/1508 3737/3412/1515 3736/3409/1516
f 3730/3402/1508 3731/3403/1507 3738/3413/1514 3737/3412/1515
f 3731/3403/1507 3725/3394/1506 3732/3404/1513 3738/3413/1514
f 3732/3404/1513 3733/3405/1519 3740/3415/1526 3739/3414/1520
f 3733/3405/1519 3734/3406/1518 3741/3416/1525 3740/3415/1526
f 3734/3406/1518 3735/3400/1517 3742/3410/1524 3741/3416/1525
f 3808/3417/1588 3736/3409/1516 3743/3419/1523 3810/3418/1590
f 3742/3410/1524 3809/3411/1591 3811/3421/1593 3749/3420/1531
f 3736/3409/1516 3737/3412/1515 3744/3422/1522 3743/3419/1523
f 3737/3412/1515 3738/3413/1514 3745/3423/1521 3744/3422/1522
f 3738/3413/1514 3732/3404/1513 3739/3414/1520 3745/3423/1521
f 3739/3414/1520 3740/3415/1526 3747/3425/1533 3746/3424/1527
f 3740/3415/1526 3741/3416/1525 3748/3426/1532 3747/3425/1533
f 3741/3416/1525 3742/3410/1524 3749/3420/1531 3748/3426/1532
f 3810/3427/1590 3743/3419/1523 3750/3429/1530 3812/3428/1592
f 3749/3420/1531 3811/3432/1593 3813/3431/1595 3756/3430/1538
f 3743/3419/1523 3744/3422/1522 3751/3433/1529 3750/3429/1530
f 3744/3422/1522 3745/3423/1521 3752/3434/1528 3751/3433/1529
f 3745/3423/1521 3739/3414/1520 3746/3424/1527 3752/3434/1528
f 3746/3424/1527 3747/3425/1533 3754/3436/1540 3753/3435/1534
f 3747/3425/1533 3748/3426/1532 3755/3437/1539 3754/3436/1540
f 3748/3426/1532 3749/3420/1531 3756/3430/1538 3755/3437/1539
f 3812/3438/1592 3750/3429/1530 3757/3440/1537 3814/3439/1594
f 3756/3430/1538 3813/3443/1595 3815/3442/1597 3763/3441/1545
f 3750/3429/1530 3751/3433/1529 3758/3444/1536 3757/3440/1537
f 3751/3433/1529 3752/3434/1528 3759/3445/1535 3758/3444/1536
f 3752/3434/1528 3746/3424/1527 3753/3435/1534 3759/3445/1535
f 3753/3435/1534 3754/3436/1540 3761/3447/1547 3760/3446/1541
f 3754/3436/1540 3755/3437/1539 3762/3448/1546 3761/3447/1547
f 3755/3437/1539 3756/3430/1538 3763/3441/1545 3762/3448/1546
f 3814/3449/1594 3757/3440/1537 3764/3451/1544 3816/3450/1596
f 3763/3441/1545 3815/3454/1597 3817/3453/1599 3770/3452/1552
f 3757/3440/1537 3758/3444/1536 3765/3455/1543 3764/3451/1544
f 3758/3444/1536 3759/3445/1535 3766/3456/1542 3765/3455/1543
f 3759/3445/1535 3753/3435/1534 3760/3446/1541 3766/3456/1542
f 3760/3446/1541 3761/3447/1547 3768/3458/1554 3767/3457/1548
f 3761/3447/1547 3762/3448/1546 3769/3459/1553 3768/3458/1554
f 3762/3448/1546 3763/3441/1545 3770/3452/1552 3769/3459/1553
f 3816/3460/1596 3764/3451/1544 3771/3462/1551 3818/3461/1598
f 3770/3452/1552 3817/3453/1599 3819/3464/1601 3777/3463/1559
f 3764/3451/1544 3765/3455/1543 3772/3465/1550 3771/3462/1551
f 3765/3455/1543 3766/3456/1542 3773/3466/1549 3772/3465/1550
f 3766/3456/1542 3760/3446/1541 3767/3457/1548 3773/3466/1549
f 3767/3457/1548 3768/3458/1554 3775/3468/1561 3774/3467/1555
f 3768/3458/1554 3769/3459/1553 3776/3469/1560 3775/3468/1561
f 3769/3459/1553 3770/3452/1552 3777/3463/1559 3776/3469/1560
f 3818/3470/1598 3771/3462/1551 3778/3273/1558 3820/3471/1600
f 3771/3462/1551 3772/3465/1550 3779/3472/1557 3778/3273/1558
f 3772/3465/1550 3773/3466/1549 3780/3473/1556 3779/3472/1557
f 3773/3466/1549 3767/3457/1548 3774/3467/1555 3780/3473/1556
f 3774/3467/1555 3775/3468/1561 3642/3262/1428 3641/3259/1422
f 3775/3468/1561 3776/3469/1560 3643/3264/1427 3642/3262/1428
f 3776/3469/1560 3777/3463/1559 3644/3266/1426 3643/3264/1427
f 3644/3266/1426 3782/3475/1562 3783/3474/1565 3651/3265/1433
f 3651/3265/1433 3783/3477/1565 3785/3476/1567 3658/3281/1440
f 3778/3273/1558 3779/3472/1557 3646/3275/1424 3645/3270/1425
f 3779/3472/1557 3780/3473/1556 3647/3277/1423 3646/3275/1424
f 3780/3473/1556 3774/3467/1555 3641/3259/1422 3647/3277/1423
f 3782/3478/1562 3781/3267/1563 3784/3268/1564 3783/3479/1565
f 3783/3479/1565 3784/3282/1564 3786/3283/1566 3785/3480/1567
f 3785/3480/1567 3786/3293/1566 3788/3294/1568 3787/3481/1569
f 3787/3481/1569 3788/3304/1568 3790/3305/1570 3789/3482/1571
f 3789/3482/1571 3790/3314/1570 3792/3315/1572 3791/3483/1573
f 3791/3483/1573 3792/3325/1572 3794/3326/1574 3793/3484/1575
f 3793/3484/1575 3794/3336/1574 3796/3337/1576 3795/3485/1577
f 3795/3485/1577 3796/3337/1576 3798/3347/1578 3797/3486/1579
f 3797/3486/1579 3798/3357/1578 3800/3358/1580 3799/3487/1581
f 3799/3488/1581 3800/3372/1580 3802/3373/1582 3801/3489/1583
f 3801/3489/1583 3802/3386/1582 3804/3387/1584 3803/3490/1585
f 3803/3490/1585 3804/3397/1584 3806/3398/1586 3805/3491/1587
f 3805/3491/1587 3806/3407/1586 3808/3408/1588 3807/3492/1589
f 3807/3492/1589 3808/3417/1588 3810/3418/1590 3809/3493/1591
f 3809/3493/1591 3810/3427/1590 3812/3428/1592 3811/3494/1593
f 3811/3494/1593 3812/3438/1592 3814/3439/1594 3813/3495/1595
f 3813/3495/1595 3814/3449/1594 3816/3450/1596 3815/3496/1597
f 3815/3496/1597 3816/3460/1596 3818/3461/1598 3817/3497/1599
f 3817/3497/1599 3818/3470/1598 3820/3471/1600 3819/3498/1601
f 3781/3272/1563 3782/3478/1562 3819/3498/1601 3820/3271/1600
f 3777/3463/1559 3819/3464/1601 3782/3499/1562 3644/3266/1426
o Torus.003
v -2.178316 0.499718 -0.447789
v -2.127243 0.499718 -0.447789
v -2.178316 0.572157 -0.484699
v -2.127243 0.572157 -0.484699
v -2.178316 0.629646 -0.542187
v -2.127243 0.629646 -0.542187
v -2.178316 0.666556 -0.614627
v -2.127243 0.666556 -0.614627
v -2.178316 0.679274 -0.694927
v -2.127243 0.679274 -0.694927
v -2.178316 0.666556 -0.775226
v -2.127243 0.666556 -0.775226
v -2.178316 0.629646 -0.847666
v -2.127243 0.629646 -0.847666
v -2.178316 0.572157 -0.905154
v -2.127243 0.572157 -0.905154
v -2.178316 0.499718 -0.942064
v -2.127243 0.499718 -0.942064
v -2.127243 0.419418 -0.954782
v -2.178316 0.419418 -0.954782
v -2.127243 0.419418 -0.435071
v -2.178316 0.419418 -0.435071
v -2.127243 0.339118 -0.447789
v -2.178316 0.339118 -0.447789
v -2.127243 0.266679 -0.484699
v -2.178316 0.266679 -0.484699
v -2.127243 0.209190 -0.542187
v -2.178316 0.209190 -0.542187
v -2.127243 0.172280 -0.614627
v -2.178316 0.172280 -0.614627
v -2.127243 0.159562 -0.694927
v -2.178316 0.159562 -0.694927
v -2.127243 0.172280 -0.775226
v -2.178316 0.172280 -0.775226
v -2.127243 0.209190 -0.847666
v -2.178316 0.209190 -0.847666
v -2.127243 0.266678 -0.905154
v -2.178316 0.266678 -0.905154
v -2.127243 0.339118 -0.942064
v -2.178316 0.339118 -0.942064
v -2.132410 0.355366 -0.892058
v -2.132410 0.419418 -0.902203
v -2.132410 0.297584 -0.862617
v -2.173149 0.419418 -0.902203
v -2.173149 0.355366 -0.892058
v -2.173149 0.297584 -0.862617
v -2.173149 0.251727 -0.816761
v -2.132410 0.251727 -0.816761
v -2.173149 0.222286 -0.758979
v -2.132410 0.222286 -0.758979
v -2.173149 0.212141 -0.694926
v -2.132410 0.212141 -0.694926
v -2.173149 0.222286 -0.630874
v -2.132410 0.222286 -0.630874
v -2.173149 0.251727 -0.573092
v -2.132410 0.251727 -0.573092
v -2.173149 0.297584 -0.527236
v -2.132410 0.297584 -0.527236
v -2.173149 0.355366 -0.497794
v -2.132410 0.355366 -0.497794
v -2.173149 0.419418 -0.487650
v -2.132410 0.419418 -0.487650
v -2.173149 0.483470 -0.497794
v -2.132410 0.483470 -0.497794
v -2.173149 0.541252 -0.527236
v -2.132410 0.541252 -0.527236
v -2.173149 0.587108 -0.573092
v -2.132410 0.587108 -0.573092
v -2.173149 0.616550 -0.630874
v -2.132410 0.616550 -0.630874
v -2.173149 0.626695 -0.694926
v -2.132410 0.626695 -0.694926
v -2.173149 0.616550 -0.758979
v -2.132410 0.616550 -0.758979
v -2.173149 0.587108 -0.816761
v -2.132410 0.587108 -0.816761
v -2.173149 0.541252 -0.862617
v -2.132410 0.541252 -0.862617
v -2.173149 0.483470 -0.892058
v -2.132410 0.483470 -0.892058
v -2.132410 0.466893 -0.841041
v -2.173149 0.466893 -0.841041
v -2.132410 0.509722 -0.819219
v -2.173149 0.509722 -0.819219
v -2.132410 0.543710 -0.785230
v -2.173149 0.543710 -0.785230
v -2.132410 0.565532 -0.742402
v -2.173149 0.565532 -0.742402
v -2.132410 0.573052 -0.694927
v -2.173149 0.573052 -0.694926
v -2.132410 0.565532 -0.647451
v -2.173149 0.565532 -0.647451
v -2.132410 0.543710 -0.604623
v -2.173149 0.543710 -0.604623
v -2.132410 0.509722 -0.570634
v -2.173149 0.509722 -0.570634
v -2.132410 0.466893 -0.548812
v -2.173149 0.466893 -0.548812
v -2.132410 0.419418 -0.541293
v -2.173149 0.419418 -0.541293
v -2.132410 0.371943 -0.548812
v -2.173149 0.371943 -0.548812
v -2.132410 0.329114 -0.570634
v -2.173149 0.329114 -0.570634
v -2.132410 0.295126 -0.604623
v -2.173149 0.295126 -0.604623
v -2.132410 0.273304 -0.647451
v -2.173149 0.273304 -0.647451
v -2.132410 0.265784 -0.694927
v -2.173149 0.265784 -0.694926
v -2.132410 0.273304 -0.742402
v -2.173149 0.273304 -0.742402
v -2.132410 0.295126 -0.785230
v -2.173149 0.295126 -0.785230
v -2.173149 0.329114 -0.819219
v -2.173149 0.371942 -0.841041
v -2.173149 0.419418 -0.848560
v -2.132410 0.329114 -0.819219
v -2.132410 0.419418 -0.848560
v -2.132410 0.371942 -0.841041
v -2.132410 0.448119 -0.586722
v -2.132410 0.498376 -0.615570
v -2.132410 0.527476 -0.665681
v -2.132410 0.527622 -0.723628
v -2.132410 0.390172 -0.586868
v -2.132410 0.498775 -0.773885
v -2.132410 0.340061 -0.615968
v -2.132410 0.448664 -0.802985
v -2.132410 0.311214 -0.666225
v -2.132410 0.311360 -0.724172
v -2.132410 0.340460 -0.774283
v -2.132410 0.390716 -0.803131
v -2.173149 0.448119 -0.803131
v -2.173149 0.498376 -0.774283
v -2.173149 0.527476 -0.724172
v -2.173149 0.527622 -0.666225
v -2.173149 0.390172 -0.802985
v -2.173149 0.498775 -0.615968
v -2.173149 0.340061 -0.773885
v -2.173149 0.448664 -0.586868
v -2.173149 0.311214 -0.723628
v -2.173149 0.311360 -0.665681
v -2.173149 0.340460 -0.615570
v -2.173149 0.390716 -0.586722
v -2.121142 0.364016 -0.678338
v -2.121142 0.406367 -0.751266
v -2.121142 0.432469 -0.638586
v -2.121142 0.474820 -0.711515
v -2.121142 0.447451 -0.589448
v -2.125908 0.448119 -0.586722
v -2.125908 0.390172 -0.586868
v -2.121142 0.392386 -0.589575
v -2.125908 0.340061 -0.615968
v -2.121142 0.341315 -0.619233
v -2.121142 0.313912 -0.666995
v -2.125908 0.311214 -0.666225
v -2.121142 0.495024 -0.616740
v -2.125908 0.498376 -0.615570
v -2.125908 0.311360 -0.724172
v -2.121142 0.314038 -0.721841
v -2.121142 0.524798 -0.668012
v -2.125908 0.527476 -0.665681
v -2.125908 0.340460 -0.774283
v -2.121142 0.343812 -0.773113
v -2.121142 0.524924 -0.722857
v -2.125908 0.527622 -0.723628
v -2.121142 0.497521 -0.770620
v -2.125908 0.498775 -0.773885
v -2.121142 0.446450 -0.800278
v -2.125908 0.448664 -0.802985
v -2.121142 0.391385 -0.800405
v -2.125908 0.390716 -0.803131
v -2.179386 0.459103 -0.652859
v -2.179386 0.458891 -0.737193
v -2.179386 0.379945 -0.652660
v -2.179386 0.379733 -0.736993
v -2.181483 0.341880 -0.617052
v -2.177996 0.340460 -0.615570
v -2.177996 0.527476 -0.724172
v -2.181483 0.524924 -0.724657
v -2.181483 0.313912 -0.665196
v -2.177996 0.311360 -0.665681
v -2.177996 0.498376 -0.774283
v -2.181483 0.496956 -0.772801
v -2.181483 0.313764 -0.724125
v -2.177996 0.311214 -0.723628
v -2.181483 0.341489 -0.772409
v -2.177996 0.340061 -0.773885
v -2.181483 0.389772 -0.800457
v -2.177996 0.390172 -0.802985
v -2.177996 0.448119 -0.803131
v -2.181483 0.448532 -0.800605
v -2.177996 0.390716 -0.586722
v -2.181483 0.390304 -0.589248
v -2.177996 0.448664 -0.586868
v -2.181483 0.449064 -0.589395
v -2.177996 0.498775 -0.615968
v -2.181483 0.497347 -0.617444
v -2.177996 0.527622 -0.666225
v -2.181483 0.525072 -0.665727
v -2.465353 0.499718 -0.447789
v -2.516426 0.499718 -0.447789
v -2.465353 0.572157 -0.484699
v -2.516426 0.572157 -0.484699
v -2.465353 0.629646 -0.542187
v -2.516426 0.629646 -0.542187
v -2.465353 0.666556 -0.614627
v -2.516426 0.666556 -0.614627
v -2.465353 0.679274 -0.694926
v -2.516426 0.679274 -0.694926
v -2.465353 0.666556 -0.775226
v -2.516426 0.666556 -0.775226
v -2.465353 0.629646 -0.847666
v -2.516426 0.629646 -0.847666
v -2.465353 0.572157 -0.905154
v -2.516426 0.572157 -0.905154
v -2.465353 0.499718 -0.942064
v -2.516426 0.499718 -0.942064
v -2.516426 0.419418 -0.954782
v -2.465353 0.419418 -0.954782
v -2.516426 0.419418 -0.435071
v -2.465353 0.419418 -0.435071
v -2.516426 0.339118 -0.447789
v -2.465353 0.339118 -0.447789
v -2.516426 0.266679 -0.484699
v -2.465353 0.266679 -0.484699
v -2.516426 0.209190 -0.542187
v -2.465353 0.209190 -0.542187
v -2.516426 0.172280 -0.614627
v -2.465353 0.172280 -0.614627
v -2.516426 0.159562 -0.694926
v -2.465353 0.159562 -0.694926
v -2.516426 0.172280 -0.775226
v -2.465353 0.172280 -0.775226
v -2.516426 0.209190 -0.847666
v -2.465353 0.209190 -0.847666
v -2.516426 0.266678 -0.905154
v -2.465353 0.266678 -0.905154
v -2.516426 0.339118 -0.942064
v -2.465353 0.339118 -0.942064
v -2.511259 0.355366 -0.892058
v -2.511259 0.419418 -0.902203
v -2.511259 0.297584 -0.862617
v -2.470520 0.419418 -0.902203
v -2.470520 0.355366 -0.892058
v -2.470520 0.297584 -0.862617
v -2.470520 0.251727 -0.816761
v -2.511259 0.251727 -0.816761
v -2.470520 0.222286 -0.758978
v -2.511259 0.222286 -0.758978
v -2.470520 0.212141 -0.694926
v -2.511259 0.212141 -0.694926
v -2.470520 0.222286 -0.630874
v -2.511259 0.222286 -0.630874
v -2.470520 0.251728 -0.573092
v -2.511259 0.251728 -0.573092
v -2.470520 0.297584 -0.527236
v -2.511259 0.297584 -0.527236
v -2.470520 0.355366 -0.497794
v -2.511259 0.355366 -0.497794
v -2.470520 0.419418 -0.487650
v -2.511259 0.419418 -0.487650
v -2.470520 0.483470 -0.497794
v -2.511259 0.483470 -0.497794
v -2.470520 0.541252 -0.527236
v -2.511259 0.541252 -0.527236
v -2.470520 0.587108 -0.573092
v -2.511259 0.587108 -0.573092
v -2.470520 0.616550 -0.630874
v -2.511259 0.616550 -0.630874
v -2.470520 0.626695 -0.694926
v -2.511259 0.626695 -0.694926
v -2.470520 0.616550 -0.758978
v -2.511259 0.616550 -0.758978
v -2.470520 0.587108 -0.816761
v -2.511259 0.587108 -0.816761
v -2.470520 0.541252 -0.862617
v -2.511259 0.541252 -0.862617
v -2.470520 0.483470 -0.892058
v -2.511259 0.483470 -0.892058
v -2.511259 0.466893 -0.841041
v -2.470520 0.466893 -0.841041
v -2.511259 0.509722 -0.819219
v -2.470520 0.509722 -0.819219
v -2.511259 0.543710 -0.785230
v -2.470520 0.543710 -0.785230
v -2.511259 0.565532 -0.742402
v -2.470520 0.565532 -0.742402
v -2.511259 0.573052 -0.694926
v -2.470520 0.573052 -0.694926
v -2.511259 0.565532 -0.647451
v -2.470520 0.565532 -0.647451
v -2.511259 0.543710 -0.604623
v -2.470520 0.543710 -0.604623
v -2.511259 0.509722 -0.570634
v -2.470520 0.509722 -0.570634
v -2.511259 0.466893 -0.548812
v -2.470520 0.466893 -0.548812
v -2.511259 0.419418 -0.541293
v -2.470520 0.419418 -0.541293
v -2.511259 0.371943 -0.548812
v -2.470520 0.371943 -0.548812
v -2.511259 0.329114 -0.570634
v -2.470520 0.329114 -0.570634
v -2.511259 0.295126 -0.604623
v -2.470520 0.295126 -0.604623
v -2.511259 0.273304 -0.647451
v -2.470520 0.273304 -0.647451
v -2.511259 0.265784 -0.694926
v -2.470520 0.265784 -0.694926
v -2.511259 0.273304 -0.742402
v -2.470520 0.273304 -0.742402
v -2.511259 0.295126 -0.785230
v -2.470520 0.295126 -0.785230
v -2.470520 0.329114 -0.819219
v -2.470520 0.371942 -0.841041
v -2.470520 0.419418 -0.848560
v -2.511259 0.329114 -0.819219
v -2.511259 0.419418 -0.848560
v -2.511259 0.371942 -0.841041
v -2.511259 0.448119 -0.586722
v -2.511259 0.498376 -0.615570
v -2.511259 0.527476 -0.665680
v -2.511259 0.527622 -0.723628
v -2.511259 0.390172 -0.586868
v -2.511259 0.498775 -0.773885
v -2.511259 0.340061 -0.615968
v -2.511259 0.448664 -0.802985
v -2.511259 0.311214 -0.666225
v -2.511259 0.311360 -0.724172
v -2.511259 0.340460 -0.774283
v -2.511259 0.390716 -0.803131
v -2.470520 0.448119 -0.803131
v -2.470520 0.498376 -0.774283
v -2.470520 0.527476 -0.724172
v -2.470520 0.527622 -0.666225
v -2.470520 0.390172 -0.802985
v -2.470520 0.498775 -0.615968
v -2.470520 0.340061 -0.773885
v -2.470520 0.448664 -0.586868
v -2.470520 0.311214 -0.723628
v -2.470520 0.311360 -0.665681
v -2.470520 0.340460 -0.615570
v -2.470520 0.390716 -0.586722
v -2.522527 0.364016 -0.678338
v -2.522527 0.406367 -0.751266
v -2.522527 0.432469 -0.638586
v -2.522527 0.474820 -0.711515
v -2.522527 0.447451 -0.589448
v -2.517761 0.448119 -0.586722
v -2.517761 0.390172 -0.586868
v -2.522527 0.392386 -0.589575
v -2.517761 0.340061 -0.615968
v -2.522527 0.341315 -0.619232
v -2.522527 0.313912 -0.666995
v -2.517761 0.311214 -0.666225
v -2.522527 0.495024 -0.616740
v -2.517761 0.498376 -0.615570
v -2.517761 0.311360 -0.724172
v -2.522527 0.314038 -0.721841
v -2.522527 0.524798 -0.668012
v -2.517761 0.527476 -0.665680
v -2.517761 0.340460 -0.774283
v -2.522527 0.343812 -0.773112
v -2.522527 0.524924 -0.722857
v -2.517761 0.527622 -0.723628
v -2.522527 0.497521 -0.770620
v -2.517761 0.498775 -0.773885
v -2.522527 0.446450 -0.800278
v -2.517761 0.448664 -0.802985
v -2.522527 0.391385 -0.800405
v -2.517761 0.390716 -0.803131
v -2.464282 0.459103 -0.652859
v -2.464282 0.458891 -0.737193
v -2.464282 0.379945 -0.652660
v -2.464282 0.379733 -0.736993
v -2.462185 0.341880 -0.617052
v -2.465673 0.340460 -0.615570
v -2.465673 0.527476 -0.724172
v -2.462185 0.524924 -0.724657
v -2.462185 0.313912 -0.665196
v -2.465673 0.311360 -0.665681
v -2.465673 0.498376 -0.774283
v -2.462185 0.496956 -0.772801
v -2.462185 0.313764 -0.724125
v -2.465673 0.311214 -0.723628
v -2.462185 0.341489 -0.772409
v -2.465673 0.340061 -0.773885
v -2.462185 0.389772 -0.800457
v -2.465673 0.390172 -0.802985
v -2.465673 0.448119 -0.803131
v -2.462185 0.448532 -0.800605
v -2.465673 0.390716 -0.586722
v -2.462185 0.390304 -0.589247
v -2.465673 0.448664 -0.586868
v -2.462185 0.449064 -0.589395
v -2.465673 0.498775 -0.615968
v -2.462185 0.497347 -0.617443
v -2.465673 0.527622 -0.666225
v -2.462185 0.525072 -0.665727
vn -0.0000 -0.0000 -1.0000
vn -0.0000 0.3090 -0.9511
vn -0.0000 0.5878 -0.8090
vn -0.0000 0.8090 -0.5878
vn -0.0000 0.9511 -0.3090
vn -0.0000 1.0000 -0.0000
vn -0.0000 0.9511 0.3090
vn -0.0000 0.8090 0.5878
vn -0.0000 0.5878 0.8090
vn -0.0000 0.3090 0.9511
vn -0.0000 -0.0000 1.0000
vn -0.0000 -0.3090 0.9511
vn -0.0000 -0.5878 0.8090
vn -0.0000 -0.8090 0.5878
vn -0.0000 -0.9511 0.3090
vn -0.0000 -1.0000 -0.0000
vn -0.0000 -0.9511 -0.3090
vn -0.0000 -0.8090 -0.5878
vn -0.0000 -0.5878 -0.8090
vn -0.0000 -0.3090 -0.9511
vn -0.0000 -0.1564 0.9877
vn 1.0000 -0.0000 -0.0000
vn 0.9976 -0.0215 0.0661
vn 0.9976 -0.0409 0.0563
vn -0.0000 -0.7071 0.7071
vn -0.0000 -0.7071 -0.7071
vn 0.9976 -0.0409 -0.0563
vn 0.9976 -0.0215 -0.0661
vn -0.0000 -0.1564 -0.9877
vn -0.0000 0.8910 -0.4540
vn -0.0000 0.9877 0.1564
vn 0.9952 -0.0791 -0.0575
vn 0.9952 -0.0575 -0.0791
vn -0.9952 0.0575 -0.0791
vn -0.9952 0.0302 -0.0930
vn -0.9952 -0.0791 0.0575
vn -0.9952 -0.0575 0.0791
vn -0.9976 -0.0409 0.0563
vn 0.9952 0.0302 -0.0930
vn 0.9952 0.0575 -0.0791
vn 0.9952 -0.0575 0.0791
vn 0.9952 -0.0791 0.0575
vn -0.9952 0.0930 0.0302
vn -0.9952 0.0978 -0.0000
vn -0.9976 0.0695 -0.0000
vn -0.9952 -0.0791 -0.0575
vn -0.9952 -0.0930 -0.0302
vn 0.9952 0.0978 -0.0000
vn 0.9952 0.0930 0.0302
vn 0.9976 0.0695 -0.0000
vn 0.9952 -0.0930 -0.0302
vn -0.9952 -0.0000 -0.0978
vn -0.9952 -0.0302 0.0930
vn -0.9976 -0.0215 0.0661
vn 0.9952 -0.0000 -0.0978
vn 0.9952 -0.0302 0.0930
vn -0.9952 0.0930 -0.0302
vn -0.9976 0.0661 -0.0215
vn -0.9952 -0.0978 -0.0000
vn 0.9952 0.0302 0.0930
vn 0.9952 -0.0000 0.0978
vn 0.9952 0.0930 -0.0302
vn 0.9976 0.0661 -0.0215
vn 0.9952 -0.0978 -0.0000
vn 0.9952 0.0575 0.0791
vn -0.9952 -0.0302 -0.0930
vn -0.9976 -0.0215 -0.0661
vn -0.9952 -0.0000 0.0978
vn -0.9952 0.0302 0.0930
vn 0.9952 -0.0302 -0.0930
vn -0.9952 0.0791 -0.0575
vn -0.9952 -0.0930 0.0302
vn -0.9952 0.0575 0.0791
vn 0.9952 0.0791 -0.0575
vn 0.9952 -0.0930 0.0302
vn -0.9952 0.0791 0.0575
vn -0.9952 -0.0575 -0.0791
vn -0.9976 -0.0409 -0.0563
vn 0.9952 0.0791 0.0575
vn -0.0000 -0.9877 -0.1564
vn -0.0000 -0.8910 0.4540
vn -0.0000 0.1564 0.9877
vn -0.0000 0.7071 0.7071
vn -0.0000 0.7071 -0.7071
vn -0.0000 0.1564 -0.9877
vn -1.0000 -0.0000 -0.0000
vn -0.0000 0.9653 -0.2612
vn -0.0000 0.8648 -0.5022
vn -0.9995 0.0307 0.0092
vn -0.9995 0.0306 -0.0094
vn -0.9997 0.0156 -0.0162
vn -0.9997 0.0157 0.0161
vn -0.0000 0.8673 0.4978
vn -0.0000 0.9666 0.2564
vn -0.0000 -0.7053 0.7089
vn -0.0000 -0.2564 0.9666
vn -0.9995 -0.0096 0.0315
vn -0.9997 -0.0156 0.0162
vn -0.9995 -0.0306 0.0094
vn -0.9992 -0.0284 0.0285
vn -0.0000 0.2612 -0.9653
vn -0.0000 0.5022 -0.8648
vn -0.0000 0.9653 0.2612
vn -0.0000 0.7053 0.7089
vn -0.0000 0.4978 -0.8673
vn -0.0000 0.2564 -0.9666
vn -0.0000 -0.5022 0.8648
vn -0.0000 -0.7089 0.7053
vn -0.9995 0.0097 0.0315
vn -0.0000 0.5022 0.8648
vn -0.9997 -0.0157 -0.0161
vn -0.9995 -0.0307 -0.0092
vn -0.0000 -0.8673 -0.4978
vn -0.0000 -0.9666 -0.2564
vn -0.0000 -1.0000 -0.0025
vn -0.0000 1.0000 0.0025
vn -0.0000 0.8673 -0.4978
vn -0.0000 -0.8673 0.4978
vn -0.0000 0.0025 -1.0000
vn -0.0000 0.4978 0.8673
vn -0.0000 -0.8648 -0.5022
vn -0.0000 -0.7053 -0.7089
vn -0.0000 -0.4978 -0.8673
vn -0.9995 0.0096 -0.0315
vn -0.9995 -0.0097 -0.0315
vn -0.0000 -0.2612 -0.9653
vn -0.0000 -0.5022 -0.8648
vn -0.0000 -1.0000 0.0025
vn -0.0000 -0.8648 0.5022
vn -0.0000 0.0025 1.0000
vn -0.9992 -0.0285 -0.0284
vn -0.9992 0.0285 0.0284
vn 0.5064 0.2196 0.8339
vn 0.5638 -0.2509 0.7869
vn 0.5451 -0.1678 0.8214
vn 0.5064 0.2232 0.8329
vn 0.5638 -0.5591 0.6079
vn 0.5451 -0.6303 0.5529
vn 0.5064 -0.8330 0.2226
vn 0.5064 -0.8340 0.2190
vn 0.5654 0.6090 0.5562
vn 0.5435 0.5505 0.6337
vn 0.5435 -0.8232 -0.1640
vn 0.5654 -0.7850 -0.2533
vn 0.5654 0.7850 0.2533
vn 0.5435 0.8232 0.1640
vn 0.5435 -0.5505 -0.6337
vn 0.5654 -0.6090 -0.5562
vn 0.5064 0.8330 -0.2226
vn 0.5064 0.8340 -0.2190
vn 0.5451 0.6303 -0.5529
vn 0.5638 0.5591 -0.6079
vn 0.5451 0.1678 -0.8214
vn 0.5638 0.2509 -0.7869
vn 0.5064 -0.2232 -0.8329
vn 0.5064 -0.2196 -0.8339
vn -0.0000 -0.0025 1.0000
vn -0.5451 -0.2654 0.7953
vn -0.5064 -0.6098 0.6097
vn -0.5064 -0.6071 0.6124
vn -0.5638 -0.1761 0.8069
vn -0.5451 0.2694 0.7939
vn -0.5638 0.1802 0.8060
vn -0.5064 0.6128 0.6066
vn -0.5064 0.6101 0.6093
vn -0.5435 0.7950 0.2696
vn -0.5654 0.8064 0.1731
vn -0.5654 0.8056 -0.1772
vn -0.5435 0.7936 -0.2736
vn -0.5435 -0.7936 0.2736
vn -0.5654 -0.8056 0.1772
vn -0.5064 0.6071 -0.6124
vn -0.5064 0.6098 -0.6097
vn -0.5435 -0.7950 -0.2696
vn -0.5654 -0.8064 -0.1731
vn -0.5638 0.1761 -0.8069
vn -0.5451 0.2654 -0.7953
vn -0.5064 -0.6101 -0.6093
vn -0.5064 -0.6128 -0.6066
vn -0.5638 -0.1802 -0.8060
vn -0.5451 -0.2694 -0.7939
vn -0.9992 0.0284 -0.0285
vn 0.9995 0.0307 0.0092
vn 0.9997 0.0157 0.0161
vn 0.9997 0.0156 -0.0162
vn 0.9995 0.0306 -0.0094
vn 0.9995 -0.0096 0.0315
vn 0.9992 -0.0284 0.0285
vn 0.9995 -0.0306 0.0094
vn 0.9997 -0.0156 0.0162
vn -0.0000 -0.2612 0.9653
vn 0.9995 0.0097 0.0315
vn 0.9995 -0.0307 -0.0092
vn 0.9997 -0.0157 -0.0161
vn -0.0000 -0.9653 -0.2612
vn 0.9995 -0.0097 -0.0315
vn 0.9995 0.0096 -0.0315
vn 0.9992 -0.0285 -0.0284
vn 0.9992 0.0285 0.0284
vn -0.5064 0.2196 0.8339
vn -0.5064 0.2232 0.8329
vn -0.5451 -0.1678 0.8214
vn -0.5638 -0.2509 0.7869
vn -0.5451 -0.6303 0.5529
vn -0.5638 -0.5591 0.6079
vn -0.5064 -0.8340 0.2190
vn -0.5064 -0.8330 0.2226
vn -0.5654 0.6090 0.5562
vn -0.5435 0.5505 0.6337
vn -0.5435 -0.8232 -0.1640
vn -0.5654 -0.7850 -0.2533
vn -0.5654 0.7850 0.2533
vn -0.5435 0.8232 0.1640
vn -0.5435 -0.5505 -0.6337
vn -0.5654 -0.6090 -0.5562
vn -0.5064 0.8330 -0.2226
vn -0.5064 0.8340 -0.2190
vn -0.5638 0.5591 -0.6079
vn -0.5451 0.6303 -0.5529
vn -0.5638 0.2509 -0.7869
vn -0.5451 0.1678 -0.8214
vn -0.5064 -0.2196 -0.8339
vn -0.5064 -0.2232 -0.8329
vn 0.5451 -0.2654 0.7953
vn 0.5638 -0.1761 0.8069
vn 0.5064 -0.6071 0.6124
vn 0.5064 -0.6098 0.6097
vn 0.5451 0.2694 0.7939
vn 0.5638 0.1802 0.8060
vn 0.5064 0.6128 0.6066
vn 0.5064 0.6101 0.6093
vn 0.5435 0.7950 0.2696
vn 0.5654 0.8064 0.1731
vn 0.5435 0.7936 -0.2736
vn 0.5654 0.8056 -0.1772
vn 0.5654 -0.8056 0.1772
vn 0.5435 -0.7936 0.2736
vn 0.5064 0.6098 -0.6097
vn 0.5064 0.6071 -0.6124
vn 0.5654 -0.8064 -0.1731
vn 0.5435 -0.7950 -0.2696
vn 0.5451 0.2654 -0.7953
vn 0.5638 0.1761 -0.8069
vn 0.5064 -0.6101 -0.6093
vn 0.5064 -0.6128 -0.6066
vn 0.5638 -0.1802 -0.8060
vn 0.5451 -0.2694 -0.7939
vn 0.9992 0.0284 -0.0285
vt 0.550000 0.000000
vt 0.550000 0.033709
vt 0.600000 0.033709
vt 0.600000 0.000000
vt 0.600000 0.033709
vt 0.650000 0.033709
vt 0.650000 0.000000
vt 0.650000 0.033709
vt 0.700000 0.033709
vt 0.700000 0.000000
vt 0.700000 0.033709
vt 0.750000 0.033709
vt 0.750000 0.000000
vt 0.750000 0.033709
vt 0.800000 0.033709
vt 0.800000 0.000000
vt 0.800000 0.033709
vt 0.850000 0.033709
vt 0.850000 0.000000
vt 0.850000 0.033709
vt 0.900000 0.033709
vt 0.900000 0.000000
vt 0.950000 0.033709
vt 0.950000 0.000000
vt 0.950000 0.033709
vt 1.000000 0.033709
vt 1.000000 0.000000
vt 0.000000 0.000000
vt 0.000000 0.033709
vt 0.050000 0.033709
vt 0.050000 0.000000
vt 0.050000 0.033709
vt 0.100000 0.033709
vt 0.100000 0.000000
vt 0.100000 0.033709
vt 0.150000 0.033709
vt 0.150000 0.000000
vt 0.150000 0.033709
vt 0.200000 0.033709
vt 0.200000 0.000000
vt 0.200000 0.033709
vt 0.250000 0.033709
vt 0.250000 0.000000
vt 0.250000 0.033709
vt 0.300000 0.033709
vt 0.300000 0.000000
vt 0.300000 0.033709
vt 0.350000 0.033709
vt 0.350000 0.000000
vt 0.350000 0.033709
vt 0.400000 0.033709
vt 0.400000 0.000000
vt 0.400000 0.033709
vt 0.450000 0.033709
vt 0.450000 0.000000
vt 0.450000 0.033709
vt 0.500000 0.033709
vt 0.500000 0.000000
vt 0.550000 0.033709
vt 0.500000 0.033709
vt 0.555058 0.003410
vt 0.594941 0.003410
vt 0.594942 0.030299
vt 0.555058 0.030299
vt 0.639781 0.003410
vt 0.610219 0.003410
vt 0.605058 0.003410
vt 0.644942 0.003410
vt 0.655059 0.003410
vt 0.694942 0.003410
vt 0.694942 0.030299
vt 0.655059 0.030299
vt 0.705058 0.003410
vt 0.744942 0.003410
vt 0.744941 0.030299
vt 0.705058 0.030299
vt 0.805059 0.003410
vt 0.844941 0.003410
vt 0.844942 0.030299
vt 0.805058 0.030299
vt 0.855059 0.003410
vt 0.894942 0.003410
vt 0.894941 0.030299
vt 0.855059 0.030299
vt 0.905058 0.003410
vt 0.944942 0.003410
vt 0.944942 0.030299
vt 0.905058 0.030299
vt 0.989781 0.003410
vt 0.960219 0.003410
vt 0.955059 0.003410
vt 0.994942 0.003410
vt 0.005058 0.003410
vt 0.044942 0.003410
vt 0.044942 0.030299
vt 0.005058 0.030299
vt 0.055058 0.003410
vt 0.094942 0.003410
vt 0.094942 0.030299
vt 0.055058 0.030299
vt 0.155058 0.003410
vt 0.194942 0.003410
vt 0.194942 0.030299
vt 0.155058 0.030299
vt 0.205058 0.003410
vt 0.244942 0.003410
vt 0.244942 0.030299
vt 0.205058 0.030299
vt 0.310219 0.030299
vt 0.310219 0.003410
vt 0.305058 0.003410
vt 0.305058 0.030299
vt 0.344941 0.003410
vt 0.344942 0.030299
vt 0.355058 0.003410
vt 0.394942 0.003410
vt 0.394942 0.030299
vt 0.355058 0.030299
vt 0.405058 0.003410
vt 0.444941 0.003410
vt 0.444942 0.030299
vt 0.405058 0.030299
vt 0.544942 0.030299
vt 0.505058 0.030299
vt 0.505058 0.003410
vt 0.544942 0.003410
vt 0.105058 0.030299
vt 0.144942 0.030299
vt 0.144942 0.003410
vt 0.105058 0.003410
vt 0.655058 0.003410
vt 0.344941 0.030299
vt 0.894942 0.030299
vt 0.344942 0.003410
vt 0.855059 0.003410
vt 0.605058 0.030299
vt 0.644942 0.030299
vt 0.094942 0.003410
vt 0.055058 0.003410
vt 0.255058 0.030299
vt 0.294942 0.030299
vt 0.844942 0.030299
vt 0.294942 0.003410
vt 0.255058 0.003410
vt 0.844942 0.003410
vt 0.494942 0.003410
vt 0.455058 0.003410
vt 0.594942 0.030299
vt 0.005058 0.003410
vt 0.555059 0.003410
vt 0.205059 0.030299
vt 0.755058 0.030299
vt 0.794942 0.030299
vt 0.455058 0.030299
vt 0.494942 0.030299
vt 0.244942 0.003410
vt 0.205059 0.003410
vt 0.794942 0.003410
vt 0.755058 0.003410
vt 0.405058 0.030299
vt 0.955058 0.030299
vt 0.994942 0.030299
vt 0.405059 0.003410
vt 0.744942 0.030299
vt 0.744942 0.003410
vt 0.705058 0.003410
vt 0.394942 0.030299
vt 0.944942 0.030299
vt 0.539781 0.030299
vt 0.539781 0.003410
vt 0.510219 0.003410
vt 0.510219 0.030299
vt 0.410219 0.003410
vt 0.410219 0.030299
vt 0.439781 0.030299
vt 0.439781 0.003410
vt 0.360219 0.003410
vt 0.360219 0.030299
vt 0.389781 0.030299
vt 0.389781 0.003410
vt 0.339781 0.030299
vt 0.339781 0.003410
vt 0.289781 0.003410
vt 0.239781 0.003410
vt 0.210219 0.003410
vt 0.210219 0.030299
vt 0.239781 0.030299
vt 0.160219 0.003410
vt 0.160219 0.030299
vt 0.189781 0.030299
vt 0.189781 0.003410
vt 0.060219 0.003410
vt 0.060219 0.030299
vt 0.089781 0.030299
vt 0.089781 0.003410
vt 0.010219 0.003410
vt 0.010219 0.030299
vt 0.039781 0.030299
vt 0.039781 0.003410
vt 0.910219 0.003410
vt 0.910219 0.030299
vt 0.939781 0.030299
vt 0.939781 0.003410
vt 0.860219 0.003410
vt 0.860219 0.030299
vt 0.889781 0.030299
vt 0.889781 0.003410
vt 0.810219 0.003410
vt 0.810219 0.030299
vt 0.839781 0.030299
vt 0.839781 0.003410
vt 0.710219 0.003410
vt 0.710219 0.030299
vt 0.739781 0.030299
vt 0.739781 0.003410
vt 0.660219 0.003410
vt 0.660219 0.030299
vt 0.689781 0.030299
vt 0.689781 0.003410
vt 0.560219 0.003410
vt 0.560219 0.030299
vt 0.589781 0.030299
vt 0.589781 0.003410
vt 0.500000 0.003410
vt 0.506132 0.003410
vt 0.399139 0.003410
vt 0.406496 0.003410
vt 0.110219 0.003410
vt 0.139781 0.003410
vt 0.363503 0.003410
vt 0.370861 0.003410
vt 0.343868 0.003410
vt 0.350000 0.003410
vt 0.493868 0.003410
vt 0.600861 0.003410
vt 0.409139 0.003410
vt 0.356132 0.003410
vt 0.593503 0.003410
vt 0.636496 0.003410
vt 0.453504 0.003410
vt 0.416497 0.003410
vt 0.629139 0.003410
vt 0.656132 0.003410
vt 0.493868 0.003410
vt 0.460861 0.003410
vt 0.760219 0.003410
vt 0.789781 0.003410
vt 0.650000 0.003410
vt 0.643868 0.003410
vt 0.590861 0.003410
vt 0.583504 0.003410
vt 0.546497 0.003410
vt 0.539139 0.003410
vt 0.506132 0.003410
vt 0.500000 0.003410
vt 0.460219 0.003410
vt 0.489781 0.003410
vt 0.639781 0.030299
vt 0.610219 0.030299
vt 0.600000 0.030299
vt 0.593868 0.030299
vt 0.560861 0.030299
vt 0.553503 0.030299
vt 0.489781 0.030299
vt 0.460219 0.030299
vt 0.516496 0.030299
vt 0.389139 0.030299
vt 0.356132 0.030299
vt 0.350000 0.030299
vt 0.606132 0.030299
vt 0.639139 0.030299
vt 0.310861 0.030299
vt 0.343868 0.030299
vt 0.289781 0.030299
vt 0.260219 0.030299
vt 0.646496 0.030299
vt 0.683504 0.030299
vt 0.266496 0.030299
vt 0.303503 0.030299
vt 0.789781 0.030299
vt 0.760219 0.030299
vt 0.690861 0.030299
vt 0.743868 0.030299
vt 0.206132 0.030299
vt 0.259139 0.030299
vt 0.750000 0.030299
vt 0.756132 0.030299
vt 0.729138 0.030299
vt 0.960219 0.030299
vt 0.736496 0.030299
vt 0.693503 0.030299
vt 0.989781 0.030299
vt 0.220861 0.030299
vt 0.193868 0.030299
vt 0.200000 0.030299
vt 0.139781 0.030299
vt 0.110219 0.030299
vt 0.350617 0.003410
vt 0.411217 0.003410
vt 0.450000 0.003410
vt 0.375004 0.003410
vt 0.646496 0.030299
vt 0.683504 0.030299
vt 0.347767 0.030299
vt 0.313753 0.030299
vt 0.388560 0.030299
vt 0.448623 0.030299
vt 0.501226 0.003410
vt 0.544127 0.003410
vt 0.581686 0.003410
vt 0.548774 0.003410
vt 0.756132 0.030299
vt 0.729138 0.030299
vt 0.206132 0.030299
vt 0.259139 0.030299
vt 0.606081 0.030299
vt 0.604818 0.030299
vt 0.680575 0.030299
vt 0.638711 0.030299
vt 0.367967 0.003410
vt 0.448774 0.003410
vt 0.501226 0.003410
vt 0.411455 0.003410
vt 0.636496 0.003410
vt 0.606131 0.030299
vt 0.639139 0.030299
vt 0.550000 0.003410
vt 0.588723 0.003410
vt 0.638473 0.003410
vt 0.625113 0.003410
vt 0.363503 0.003410
vt 0.556688 0.030299
vt 0.451893 0.030299
vt 0.521956 0.030299
vt 0.591114 0.030299
vt 0.736496 0.030299
vt 0.693503 0.030299
vt 0.404418 0.003410
vt 0.500000 0.003410
vt 0.595731 0.003410
vt 0.505693 0.003410
vt 0.605226 0.030299
vt 0.631956 0.030299
vt 0.739704 0.030299
vt 0.687674 0.030299
vt 0.356132 0.030299
vt 0.656132 0.003410
vt 0.370861 0.003410
vt 0.450000 0.003410
vt 0.500000 0.003410
vt 0.550000 0.003410
vt 0.500000 0.003410
vt 0.600861 0.003410
vt 0.385289 0.030299
vt 0.201199 0.030299
vt 0.230603 0.030299
vt 0.475226 0.030299
vt 0.690861 0.030299
vt 0.743868 0.030299
vt 0.516496 0.030299
vt 0.553503 0.030299
vt 0.310861 0.030299
vt 0.343868 0.030299
vt 0.266496 0.030299
vt 0.303504 0.030299
vt 0.560861 0.030299
vt 0.593868 0.030299
vt 0.449032 0.030299
vt 0.385698 0.030299
vt 0.472365 0.030299
vt 0.522365 0.030299
vt 0.220861 0.030299
vt 0.193868 0.030299
vt 0.498774 0.003410
vt 0.551226 0.003410
vt 0.632160 0.003410
vt 0.588685 0.003410
vt 0.462852 0.003410
vt 0.494429 0.003410
vt 0.537090 0.003410
vt 0.500000 0.003410
vt 0.418263 0.003410
vt 0.455806 0.003410
vt 0.498774 0.003410
vt 0.451226 0.003410
vt 0.634818 0.030299
vt 0.691256 0.030299
vt 0.733574 0.030299
vt 0.751617 0.030299
vt 0.511537 0.030299
vt 0.359680 0.030299
vt 0.451484 0.030299
vt 0.549596 0.030299
vt 0.506132 0.003410
vt 0.399139 0.003410
vt 0.495304 0.003410
vt 0.596569 0.003410
vt 0.207609 0.030299
vt 0.258687 0.030299
vt 0.259139 0.030299
vt 0.206132 0.030299
vt 0.233039 0.030299
vt 0.203185 0.030299
vt 0.195818 0.030299
vt 0.223334 0.030299
vt 0.732711 0.030299
vt 0.690133 0.030299
vt 0.692361 0.030299
vt 0.735653 0.030299
vt 0.750317 0.030299
vt 0.732519 0.030299
vt 0.735459 0.030299
vt 0.754814 0.030299
vt 0.742689 0.030299
vt 0.690158 0.030299
vt 0.686938 0.030299
vt 0.738557 0.030299
vt 0.269410 0.030299
vt 0.308024 0.030299
vt 0.304926 0.030299
vt 0.267118 0.030299
vt 0.646496 0.030299
vt 0.646860 0.030299
vt 0.682417 0.030299
vt 0.314574 0.030299
vt 0.348685 0.030299
vt 0.344795 0.030299
vt 0.311674 0.030299
vt 0.639091 0.030299
vt 0.605808 0.030299
vt 0.605776 0.030299
vt 0.638645 0.030299
vt 0.389139 0.030299
vt 0.356132 0.030299
vt 0.357100 0.030299
vt 0.388815 0.030299
vt 0.552559 0.030299
vt 0.514751 0.030299
vt 0.509845 0.030299
vt 0.548600 0.030299
vt 0.593094 0.030299
vt 0.559841 0.030299
vt 0.555685 0.030299
vt 0.590323 0.030299
vt 0.306654 0.030299
vt 0.268735 0.030299
vt 0.213103 0.030299
vt 0.388151 0.030299
s 1
usemtl Rusty_metal.002
f 3839/3500/1602 3840/3501/1602 3837/3502/1603 3838/3503/1603
f 3838/3503/1603 3837/3504/1603 3835/3505/1604 3836/3506/1604
f 3836/3506/1604 3835/3507/1604 3833/3508/1605 3834/3509/1605
f 3834/3509/1605 3833/3510/1605 3831/3511/1606 3832/3512/1606
f 3832/3512/1606 3831/3513/1606 3829/3514/1607 3830/3515/1607
f 3830/3515/1607 3829/3516/1607 3827/3517/1608 3828/3518/1608
f 3828/3518/1608 3827/3519/1608 3825/3520/1609 3826/3521/1609
f 3826/3521/1609 3825/3520/1609 3823/3522/1610 3824/3523/1610
f 3824/3523/1610 3823/3524/1610 3821/3525/1611 3822/3526/1611
f 3822/3527/1611 3821/3528/1611 3842/3529/1612 3841/3530/1612
f 3841/3530/1612 3842/3531/1612 3844/3532/1613 3843/3533/1613
f 3843/3533/1613 3844/3534/1613 3846/3535/1614 3845/3536/1614
f 3845/3536/1614 3846/3537/1614 3848/3538/1615 3847/3539/1615
f 3847/3539/1615 3848/3540/1615 3850/3541/1616 3849/3542/1616
f 3849/3542/1616 3850/3543/1616 3852/3544/1617 3851/3545/1617
f 3851/3545/1617 3852/3546/1617 3854/3547/1618 3853/3548/1618
f 3853/3548/1618 3854/3549/1618 3856/3550/1619 3855/3551/1619
f 3855/3551/1619 3856/3552/1619 3858/3553/1620 3857/3554/1620
f 3857/3554/1620 3858/3555/1620 3860/3556/1621 3859/3557/1621
f 3840/3558/1602 3839/3500/1602 3859/3557/1621 3860/3559/1621
f 3862/3560/1612 3900/3561/1622 3899/3562/1622 3864/3563/1612
f 3903/3564/1623 3901/3565/1623 3900/3566/1624 3898/3567/1625
f 3898/3568/1626 3896/3569/1615 3895/3570/1615 3897/3571/1626
f 3896/3572/1615 3894/3573/1616 3893/3574/1616 3895/3575/1615
f 3892/3576/1617 3890/3577/1618 3889/3578/1618 3891/3579/1617
f 3890/3580/1618 3888/3581/1619 3887/3582/1619 3889/3583/1618
f 3888/3584/1619 3886/3585/1627 3885/3586/1627 3887/3587/1619
f 3917/3588/1623 3915/3589/1623 3886/3590/1628 3884/3591/1629
f 3884/3592/1630 3882/3593/1602 3881/3594/1602 3883/3595/1630
f 3882/3596/1602 3880/3597/1603 3879/3598/1603 3881/3599/1602
f 3878/3600/1604 3876/3601/1605 3875/3602/1605 3877/3603/1604
f 3876/3604/1605 3874/3605/1631 3873/3606/1631 3875/3607/1605
f 3930/3608/1602 3929/3609/1602 3872/3610/1602 3871/3611/1602
f 3872/3610/1632 3870/3612/1608 3869/3613/1608 3871/3611/1632
f 3870/3614/1608 3868/3615/1609 3867/3616/1609 3869/3617/1608
f 3868/3618/1609 3863/3619/1610 3866/3620/1610 3867/3621/1609
f 3864/3622/1612 3865/3623/1611 3861/3624/1611 3862/3625/1612
f 3826/3521/1633 3824/3523/1634 3886/3585/1628 3888/3584/1633
f 3846/3535/1635 3844/3534/1636 3879/3626/1636 3877/3627/1635
f 3833/3508/1637 3835/3507/1638 3897/3571/1639 3895/3570/1637
f 3843/3533/1640 3845/3536/1641 3878/3628/1641 3880/3629/1640
f 3836/3506/1642 3834/3509/1643 3896/3569/1643 3898/3630/1625
f 3854/3547/1644 3852/3546/1645 3871/3611/1646 3869/3631/1644
f 3825/3520/1647 3827/3519/1648 3889/3583/1648 3887/3632/1647
f 3851/3545/1649 3853/3548/1650 3870/3633/1650 3872/3610/1651
f 3828/3518/1652 3826/3521/1633 3888/3581/1633 3890/3634/1652
f 3844/3532/1636 3842/3531/1653 3881/3599/1653 3879/3598/1636
f 3835/3505/1638 3837/3504/1654 3899/3635/1655 3897/3636/1639
f 3841/3530/1656 3843/3533/1640 3880/3637/1640 3882/3638/1656
f 3838/3503/1657 3836/3506/1642 3898/3567/1625 3900/3566/1624
f 3852/3544/1645 3850/3543/1658 3873/3639/1659 3871/3640/1646
f 3827/3517/1648 3829/3516/1660 3891/3579/1660 3889/3641/1648
f 3859/3557/1661 3839/3500/1662 3862/3625/1662 3861/3624/1661
f 3849/3542/1663 3851/3545/1649 3872/3642/1651 3874/3643/1664
f 3830/3515/1665 3828/3518/1652 3890/3644/1652 3892/3576/1665
f 3857/3554/1666 3859/3557/1661 3861/3645/1661 3863/3646/1666
f 3842/3529/1653 3821/3528/1667 3883/3595/1668 3881/3594/1653
f 3837/3502/1654 3840/3501/1669 3864/3563/1669 3899/3647/1655
f 3840/3558/1669 3860/3559/1670 3865/3623/1670 3864/3622/1669
f 3822/3527/1671 3841/3530/1656 3882/3593/1656 3884/3648/1629
f 3839/3500/1662 3838/3503/1657 3900/3561/1624 3862/3649/1662
f 3850/3541/1658 3848/3540/1672 3875/3650/1672 3873/3606/1659
f 3829/3514/1660 3831/3513/1673 3893/3651/1673 3891/3652/1660
f 3860/3556/1670 3858/3555/1674 3866/3653/1674 3865/3654/1670
f 3847/3539/1675 3849/3542/1663 3874/3655/1664 3876/3656/1675
f 3832/3512/1676 3830/3515/1665 3892/3657/1665 3894/3658/1676
f 3858/3553/1674 3856/3552/1677 3867/3659/1677 3866/3620/1674
f 3821/3525/1667 3823/3524/1678 3885/3660/1679 3883/3661/1668
f 3855/3551/1680 3857/3554/1666 3863/3619/1666 3868/3662/1680
f 3824/3523/1634 3822/3526/1671 3884/3591/1629 3886/3590/1628
f 3848/3538/1672 3846/3537/1635 3877/3603/1635 3875/3602/1672
f 3831/3511/1673 3833/3510/1637 3895/3575/1637 3893/3663/1673
f 3845/3536/1641 3847/3539/1675 3876/3601/1675 3878/3600/1641
f 3834/3509/1643 3832/3512/1676 3894/3664/1676 3896/3665/1643
f 3856/3550/1677 3854/3549/1644 3869/3617/1644 3867/3666/1677
f 3823/3522/1678 3825/3520/1647 3887/3587/1647 3885/3667/1679
f 3853/3548/1650 3855/3551/1680 3868/3615/1680 3870/3614/1650
f 3937/3668/1602 3939/3669/1602 3940/3670/1621 3936/3671/1621
f 3933/3672/1619 3934/3673/1619 3935/3674/1620 3938/3675/1620
f 3931/3676/1618 3932/3677/1618 3934/3678/1619 3933/3679/1619
f 3929/3609/1681 3930/3608/1681 3932/3680/1618 3931/3681/1618
f 3929/3682/1623 3927/3683/1623 3874/3643/1664 3872/3642/1651
f 3925/3684/1615 3926/3685/1615 3928/3686/1682 3927/3683/1682
f 3923/3687/1614 3924/3688/1614 3926/3689/1615 3925/3690/1615
f 3919/3691/1612 3920/3692/1612 3922/3693/1613 3921/3694/1613
f 3917/3695/1683 3918/3696/1683 3920/3697/1612 3919/3698/1612
f 3918/3696/1616 3917/3695/1616 3884/3592/1616 3883/3595/1616
f 3913/3699/1609 3914/3700/1609 3916/3701/1684 3915/3702/1684
f 3911/3703/1608 3912/3704/1608 3914/3705/1609 3913/3706/1609
f 3909/3707/1607 3910/3708/1607 3912/3709/1608 3911/3710/1608
f 3905/3711/1605 3906/3712/1605 3908/3713/1606 3907/3714/1606
f 3903/3715/1685 3904/3716/1685 3906/3717/1605 3905/3718/1605
f 3904/3716/1609 3903/3715/1609 3898/3568/1609 3897/3571/1609
f 3939/3719/1602 3937/3720/1602 3902/3721/1686 3901/3722/1686
f 3915/3589/1623 3917/3588/1623 3919/3698/1623 3941/3723/1623
f 3941/3724/1623 3919/3691/1623 3921/3694/1623 3945/3725/1623
f 3945/3726/1623 3921/3727/1623 3923/3728/1623 3947/3729/1623
f 3947/3730/1623 3923/3687/1623 3925/3690/1623 3949/3731/1623
f 3949/3732/1623 3925/3684/1623 3927/3683/1623 3929/3682/1623
f 3913/3699/1623 3915/3702/1623 3941/3733/1623 3942/3734/1623
f 3950/3735/1623 3949/3736/1623 3929/3609/1623 3931/3681/1623
f 3911/3703/1623 3913/3706/1623 3942/3737/1623 3943/3738/1623
f 3951/3739/1623 3950/3740/1623 3931/3676/1623 3933/3679/1623
f 3909/3707/1623 3911/3710/1623 3943/3741/1623 3944/3742/1623
f 3952/3743/1623 3951/3744/1623 3933/3672/1623 3938/3675/1623
f 3907/3745/1623 3909/3746/1623 3944/3747/1623 3905/3711/1623
f 3905/3718/1623 3944/3748/1623 3946/3749/1623 3903/3715/1623
f 3903/3564/1623 3946/3750/1623 3948/3751/1623 3901/3565/1623
f 3901/3722/1623 3948/3752/1623 3952/3753/1623 3939/3719/1623
f 3939/3669/1623 3952/3754/1623 3938/3755/1623 3940/3756/1623
f 3904/3757/1687 3902/3758/1687 3937/3720/1687 3953/3759/1687
f 3953/3760/1687 3937/3668/1687 3936/3671/1687 3957/3761/1687
f 3957/3762/1687 3936/3763/1687 3935/3764/1687 3959/3765/1687
f 3959/3766/1687 3935/3674/1687 3934/3673/1687 3961/3767/1687
f 3961/3768/1687 3934/3678/1687 3932/3677/1687 3930/3608/1687
f 3906/3717/1687 3904/3716/1687 3953/3769/1687 3954/3770/1687
f 3962/3771/1687 3961/3772/1687 3930/3773/1687 3928/3774/1687
f 3908/3713/1687 3906/3712/1687 3954/3775/1687 3955/3776/1687
f 3963/3777/1687 3962/3778/1687 3928/3686/1687 3926/3685/1687
f 3910/3779/1687 3908/3780/1687 3955/3781/1687 3956/3782/1687
f 3964/3783/1687 3963/3784/1687 3926/3689/1687 3924/3688/1687
f 3912/3709/1687 3910/3708/1687 3956/3785/1687 3914/3705/1687
f 3914/3700/1687 3956/3786/1687 3958/3787/1687 3916/3701/1687
f 3916/3788/1687 3958/3789/1687 3960/3790/1687 3918/3791/1687
f 3918/3696/1687 3960/3792/1687 3964/3793/1687 3920/3697/1687
f 3920/3692/1687 3964/3794/1687 3924/3795/1687 3922/3796/1687
f 3877/3603/1604 3879/3598/1603 3880/3629/1603 3878/3600/1604
f 3922/3796/1613 3924/3795/1614 3923/3687/1614 3921/3727/1613
f 3915/3702/1605 3916/3701/1605 3885/3586/1605 3886/3585/1605
f 3916/3788/1687 3918/3791/1687 3883/3661/1668 3885/3660/1679
f 3891/3579/1617 3893/3574/1616 3894/3658/1616 3892/3576/1617
f 3908/3780/1606 3910/3779/1607 3909/3707/1607 3907/3745/1606
f 3901/3722/1618 3902/3721/1618 3899/3562/1618 3900/3561/1618
f 3902/3758/1687 3904/3757/1687 3897/3636/1639 3899/3635/1655
f 3927/3683/1611 3928/3686/1611 3873/3606/1611 3874/3605/1611
f 3928/3774/1687 3930/3773/1687 3871/3640/1646 3873/3639/1659
f 3936/3763/1621 3940/3756/1621 3938/3675/1620 3935/3764/1620
f 3863/3619/1610 3861/3624/1611 3865/3654/1611 3866/3620/1610
f 3975/3797/1623 3980/3798/1623 3965/3799/1623 3974/3800/1623
f 3955/3776/1688 3954/3775/1689 4003/3801/1689 3999/3802/1688
f 4005/3803/1690 4001/3804/1691 3995/3805/1692 3996/3806/1693
f 3966/3807/1623 3989/3808/1623 3987/3809/1623 3968/3810/1623
f 3958/3787/1694 3956/3786/1695 4019/3811/1695 4017/3812/1694
f 3963/3784/1696 3964/3783/1697 4013/3813/1697 3998/3814/1696
f 4012/3815/1698 3994/3816/1699 4000/3817/1700 4004/3818/1701
f 3948/3751/1702 3946/3750/1703 3988/3750/1703 3990/3751/1702
f 3974/3819/1623 3965/3820/1623 3967/3821/1623 3972/3822/1623
f 3943/3738/1704 3942/3737/1705 3978/3737/1705 3982/3823/1704
f 3954/3770/1706 3953/3769/1707 4011/3824/1707 4003/3825/1706
f 3968/3826/1623 3987/3827/1623 3985/3828/1623 3981/3829/1623
f 3945/3726/1708 3947/3729/1709 3973/3830/1709 3971/3726/1708
f 4009/3831/1710 3996/3832/1693 3994/3833/1699 4012/3834/1698
f 3960/3790/1711 3958/3789/1711 4017/3835/1711 4015/3836/1711
f 3972/3837/1623 3967/3838/1623 3977/3839/1623 3969/3840/1623
f 3994/3841/1699 3993/3842/1712 4020/3843/1713 4000/3844/1700
f 3959/3766/1714 3961/3767/1715 4006/3845/1715 4008/3766/1714
f 3949/3736/1716 3950/3735/1716 3979/3735/1716 3976/3736/1716
f 3944/3742/1717 3943/3741/1704 3982/3741/1704 3986/3846/1717
f 3946/3749/1718 3944/3748/1718 3986/3748/1718 3988/3749/1718
f 3947/3730/1709 3949/3731/1719 3976/3731/1719 3973/3847/1709
f 3965/3848/1623 3966/3849/1623 3968/3850/1623 3967/3851/1623
f 3952/3753/1720 3948/3752/1702 3990/3752/1702 3992/3753/1720
f 3942/3734/1705 3941/3733/1721 3970/3733/1721 3978/3852/1705
f 3950/3740/1722 3951/3739/1723 3983/3739/1723 3979/3740/1722
f 3951/3744/1723 3952/3743/1724 3992/3743/1724 3983/3744/1723
f 3995/3853/1692 4014/3854/1725 4016/3855/1726 3993/3856/1712
f 3956/3782/1695 3955/3781/1688 3999/3857/1688 4019/3858/1695
f 3957/3762/1727 3959/3765/1728 4008/3859/1728 4010/3860/1727
f 3961/3772/1715 3962/3771/1729 4002/3861/1729 4006/3862/1715
f 3962/3778/1730 3963/3777/1696 3998/3863/1696 4002/3864/1730
f 3953/3760/1707 3957/3761/1727 4010/3865/1727 4011/3866/1707
f 3996/3867/1693 3995/3868/1692 3993/3869/1712 3994/3870/1699
f 3964/3793/1697 3960/3792/1731 4015/3871/1731 4013/3872/1697
f 3967/3873/1623 3968/3874/1623 3981/3875/1623 3977/3876/1623
f 3984/3877/1623 3991/3878/1623 3989/3879/1623 3966/3880/1623
f 3980/3881/1623 3984/3882/1623 3966/3883/1623 3965/3884/1623
f 3993/3885/1712 4016/3886/1726 4018/3887/1732 4020/3888/1713
f 4007/3889/1733 4005/3890/1690 3996/3891/1693 4009/3892/1710
f 3970/3893/1734 3971/3894/1735 3972/3837/1736 3969/3840/1737
f 3971/3726/1735 3973/3830/1738 3974/3819/1739 3972/3822/1736
f 3973/3847/1738 3976/3731/1740 3975/3797/1741 3974/3800/1739
f 3978/3852/1742 3970/3733/1734 3969/3895/1737 3977/3896/1743
f 3980/3798/1744 3975/3797/1741 3976/3731/1740 3979/3735/1745
f 3982/3823/1746 3978/3737/1742 3977/3876/1743 3981/3875/1747
f 3984/3882/1748 3980/3881/1744 3979/3740/1745 3983/3739/1749
f 3986/3748/1750 3982/3741/1746 3981/3829/1747 3985/3828/1751
f 3985/3828/1751 3987/3827/1752 3988/3749/1753 3986/3748/1750
f 3987/3809/1752 3989/3808/1754 3990/3751/1755 3988/3750/1753
f 3989/3879/1754 3991/3878/1756 3992/3743/1757 3990/3752/1755
f 3991/3878/1756 3984/3877/1748 3983/3744/1749 3992/3743/1757
f 3941/3724/1758 3945/3725/1758 3971/3894/1758 3970/3893/1758
f 4014/3897/1759 3997/3898/1760 3998/3899/1761 4013/3900/1762
f 4016/3901/1763 4014/3902/1759 4013/3903/1762 4015/3904/1764
f 4018/3905/1765 4016/3906/1763 4015/3907/1764 4017/3908/1766
f 4020/3909/1767 4018/3910/1765 4017/3911/1766 4019/3912/1768
f 4019/3913/1768 3999/3914/1769 4000/3915/1770 4020/3916/1767
f 3997/3917/1760 4001/3918/1771 4002/3919/1772 3998/3920/1761
f 3999/3802/1769 4003/3921/1773 4004/3922/1774 4000/3923/1770
f 4001/3924/1771 4005/3925/1775 4006/3926/1776 4002/3927/1772
f 4003/3928/1773 4011/3929/1777 4012/3930/1778 4004/3931/1774
f 4008/3932/1779 4006/3933/1776 4005/3934/1775 4007/3935/1780
f 4010/3936/1781 4008/3937/1779 4007/3938/1780 4009/3939/1782
f 4011/3940/1777 4010/3941/1781 4009/3942/1782 4012/3943/1778
f 4001/3944/1691 3997/3945/1783 4014/3946/1725 3995/3947/1692
f 4039/3500/1602 4038/3503/1603 4037/3502/1603 4040/3501/1602
f 4038/3503/1603 4036/3506/1604 4035/3505/1604 4037/3504/1603
f 4036/3506/1604 4034/3509/1605 4033/3508/1605 4035/3507/1604
f 4034/3509/1605 4032/3512/1606 4031/3511/1606 4033/3510/1605
f 4032/3512/1606 4030/3515/1607 4029/3514/1607 4031/3513/1606
f 4030/3515/1607 4028/3518/1608 4027/3517/1608 4029/3516/1607
f 4028/3518/1608 4026/3521/1609 4025/3520/1609 4027/3519/1608
f 4026/3521/1609 4024/3523/1610 4023/3522/1610 4025/3520/1609
f 4024/3523/1610 4022/3526/1611 4021/3525/1611 4023/3524/1610
f 4022/3527/1611 4041/3530/1612 4042/3529/1612 4021/3528/1611
f 4041/3530/1612 4043/3533/1613 4044/3532/1613 4042/3531/1612
f 4043/3533/1613 4045/3536/1614 4046/3535/1614 4044/3534/1613
f 4045/3536/1614 4047/3539/1615 4048/3538/1615 4046/3537/1614
f 4047/3539/1615 4049/3542/1616 4050/3541/1616 4048/3540/1615
f 4049/3542/1616 4051/3545/1617 4052/3544/1617 4050/3543/1616
f 4051/3545/1617 4053/3548/1618 4054/3547/1618 4052/3546/1617
f 4053/3548/1618 4055/3551/1619 4056/3550/1619 4054/3549/1618
f 4055/3551/1619 4057/3554/1620 4058/3553/1620 4056/3552/1619
f 4057/3554/1620 4059/3557/1621 4060/3556/1621 4058/3555/1620
f 4040/3558/1602 4060/3559/1621 4059/3557/1621 4039/3500/1602
f 4062/3560/1612 4064/3563/1612 4099/3562/1622 4100/3561/1622
f 4103/3564/1687 4098/3567/1639 4100/3566/1655 4101/3565/1687
f 4098/3568/1626 4097/3571/1626 4095/3570/1615 4096/3569/1615
f 4096/3572/1615 4095/3575/1615 4093/3574/1616 4094/3573/1616
f 4092/3576/1617 4091/3579/1617 4089/3578/1618 4090/3577/1618
f 4090/3580/1618 4089/3583/1618 4087/3582/1619 4088/3581/1619
f 4088/3584/1619 4087/3587/1619 4085/3586/1627 4086/3585/1627
f 4117/3588/1687 4084/3591/1668 4086/3590/1679 4115/3589/1687
f 4084/3592/1630 4083/3595/1630 4081/3594/1602 4082/3593/1602
f 4082/3596/1602 4081/3599/1602 4079/3598/1603 4080/3597/1603
f 4078/3600/1604 4077/3603/1604 4075/3602/1605 4076/3601/1605
f 4076/3604/1605 4075/3607/1605 4073/3606/1631 4074/3605/1631
f 4130/3608/1602 4071/3611/1602 4072/3610/1602 4129/3609/1602
f 4072/3610/1632 4071/3611/1632 4069/3613/1608 4070/3612/1608
f 4070/3614/1608 4069/3617/1608 4067/3616/1609 4068/3615/1609
f 4068/3618/1609 4067/3621/1609 4066/3620/1610 4063/3619/1610
f 4064/3622/1612 4062/3625/1612 4061/3624/1611 4065/3623/1611
f 4026/3521/1647 4088/3584/1647 4086/3585/1679 4024/3523/1678
f 4046/3535/1641 4077/3627/1641 4079/3626/1640 4044/3534/1640
f 4033/3508/1643 4095/3570/1643 4097/3571/1625 4035/3507/1642
f 4043/3533/1636 4080/3629/1636 4078/3628/1635 4045/3536/1635
f 4036/3506/1638 4098/3630/1639 4096/3569/1637 4034/3509/1637
f 4054/3547/1650 4069/3631/1650 4071/3611/1651 4052/3546/1649
f 4025/3520/1633 4087/3632/1633 4089/3583/1652 4027/3519/1652
f 4051/3545/1645 4072/3610/1646 4070/3633/1644 4053/3548/1644
f 4028/3518/1648 4090/3634/1648 4088/3581/1647 4026/3521/1647
f 4044/3532/1640 4079/3598/1640 4081/3599/1656 4042/3531/1656
f 4035/3505/1642 4097/3636/1625 4099/3635/1624 4037/3504/1657
f 4041/3530/1653 4082/3638/1653 4080/3637/1636 4043/3533/1636
f 4038/3503/1654 4100/3566/1655 4098/3567/1639 4036/3506/1638
f 4052/3544/1649 4071/3640/1651 4073/3639/1664 4050/3543/1663
f 4027/3517/1652 4089/3641/1652 4091/3579/1665 4029/3516/1665
f 4059/3557/1670 4061/3624/1670 4062/3625/1669 4039/3500/1669
f 4049/3542/1658 4074/3643/1659 4072/3642/1646 4051/3545/1645
f 4030/3515/1660 4092/3576/1660 4090/3644/1648 4028/3518/1648
f 4057/3554/1674 4063/3646/1674 4061/3645/1670 4059/3557/1670
f 4042/3529/1656 4081/3594/1656 4083/3595/1629 4021/3528/1671
f 4037/3502/1657 4099/3647/1624 4064/3563/1662 4040/3501/1662
f 4040/3558/1662 4064/3622/1662 4065/3623/1661 4060/3559/1661
f 4022/3527/1667 4084/3648/1668 4082/3593/1653 4041/3530/1653
f 4039/3500/1669 4062/3649/1669 4100/3561/1655 4038/3503/1654
f 4050/3541/1663 4073/3606/1664 4075/3650/1675 4048/3540/1675
f 4029/3514/1665 4091/3652/1665 4093/3651/1676 4031/3513/1676
f 4060/3556/1661 4065/3654/1661 4066/3653/1666 4058/3555/1666
f 4047/3539/1672 4076/3656/1672 4074/3655/1659 4049/3542/1658
f 4032/3512/1673 4094/3658/1673 4092/3657/1660 4030/3515/1660
f 4058/3553/1666 4066/3620/1666 4067/3659/1680 4056/3552/1680
f 4021/3525/1671 4083/3661/1629 4085/3660/1628 4023/3524/1634
f 4055/3551/1677 4068/3662/1677 4063/3619/1674 4057/3554/1674
f 4024/3523/1678 4086/3590/1679 4084/3591/1668 4022/3526/1667
f 4048/3538/1675 4075/3602/1675 4077/3603/1641 4046/3537/1641
f 4031/3511/1676 4093/3663/1676 4095/3575/1643 4033/3510/1643
f 4045/3536/1635 4078/3600/1635 4076/3601/1672 4047/3539/1672
f 4034/3509/1637 4096/3665/1637 4094/3664/1673 4032/3512/1673
f 4056/3550/1680 4067/3666/1680 4069/3617/1650 4054/3549/1650
f 4023/3522/1634 4085/3667/1628 4087/3587/1633 4025/3520/1633
f 4053/3548/1644 4070/3614/1644 4068/3615/1677 4055/3551/1677
f 4137/3668/1602 4136/3671/1621 4140/3670/1621 4139/3669/1602
f 4133/3672/1619 4138/3675/1620 4135/3674/1620 4134/3673/1619
f 4131/3676/1618 4133/3679/1619 4134/3678/1619 4132/3677/1618
f 4129/3609/1681 4131/3681/1618 4132/3680/1618 4130/3608/1681
f 4129/3682/1687 4072/3642/1646 4074/3643/1659 4127/3683/1687
f 4125/3684/1615 4127/3683/1682 4128/3686/1682 4126/3685/1615
f 4123/3687/1614 4125/3690/1615 4126/3689/1615 4124/3688/1614
f 4119/3691/1612 4121/3694/1613 4122/3693/1613 4120/3692/1612
f 4117/3695/1683 4119/3698/1612 4120/3697/1612 4118/3696/1683
f 4118/3696/1616 4083/3595/1616 4084/3592/1616 4117/3695/1616
f 4113/3699/1609 4115/3702/1684 4116/3701/1684 4114/3700/1609
f 4111/3703/1608 4113/3706/1609 4114/3705/1609 4112/3704/1608
f 4109/3707/1607 4111/3710/1608 4112/3709/1608 4110/3708/1607
f 4105/3711/1605 4107/3714/1606 4108/3713/1606 4106/3712/1605
f 4103/3715/1685 4105/3718/1605 4106/3717/1605 4104/3716/1685
f 4104/3716/1609 4097/3571/1609 4098/3568/1609 4103/3715/1609
f 4139/3719/1602 4101/3722/1686 4102/3721/1686 4137/3720/1602
f 4115/3589/1687 4141/3723/1687 4119/3698/1687 4117/3588/1687
f 4141/3724/1687 4145/3725/1687 4121/3694/1687 4119/3691/1687
f 4145/3726/1687 4147/3729/1687 4123/3728/1687 4121/3727/1687
f 4147/3730/1687 4149/3731/1687 4125/3690/1687 4123/3687/1687
f 4149/3732/1687 4129/3682/1687 4127/3683/1687 4125/3684/1687
f 4113/3699/1687 4142/3734/1687 4141/3733/1687 4115/3702/1687
f 4150/3735/1687 4131/3681/1687 4129/3609/1687 4149/3736/1687
f 4111/3703/1687 4143/3738/1687 4142/3737/1687 4113/3706/1687
f 4151/3739/1687 4133/3679/1687 4131/3676/1687 4150/3740/1687
f 4109/3707/1687 4144/3742/1687 4143/3741/1687 4111/3710/1687
f 4152/3743/1687 4138/3675/1687 4133/3672/1687 4151/3744/1687
f 4107/3745/1687 4105/3711/1687 4144/3747/1687 4109/3746/1687
f 4105/3718/1687 4103/3715/1687 4146/3749/1687 4144/3748/1687
f 4103/3564/1687 4101/3565/1687 4148/3751/1687 4146/3750/1687
f 4101/3722/1687 4139/3719/1687 4152/3753/1687 4148/3752/1687
f 4139/3669/1687 4140/3756/1687 4138/3755/1687 4152/3754/1687
f 4104/3757/1623 4153/3759/1623 4137/3720/1623 4102/3758/1623
f 4153/3760/1623 4157/3761/1623 4136/3671/1623 4137/3668/1623
f 4157/3762/1623 4159/3765/1623 4135/3764/1623 4136/3763/1623
f 4159/3766/1623 4161/3767/1623 4134/3673/1623 4135/3674/1623
f 4161/3768/1623 4130/3608/1623 4132/3677/1623 4134/3678/1623
f 4106/3717/1623 4154/3770/1623 4153/3769/1623 4104/3716/1623
f 4162/3771/1623 4128/3774/1623 4130/3773/1623 4161/3772/1623
f 4108/3713/1623 4155/3776/1623 4154/3775/1623 4106/3712/1623
f 4163/3777/1623 4126/3685/1623 4128/3686/1623 4162/3778/1623
f 4110/3779/1623 4156/3782/1623 4155/3781/1623 4108/3780/1623
f 4164/3783/1623 4124/3688/1623 4126/3689/1623 4163/3784/1623
f 4112/3709/1623 4114/3705/1623 4156/3785/1623 4110/3708/1623
f 4114/3700/1623 4116/3701/1623 4158/3787/1623 4156/3786/1623
f 4116/3788/1623 4118/3791/1623 4160/3790/1623 4158/3789/1623
f 4118/3696/1623 4120/3697/1623 4164/3793/1623 4160/3792/1623
f 4120/3692/1623 4122/3796/1623 4124/3795/1623 4164/3794/1623
f 4077/3603/1604 4078/3600/1604 4080/3629/1603 4079/3598/1603
f 4122/3796/1613 4121/3727/1613 4123/3687/1614 4124/3795/1614
f 4115/3702/1605 4086/3585/1605 4085/3586/1605 4116/3701/1605
f 4116/3788/1623 4085/3660/1628 4083/3661/1629 4118/3791/1623
f 4091/3579/1617 4092/3576/1617 4094/3658/1616 4093/3574/1616
f 4108/3780/1606 4107/3745/1606 4109/3707/1607 4110/3779/1607
f 4101/3722/1618 4100/3561/1618 4099/3562/1618 4102/3721/1618
f 4102/3758/1623 4099/3635/1624 4097/3636/1625 4104/3757/1623
f 4127/3683/1611 4074/3605/1611 4073/3606/1611 4128/3686/1611
f 4128/3774/1623 4073/3639/1664 4071/3640/1651 4130/3773/1623
f 4136/3763/1621 4135/3764/1620 4138/3675/1620 4140/3756/1621
f 4063/3619/1610 4066/3620/1610 4065/3654/1611 4061/3624/1611
f 4175/3797/1687 4174/3800/1687 4165/3799/1687 4180/3798/1687
f 4155/3776/1688 4199/3802/1688 4203/3801/1689 4154/3775/1689
f 4205/3803/1784 4196/3806/1785 4195/3805/1786 4201/3804/1787
f 4166/3807/1687 4168/3810/1687 4187/3809/1687 4189/3808/1687
f 4158/3787/1694 4217/3812/1694 4219/3811/1695 4156/3786/1695
f 4163/3784/1696 4198/3814/1696 4213/3813/1697 4164/3783/1697
f 4212/3815/1788 4204/3818/1789 4200/3817/1790 4194/3816/1791
f 4148/3751/1702 4190/3751/1702 4188/3750/1703 4146/3750/1703
f 4174/3819/1687 4172/3822/1687 4167/3821/1687 4165/3820/1687
f 4143/3738/1704 4182/3823/1704 4178/3737/1705 4142/3737/1705
f 4154/3770/1706 4203/3825/1706 4211/3824/1707 4153/3769/1707
f 4168/3826/1687 4181/3829/1687 4185/3828/1687 4187/3827/1687
f 4145/3726/1792 4171/3726/1792 4173/3830/1709 4147/3729/1709
f 4209/3831/1793 4212/3834/1788 4194/3833/1791 4196/3832/1785
f 4160/3790/1711 4215/3836/1711 4217/3835/1711 4158/3789/1711
f 4172/3837/1687 4169/3840/1687 4177/3839/1687 4167/3838/1687
f 4194/3841/1791 4200/3844/1790 4220/3843/1794 4193/3842/1795
f 4159/3766/1714 4208/3766/1714 4206/3845/1714 4161/3767/1714
f 4149/3736/1716 4176/3736/1716 4179/3735/1796 4150/3735/1796
f 4144/3742/1717 4186/3846/1717 4182/3741/1704 4143/3741/1704
f 4146/3749/1718 4188/3749/1718 4186/3748/1718 4144/3748/1718
f 4147/3730/1709 4173/3847/1709 4176/3731/1719 4149/3731/1719
f 4165/3848/1687 4167/3851/1687 4168/3850/1687 4166/3849/1687
f 4152/3753/1720 4192/3753/1720 4190/3752/1702 4148/3752/1702
f 4142/3734/1705 4178/3852/1705 4170/3733/1721 4141/3733/1721
f 4150/3740/1796 4179/3740/1796 4183/3739/1722 4151/3739/1722
f 4151/3744/1724 4183/3744/1724 4192/3743/1724 4152/3743/1724
f 4195/3853/1786 4193/3856/1795 4216/3855/1797 4214/3854/1798
f 4156/3782/1695 4219/3858/1695 4199/3857/1688 4155/3781/1688
f 4157/3762/1727 4210/3860/1727 4208/3859/1728 4159/3765/1728
f 4161/3772/1729 4206/3862/1729 4202/3861/1729 4162/3771/1729
f 4162/3778/1730 4202/3864/1730 4198/3863/1696 4163/3777/1696
f 4153/3760/1707 4211/3866/1707 4210/3865/1727 4157/3761/1727
f 4196/3867/1785 4194/3870/1791 4193/3869/1795 4195/3868/1786
f 4164/3793/1697 4213/3872/1697 4215/3871/1731 4160/3792/1731
f 4167/3873/1687 4177/3876/1687 4181/3875/1687 4168/3874/1687
f 4184/3877/1687 4166/3880/1687 4189/3879/1687 4191/3878/1687
f 4180/3881/1687 4165/3884/1687 4166/3883/1687 4184/3882/1687
f 4193/3885/1795 4220/3888/1794 4218/3887/1799 4216/3886/1797
f 4207/3889/1800 4209/3892/1793 4196/3891/1785 4205/3890/1784
f 4170/3893/1801 4169/3840/1802 4172/3837/1803 4171/3894/1804
f 4171/3726/1804 4172/3822/1803 4174/3819/1805 4173/3830/1806
f 4173/3847/1806 4174/3800/1805 4175/3797/1807 4176/3731/1808
f 4178/3852/1809 4177/3896/1810 4169/3895/1802 4170/3733/1801
f 4180/3798/1811 4179/3735/1812 4176/3731/1808 4175/3797/1807
f 4182/3823/1813 4181/3875/1814 4177/3876/1810 4178/3737/1809
f 4184/3882/1815 4183/3739/1816 4179/3740/1812 4180/3881/1811
f 4186/3748/1817 4185/3828/1818 4181/3829/1814 4182/3741/1813
f 4185/3828/1818 4186/3748/1817 4188/3749/1819 4187/3827/1820
f 4187/3809/1820 4188/3750/1819 4190/3751/1821 4189/3808/1822
f 4189/3879/1822 4190/3752/1821 4192/3743/1823 4191/3878/1824
f 4191/3878/1824 4192/3743/1823 4183/3744/1816 4184/3877/1815
f 4141/3724/1758 4170/3893/1758 4171/3894/1792 4145/3725/1792
f 4214/3897/1825 4213/3900/1826 4198/3899/1827 4197/3898/1828
f 4216/3901/1829 4215/3904/1830 4213/3903/1826 4214/3902/1825
f 4218/3905/1831 4217/3908/1832 4215/3907/1830 4216/3906/1829
f 4220/3909/1833 4219/3912/1834 4217/3911/1832 4218/3910/1831
f 4219/3913/1834 4220/3916/1833 4200/3915/1835 4199/3914/1836
f 4197/3917/1828 4198/3920/1827 4202/3919/1837 4201/3918/1838
f 4199/3802/1836 4200/3923/1835 4204/3922/1839 4203/3921/1840
f 4201/3924/1838 4202/3927/1837 4206/3926/1841 4205/3925/1842
f 4203/3928/1840 4204/3931/1839 4212/3930/1843 4211/3929/1844
f 4208/3932/1845 4207/3935/1846 4205/3934/1842 4206/3933/1841
f 4210/3936/1847 4209/3939/1848 4207/3938/1846 4208/3937/1845
f 4211/3940/1844 4212/3943/1843 4209/3942/1848 4210/3941/1847
f 4201/3944/1787 4195/3947/1786 4214/3946/1798 4197/3945/1849
o Circle.001
v -2.365661 1.473242 -0.178919
v -2.361129 1.473242 -0.162006
v -2.348747 1.473242 -0.149624
v -2.331833 1.473242 -0.145092
v -2.314919 1.473242 -0.149624
v -2.302538 1.473242 -0.162006
v -2.298006 1.473242 -0.178919
v -2.302538 1.473242 -0.195833
v -2.314920 1.473242 -0.208215
v -2.331833 1.473242 -0.212747
v -2.348747 1.473242 -0.208215
v -2.361129 1.473242 -0.195833
v -2.377696 1.496494 -0.178919
v -2.371552 1.496494 -0.155988
v -2.354765 1.496494 -0.139201
v -2.331833 1.496494 -0.133057
v -2.308902 1.496494 -0.139201
v -2.292115 1.496494 -0.155988
v -2.285971 1.496494 -0.178919
v -2.292115 1.496494 -0.201851
v -2.308902 1.496494 -0.218638
v -2.331833 1.496494 -0.224782
v -2.354765 1.496494 -0.218638
v -2.371552 1.496494 -0.201851
v -2.377696 1.749945 -0.178919
v -2.371552 1.749945 -0.155988
v -2.354765 1.749945 -0.139201
v -2.331833 1.749945 -0.133057
v -2.308902 1.749945 -0.139201
v -2.292115 1.749945 -0.155988
v -2.285971 1.749945 -0.178919
v -2.292115 1.749945 -0.201851
v -2.308902 1.749945 -0.218638
v -2.331833 1.749945 -0.224782
v -2.354765 1.749945 -0.218638
v -2.371552 1.749945 -0.201851
v -2.357790 1.775523 -0.178919
v -2.354313 1.775523 -0.165941
v -2.344812 1.775523 -0.156440
v -2.331833 1.775523 -0.152962
v -2.318855 1.775523 -0.156440
v -2.309354 1.775523 -0.165941
v -2.305876 1.775523 -0.178919
v -2.309354 1.775523 -0.191898
v -2.318855 1.775523 -0.201399
v -2.331833 1.775523 -0.204876
v -2.344812 1.775523 -0.201399
v -2.354313 1.775523 -0.191898
v -2.357790 1.981307 -0.178919
v -2.354313 1.981307 -0.165941
v -2.344812 1.981307 -0.156440
v -2.331833 1.981307 -0.152962
v -2.318855 1.981307 -0.156440
v -2.309354 1.981307 -0.165941
v -2.305876 1.981307 -0.178919
v -2.309354 1.981307 -0.191898
v -2.318855 1.981307 -0.201399
v -2.331833 1.981307 -0.204876
v -2.344812 1.981307 -0.201399
v -2.354313 1.981307 -0.191898
v -2.331409 1.981307 -0.165517
v -2.318431 1.981307 -0.178495
v -2.345236 1.981307 -0.179344
v -2.332258 1.981307 -0.192322
vn 0.4440 -0.4597 0.7691
vn 0.4868 -0.2280 0.8432
vn -0.0000 -0.2280 0.9736
vn -0.0000 -0.4597 0.8881
vn -0.7691 -0.4597 -0.4440
vn -0.8432 -0.2280 -0.4868
vn -0.4868 -0.2280 -0.8432
vn -0.4440 -0.4597 -0.7691
vn -0.7691 -0.4597 0.4440
vn -0.8432 -0.2280 0.4868
vn -0.9737 -0.2280 -0.0000
vn -0.8881 -0.4597 -0.0000
vn 0.4440 -0.4597 -0.7691
vn 0.4868 -0.2280 -0.8432
vn 0.8432 -0.2280 -0.4868
vn 0.7691 -0.4597 -0.4440
vn 0.7691 -0.4597 0.4440
vn 0.8432 -0.2280 0.4868
vn -0.4440 -0.4597 0.7691
vn -0.4868 -0.2280 0.8432
vn -0.0000 -0.4597 -0.8881
vn -0.0000 -0.2280 -0.9736
vn 0.8881 -0.4597 -0.0000
vn 0.9736 -0.2280 -0.0000
vn -0.5000 -0.0000 0.8660
vn -0.8660 -0.0000 0.5000
vn 0.2588 -0.0000 -0.9659
vn 0.5000 -0.0000 -0.8660
vn 1.0000 -0.0000 -0.0000
vn 0.9659 -0.0000 0.2588
vn -0.2588 -0.0000 0.9659
vn -0.2588 -0.0000 -0.9659
vn 0.9659 -0.0000 -0.2588
vn 0.5000 -0.0000 0.8660
vn 0.2588 -0.0000 0.9659
vn -0.8660 -0.0000 -0.5000
vn -0.7071 -0.0000 -0.7071
vn -0.9659 -0.0000 0.2588
vn 0.7071 -0.0000 -0.7071
vn 0.7071 -0.0000 0.7071
vn -0.9659 -0.0000 -0.2588
vn -0.7892 0.6142 -0.0000
vn -0.6834 0.6142 -0.3946
vn -0.3946 0.6142 0.6834
vn -0.6834 0.6142 0.3946
vn -0.0000 0.6142 -0.7892
vn 0.3946 0.6142 -0.6834
vn 0.7892 0.6142 -0.0000
vn 0.6834 0.6142 0.3946
vn -0.0000 0.6142 0.7892
vn -0.3946 0.6142 -0.6834
vn 0.6834 0.6142 -0.3946
vn 0.3946 0.6142 0.6834
vn -0.5000 -0.0000 -0.8660
vn 0.8660 -0.0000 -0.5000
vn -0.0000 1.0000 -0.0000
vt 0.430570 0.998788
vt 0.424425 0.951420
vt 0.471259 0.951420
vt 0.465114 0.998788
vt 0.016789 1.000000
vt 0.000000 0.953063
vt 0.040560 0.951420
vt 0.046705 0.998788
vt 0.174660 0.998788
vt 0.168515 0.951420
vt 0.215350 0.951420
vt 0.209204 0.998788
vt 0.272698 1.000000
vt 0.255910 0.953063
vt 0.296470 0.951420
vt 0.302615 0.998788
vt 0.400653 1.000000
vt 0.383864 0.953063
vt 0.255910 0.953063
vt 0.239121 1.000000
vt 0.144743 1.000000
vt 0.127955 0.953063
vt 0.081250 0.998788
vt 0.087395 0.951420
vt 0.127955 0.953063
vt 0.111166 1.000000
vt 0.337159 0.998788
vt 0.343304 0.951420
vt 0.383864 0.953063
vt 0.367076 1.000000
vt 0.511819 0.953063
vt 0.495031 1.000000
vt 0.127955 0.454287
vt 0.168515 0.452644
vt 0.087395 0.452644
vt 0.127955 0.454287
vt 0.343304 0.452644
vt 0.383864 0.454287
vt 0.471259 0.452644
vt 0.511819 0.454287
vt 0.040560 0.452644
vt 0.296470 0.452644
vt 0.424425 0.452644
vt 0.000000 0.454287
vt 0.215350 0.452644
vt 0.255910 0.454287
vt 0.383864 0.454287
vt 0.205186 0.404970
vt 0.228141 0.405899
vt 0.155723 0.405899
vt 0.178679 0.404970
vt 0.077231 0.404970
vt 0.100187 0.405899
vt 0.333141 0.404970
vt 0.356096 0.405899
vt 0.461095 0.404970
vt 0.484051 0.405899
vt 0.050724 0.404970
vt 0.306634 0.404970
vt 0.434588 0.404970
vt 0.027768 0.405899
vt 0.283678 0.405899
vt 0.411633 0.405899
vt 0.411633 0.000930
vt 0.434588 0.000000
vt 0.205186 0.000000
vt 0.228141 0.000930
vt 0.155723 0.000930
vt 0.178679 0.000000
vt 0.077231 0.000000
vt 0.100187 0.000930
vt 0.333141 0.000000
vt 0.356096 0.000930
vt 0.461095 0.000000
vt 0.484051 0.000930
vt 0.050724 0.000000
vt 0.306634 0.000000
vt 0.027768 0.000930
vt 0.283678 0.000930
vt 0.525073 0.013254
vt 0.548029 0.000000
vt 0.543177 0.030174
vt 0.511819 0.036209
vt 0.543177 0.068751
vt 0.511819 0.062716
vt 0.548029 0.098926
vt 0.525073 0.085672
vt 0.574536 0.000000
vt 0.579387 0.030174
vt 0.579387 0.068751
vt 0.574536 0.098926
vt 0.597491 0.013254
vt 0.610745 0.036209
vt 0.610745 0.062716
vt 0.597491 0.085672
s 1
usemtl Procedural_corroded_metal
f 4225/3948/1850 4237/3949/1851 4236/3950/1852 4224/3951/1853
f 4232/3952/1854 4244/3953/1855 4243/3954/1856 4231/3955/1857
f 4222/3956/1858 4234/3957/1859 4233/3958/1860 4221/3959/1861
f 4229/3960/1862 4241/3961/1863 4240/3962/1864 4228/3963/1865
f 4226/3964/1866 4238/3965/1867 4237/3949/1851 4225/3948/1850
f 4221/3959/1861 4233/3958/1860 4244/3966/1855 4232/3967/1854
f 4223/3968/1868 4235/3969/1869 4234/3957/1859 4222/3956/1858
f 4230/3970/1870 4242/3971/1871 4241/3972/1863 4229/3973/1862
f 4227/3974/1872 4239/3975/1873 4238/3976/1867 4226/3977/1866
f 4224/3951/1853 4236/3950/1852 4235/3978/1869 4223/3979/1868
f 4231/3955/1857 4243/3954/1856 4242/3971/1871 4230/3970/1870
f 4228/3963/1865 4240/3962/1864 4239/3975/1873 4227/3974/1872
f 4235/3969/1869 4247/3980/1874 4246/3981/1875 4234/3957/1859
f 4242/3971/1871 4254/3982/1876 4253/3983/1877 4241/3972/1863
f 4239/3975/1873 4251/3984/1878 4250/3985/1879 4238/3976/1867
f 4236/3950/1852 4248/3986/1880 4247/3987/1874 4235/3978/1869
f 4243/3954/1856 4255/3988/1881 4254/3982/1881 4242/3971/1871
f 4240/3962/1864 4252/3989/1882 4251/3984/1878 4239/3975/1873
f 4237/3949/1851 4249/3990/1883 4248/3986/1884 4236/3950/1852
f 4244/3953/1855 4256/3991/1885 4255/3988/1886 4243/3954/1856
f 4234/3957/1859 4246/3981/1875 4245/3992/1887 4233/3958/1860
f 4241/3961/1863 4253/3993/1877 4252/3989/1888 4240/3962/1864
f 4238/3965/1867 4250/3994/1889 4249/3990/1883 4237/3949/1851
f 4233/3958/1860 4245/3992/1890 4256/3993/1885 4244/3966/1855
f 4245/3992/1891 4257/3995/1891 4268/3996/1892 4256/3993/1892
f 4247/3980/1893 4259/3997/1893 4258/3998/1894 4246/3981/1894
f 4254/3982/1895 4266/3999/1895 4265/4000/1896 4253/3983/1896
f 4251/3984/1897 4263/4001/1897 4262/4002/1898 4250/3985/1898
f 4248/3986/1899 4260/4003/1899 4259/4004/1893 4247/3987/1893
f 4255/3988/1900 4267/4005/1900 4266/3999/1895 4254/3982/1895
f 4252/3989/1901 4264/4006/1901 4263/4001/1897 4251/3984/1897
f 4249/3990/1902 4261/4007/1902 4260/4003/1899 4248/3986/1899
f 4256/3991/1892 4268/4008/1892 4267/4005/1900 4255/3988/1900
f 4246/3981/1894 4258/3998/1894 4257/3995/1891 4245/3992/1891
f 4253/3993/1896 4265/4009/1896 4264/4006/1901 4252/3989/1901
f 4250/3994/1898 4262/4010/1898 4261/4007/1902 4249/3990/1902
f 4262/4010/1889 4274/4011/1889 4273/4012/1883 4261/4007/1883
f 4257/3995/1890 4269/4013/1890 4280/4014/1885 4268/3996/1885
f 4259/3997/1874 4271/4015/1874 4270/4016/1875 4258/3998/1875
f 4266/3999/1876 4278/4017/1876 4277/4018/1877 4265/4000/1877
f 4263/4001/1878 4275/4019/1878 4274/4020/1879 4262/4002/1879
f 4260/4003/1880 4272/4021/1880 4271/4022/1874 4259/4004/1874
f 4267/4005/1903 4279/4023/1903 4278/4017/1881 4266/3999/1881
f 4264/4006/1904 4276/4024/1904 4275/4019/1878 4263/4001/1878
f 4261/4007/1883 4273/4012/1883 4272/4021/1884 4260/4003/1884
f 4268/4008/1885 4280/4025/1885 4279/4023/1903 4267/4005/1903
f 4258/3998/1875 4270/4016/1875 4269/4013/1887 4257/3995/1887
f 4265/4009/1877 4277/4026/1877 4276/4024/1904 4264/4006/1904
f 4272/4027/1905 4273/4028/1905 4281/4029/1905 4271/4030/1905
f 4271/4030/1905 4281/4029/1905 4283/4031/1905 4270/4032/1905
f 4270/4032/1905 4283/4031/1905 4280/4033/1905 4269/4034/1905
f 4273/4028/1905 4274/4035/1905 4282/4036/1905 4281/4029/1905
f 4281/4029/1905 4282/4036/1905 4284/4037/1905 4283/4031/1905
f 4283/4031/1905 4284/4037/1905 4279/4038/1905 4280/4033/1905
f 4274/4035/1905 4275/4039/1905 4276/4040/1905 4282/4036/1905
f 4282/4036/1905 4276/4040/1905 4277/4041/1905 4284/4037/1905
f 4284/4037/1905 4277/4041/1905 4278/4042/1905 4279/4038/1905
o Circle.002
v -2.352213 1.482846 0.012956
v -2.349483 1.482846 0.023146
v -2.342023 1.482846 0.030605
v -2.331833 1.482846 0.033336
v -2.321644 1.482846 0.030605
v -2.314184 1.482846 0.023146
v -2.311454 1.482846 0.012956
v -2.314184 1.482846 0.002766
v -2.321644 1.482846 -0.004693
v -2.331833 1.482846 -0.007424
v -2.342023 1.482846 -0.004693
v -2.349483 1.482846 0.002766
v -2.352213 1.527667 0.012956
v -2.349483 1.527667 0.023146
v -2.342023 1.527667 0.030605
v -2.331833 1.527667 0.033336
v -2.321644 1.527667 0.030605
v -2.314184 1.527667 0.023146
v -2.311454 1.527667 0.012956
v -2.314184 1.527667 0.002766
v -2.321644 1.527667 -0.004693
v -2.331833 1.527667 -0.007424
v -2.342023 1.527667 -0.004693
v -2.349483 1.527667 0.002766
v -2.363666 1.527667 0.012956
v -2.359401 1.527667 0.028872
v -2.347749 1.527667 0.040524
v -2.331833 1.527667 0.044788
v -2.315917 1.527667 0.040524
v -2.304266 1.527667 0.028872
v -2.300001 1.527667 0.012956
v -2.304266 1.527667 -0.002960
v -2.315917 1.527667 -0.014612
v -2.331833 1.527667 -0.018876
v -2.347749 1.527667 -0.014612
v -2.359401 1.527667 -0.002960
v -2.363666 1.547364 0.012956
v -2.359401 1.547364 0.028872
v -2.347749 1.547364 0.040524
v -2.331833 1.547364 0.044788
v -2.315917 1.547364 0.040524
v -2.304266 1.547364 0.028872
v -2.300001 1.547364 0.012956
v -2.304266 1.547364 -0.002960
v -2.315917 1.547364 -0.014612
v -2.331833 1.547364 -0.018876
v -2.347749 1.547364 -0.014612
v -2.359401 1.547364 -0.002960
v -2.340502 1.547364 -0.001018
v -2.346328 1.547364 0.020724
v -2.317339 1.547364 0.005188
v -2.323164 1.547364 0.026930
vn -1.0000 -0.0000 -0.0000
vn -0.8660 -0.0000 0.5000
vn -0.5000 -0.0000 0.8660
vn -0.0000 -0.0000 1.0000
vn 0.5000 -0.0000 0.8660
vn 0.8660 -0.0000 0.5000
vn 1.0000 -0.0000 -0.0000
vn 0.8660 -0.0000 -0.5000
vn 0.5000 -0.0000 -0.8660
vn -0.0000 -0.0000 -1.0000
vn -0.5000 -0.0000 -0.8660
vn -0.8660 -0.0000 -0.5000
vn -0.6377 -0.7703 -0.0000
vn -0.5523 -0.7703 0.3189
vn -0.3189 -0.7703 0.5523
vn -0.0000 -0.7703 0.6377
vn 0.3189 -0.7703 0.5523
vn 0.5523 -0.7703 0.3189
vn 0.6377 -0.7703 -0.0000
vn 0.5523 -0.7703 -0.3189
vn 0.3189 -0.7703 -0.5523
vn -0.0000 -0.7703 -0.6377
vn -0.3189 -0.7703 -0.5523
vn -0.5523 -0.7703 -0.3189
vn -0.7572 -0.6532 -0.0000
vn -0.6557 -0.6532 0.3786
vn -0.3786 -0.6532 0.6557
vn -0.0000 -0.6532 0.7572
vn 0.3786 -0.6532 0.6557
vn 0.6557 -0.6532 0.3786
vn 0.7572 -0.6532 -0.0000
vn 0.6557 -0.6532 -0.3786
vn 0.3786 -0.6532 -0.6557
vn -0.0000 -0.6532 -0.7572
vn -0.3786 -0.6532 -0.6557
vn -0.6557 -0.6532 -0.3786
vn -0.7572 0.6532 -0.0000
vn -0.6557 0.6532 0.3786
vn -0.3786 0.6532 0.6557
vn -0.0000 0.6532 0.7572
vn 0.3786 0.6532 0.6557
vn 0.6557 0.6532 0.3786
vn 0.7572 0.6532 -0.0000
vn 0.6557 0.6532 -0.3786
vn 0.3786 0.6532 -0.6557
vn -0.0000 0.6532 -0.7572
vn -0.3786 0.6532 -0.6557
vn -0.6557 0.6532 -0.3786
vn -0.0000 1.0000 -0.0000
vt 0.000000 0.000000
s 1
usemtl Rusty_metal
f 4293/4043/1914 4305/4043/1926 4304/4043/1925 4292/4043/1913
f 4290/4043/1911 4302/4043/1923 4301/4043/1922 4289/4043/1910
f 4285/4043/1906 4297/4043/1918 4308/4043/1929 4296/4043/1917
f 4287/4043/1908 4299/4043/1920 4298/4043/1919 4286/4043/1907
f 4294/4043/1915 4306/4043/1927 4305/4043/1926 4293/4043/1914
f 4291/4043/1912 4303/4043/1924 4302/4043/1923 4290/4043/1911
f 4288/4043/1909 4300/4043/1921 4299/4043/1920 4287/4043/1908
f 4295/4043/1916 4307/4043/1928 4306/4043/1927 4294/4043/1915
f 4292/4043/1913 4304/4043/1925 4303/4043/1924 4291/4043/1912
f 4289/4043/1910 4301/4043/1922 4300/4043/1921 4288/4043/1909
f 4296/4043/1917 4308/4043/1929 4307/4043/1928 4295/4043/1916
f 4286/4043/1907 4298/4043/1919 4297/4043/1918 4285/4043/1906
f 4303/4043/1924 4304/4043/1925 4316/4043/1937 4315/4043/1936
f 4300/4043/1921 4301/4043/1922 4313/4043/1934 4312/4043/1933
f 4307/4043/1928 4308/4043/1929 4320/4043/1941 4319/4043/1940
f 4297/4043/1918 4298/4043/1919 4310/4043/1931 4309/4043/1930
f 4304/4043/1925 4305/4043/1926 4317/4043/1938 4316/4043/1937
f 4301/4043/1922 4302/4043/1923 4314/4043/1935 4313/4043/1934
f 4308/4043/1929 4297/4043/1918 4309/4043/1930 4320/4043/1941
f 4298/4043/1919 4299/4043/1920 4311/4043/1932 4310/4043/1931
f 4305/4043/1926 4306/4043/1927 4318/4043/1939 4317/4043/1938
f 4302/4043/1923 4303/4043/1924 4315/4043/1936 4314/4043/1935
f 4299/4043/1920 4300/4043/1921 4312/4043/1933 4311/4043/1932
f 4306/4043/1927 4307/4043/1928 4319/4043/1940 4318/4043/1939
f 4315/4043/1936 4316/4043/1937 4328/4043/1949 4327/4043/1948
f 4312/4043/1933 4313/4043/1934 4325/4043/1946 4324/4043/1945
f 4319/4043/1940 4320/4043/1941 4332/4043/1953 4331/4043/1952
f 4309/4043/1930 4310/4043/1931 4322/4043/1943 4321/4043/1942
f 4316/4043/1937 4317/4043/1938 4329/4043/1950 4328/4043/1949
f 4313/4043/1934 4314/4043/1935 4326/4043/1947 4325/4043/1946
f 4320/4043/1941 4309/4043/1930 4321/4043/1942 4332/4043/1953
f 4310/4043/1931 4311/4043/1932 4323/4043/1944 4322/4043/1943
f 4317/4043/1938 4318/4043/1939 4330/4043/1951 4329/4043/1950
f 4314/4043/1935 4315/4043/1936 4327/4043/1948 4326/4043/1947
f 4311/4043/1932 4312/4043/1933 4324/4043/1945 4323/4043/1944
f 4318/4043/1939 4319/4043/1940 4331/4043/1952 4330/4043/1951
f 4332/4043/1953 4333/4043/1954 4330/4043/1951 4331/4043/1952
f 4333/4043/1954 4335/4043/1954 4329/4043/1950 4330/4043/1951
f 4335/4043/1954 4327/4043/1948 4328/4043/1949 4329/4043/1950
f 4321/4043/1942 4334/4043/1954 4333/4043/1954 4332/4043/1953
f 4334/4043/1954 4336/4043/1954 4335/4043/1954 4333/4043/1954
f 4336/4043/1954 4326/4043/1947 4327/4043/1948 4335/4043/1954
f 4322/4043/1943 4323/4043/1944 4334/4043/1954 4321/4043/1942
f 4323/4043/1944 4324/4043/1945 4336/4043/1954 4334/4043/1954
f 4324/4043/1945 4325/4043/1946 4326/4043/1947 4336/4043/1954
o Cube.043
v -2.028921 1.267594 0.758136
v -2.614748 1.267594 0.758136
v -2.028921 1.267594 -0.601471
v -2.028921 1.267594 0.627102
v -2.614748 1.267594 -0.601471
v -2.614748 1.267594 0.627102
v -2.028921 1.428127 0.631854
v -2.028921 1.375746 0.758136
v -2.614748 1.375746 0.758136
v -2.614748 1.428127 0.631854
v -2.028921 1.416238 -0.601471
v -2.028921 1.456951 -0.551613
v -2.614748 1.456951 -0.551613
v -2.614748 1.416238 -0.601471
v -2.028921 1.267594 -0.558689
v -2.614748 1.267594 -0.558689
v -2.614748 1.267594 0.319827
v -2.028921 1.267594 0.319827
v -2.028921 1.267594 -0.448084
v -2.614748 1.267594 -0.448084
v -2.028921 1.456929 -0.440461
v -2.028921 1.456845 0.329497
v -2.614748 1.456929 -0.440461
v -2.614748 1.456845 0.329497
v -2.182388 1.267594 0.758136
v -2.461282 1.267594 0.758136
v -2.321835 1.267594 0.758136
v -2.182423 1.267594 -0.678984
v -2.461246 1.267594 -0.678984
v -2.321835 1.267594 -0.692990
v -2.461559 1.428127 0.631854
v -2.182110 1.428127 0.631854
v -2.321835 1.428127 0.631854
v -2.461395 1.375746 0.758136
v -2.182274 1.375746 0.758136
v -2.321835 1.375746 0.758136
v -2.175378 1.267594 -0.569727
v -2.321835 1.267594 -0.569727
v -2.468292 1.267594 -0.569727
v -2.181642 1.456951 -0.630603
v -2.462027 1.456951 -0.630603
v -2.321835 1.456951 -0.637823
v -2.461366 1.416238 -0.678955
v -2.182303 1.416238 -0.678955
v -2.321835 1.416238 -0.692973
v -2.028921 0.931456 -0.555606
v -2.614748 0.931456 -0.600443
v -2.028921 0.931456 -0.600443
v -2.321835 0.931456 -0.692990
v -2.461246 0.931456 -0.678984
v -2.182423 0.931456 -0.678984
v -2.461786 1.456845 0.329497
v -2.181884 1.456845 0.329497
v -2.321835 1.456845 0.329497
v -2.181331 1.456929 -0.440461
v -2.462338 1.456929 -0.440461
v -2.321835 1.456929 -0.440461
v -2.614748 0.931456 -0.508219
v -2.028921 0.931456 -0.508219
v -2.614748 0.931456 -0.555606
v -2.462093 1.456851 0.274002
v -2.181576 1.456851 0.274002
v -2.321835 1.456851 0.274002
v -2.462774 1.456923 -0.384967
v -2.180895 1.456923 -0.384967
v -2.321835 1.456923 -0.384967
v -2.468292 0.931456 -0.629862
v -2.321835 0.931456 -0.629862
v -2.175378 0.931456 -0.629862
v -2.178900 0.931456 -0.655698
v -2.321835 0.931456 -0.662701
v -2.464769 0.931456 -0.655698
v -2.462043 1.267594 0.613888
v -2.463829 1.267594 0.275625
v -2.321835 1.267594 0.613888
v -2.321835 1.267594 0.275625
v -2.181626 1.267594 0.613888
v -2.179840 1.267594 0.275625
vn 0.4580 -0.8710 0.1775
vn -0.4580 -0.8710 0.1775
vn 0.9527 -0.0002 -0.3039
vn 0.4654 -0.8851 -0.0000
vn -0.9527 -0.0002 -0.3039
vn -0.4654 -0.8851 -0.0000
vn 0.5146 0.8408 0.1679
vn 0.8375 0.4109 0.3603
vn -0.8375 0.4109 0.3603
vn -0.5146 0.8408 0.1679
vn 0.9291 0.1905 -0.3169
vn 0.4581 0.8804 -0.1226
vn -0.4581 0.8804 -0.1226
vn -0.9291 0.1905 -0.3169
vn 1.0000 -0.0000 -0.0000
vn -1.0000 -0.0000 -0.0000
vn 0.7478 -0.6559 0.1024
vn -0.7478 -0.6559 0.1024
vn 0.4654 0.8851 0.0001
vn 0.4288 0.9025 0.0408
vn -0.4654 0.8851 0.0001
vn -0.4288 0.9025 0.0408
vn -0.0000 -0.9799 0.1997
vn 0.2888 -0.0004 -0.9574
vn -0.2888 -0.0004 -0.9574
vn -0.0000 0.0001 -1.0000
vn -0.0000 0.9806 0.1958
vn -0.0000 0.7518 0.6593
vn -0.0844 -0.9746 0.2076
vn -0.0000 -0.9812 0.1928
vn 0.0844 -0.9746 0.2076
vn 0.0488 0.9852 -0.1643
vn -0.0488 0.9852 -0.1643
vn -0.0000 0.9875 -0.1577
vn -0.2440 0.5024 -0.8295
vn 0.2440 0.5024 -0.8295
vn -0.0000 0.5288 -0.8488
vn -0.4815 -0.8629 -0.1534
vn 0.4815 -0.8629 -0.1534
vn -0.0000 -0.9789 -0.2044
vn -0.0627 -0.9763 -0.2073
vn 0.0627 -0.9763 -0.2073
vn -0.0000 0.9990 0.0452
vn -0.0000 1.0000 0.0001
vn -0.4008 -0.8922 0.2082
vn 0.4008 -0.8922 0.2082
vn 0.0692 -0.9827 0.1716
vn -0.0692 -0.9827 0.1716
vn -0.0000 -1.0000 -0.0000
vt 0.562478 0.184777
vt 0.561071 -0.000000
vt 0.570986 0.039729
vt 0.570986 0.184777
vt 0.815318 0.184777
vt 0.816263 0.028127
vt 0.841377 0.079241
vt 0.841377 0.184777
vt 0.540481 0.184777
vt 0.561865 0.512785
vt 0.552441 0.512785
vt 0.221831 0.186232
vt 0.221893 0.041671
vt 0.300595 0.040408
vt 0.300595 0.184968
vt 1.000000 0.078746
vt 0.895499 0.078687
vt 0.895499 -0.000000
vt 1.000000 0.000000
vt 0.664321 0.591272
vt 0.601190 0.591388
vt 0.601190 0.512785
vt 0.664321 0.512785
vt 0.882559 0.813379
vt 0.873642 0.813379
vt 0.858022 0.734616
vt 0.862653 0.736423
vt 0.838223 0.813380
vt 0.816284 0.813380
vt 0.816284 0.735176
vt 0.853812 0.735017
vt 0.664321 0.813380
vt 0.601190 0.813380
vt 0.601190 0.734776
vt 0.664321 0.734893
vt 0.754209 0.184777
vt 0.756132 0.000104
vt 0.300595 0.184777
vt 0.300595 0.079241
vt 0.325709 0.028127
vt 0.326654 0.184777
vt 0.891983 0.813379
vt 0.867791 0.738231
vt 0.538965 0.000022
vt 0.570986 0.184777
vt 0.570986 0.039729
vt 0.580902 -0.000000
vt 0.579494 0.184777
vt 0.385840 0.000104
vt 0.387763 0.184777
vt 0.855237 0.663082
vt 0.861261 0.663082
vt 0.601491 0.184777
vt 0.603007 0.000022
vt 0.000000 -0.000000
vt 0.078363 0.001288
vt 0.078702 0.041671
vt 0.000000 0.040408
vt 0.867791 0.663082
vt 0.805332 0.590764
vt 0.675274 0.591114
vt 0.816284 0.512785
vt 0.816284 0.590988
vt 0.675274 0.735050
vt 0.805332 0.735400
vt 0.858022 0.591548
vt 0.862653 0.589741
vt 0.853812 0.591148
vt 0.838223 0.512785
vt 0.867791 0.587933
vt 0.589531 0.512785
vt 0.580107 0.512785
vt 0.222232 0.001288
vt 0.300595 -0.000000
vt 0.841377 0.300595
vt 0.841377 0.221992
vt 0.895499 0.221908
vt 0.895499 0.300595
vt 0.841377 0.078603
vt 0.841377 -0.000000
vt 0.873642 0.512785
vt 0.882559 0.512785
vt 0.000000 0.184968
vt 0.078764 0.186232
vt 0.891983 0.512785
vt 0.816284 0.663082
vt 0.805332 0.663082
vt 0.664321 0.663082
vt 0.675274 0.663082
vt 0.450892 0.512785
vt 0.526041 0.512785
vt 0.526041 0.835902
vt 0.450892 0.835902
vt 0.375744 0.512785
vt 0.375744 0.835902
vt 0.300595 0.516165
vt 0.300595 0.839283
vt 0.601190 0.516165
vt 0.601190 0.839283
vt 0.570782 0.512785
vt 0.150297 0.186460
vt 0.150297 0.513363
vt 0.078764 0.513135
vt 0.150297 0.041900
vt 0.150297 0.001406
vt 0.601190 0.663082
vt 0.895499 0.150297
vt 0.841377 0.150297
vt 0.000000 0.511854
vt 0.571190 0.512785
vt 0.221831 0.513135
vt 0.300595 0.511854
vt 1.000000 0.150297
vt 1.000000 0.221849
vt 1.000000 0.300595
vt 0.238019 0.813958
vt 0.235391 0.735603
vt 0.264078 0.735213
vt 0.264078 0.813958
vt 0.235391 0.663661
vt 0.264078 0.663661
vt 0.235391 0.591718
vt 0.264078 0.592109
vt 0.238019 0.513363
vt 0.264078 0.513363
vt 0.176910 0.813958
vt 0.168119 0.736520
vt 0.168119 0.663661
vt 0.168119 0.590802
vt 0.176910 0.513363
vt 0.024192 0.813958
vt 0.000000 0.738810
vt 0.000000 0.663661
vt 0.000000 0.588512
vt 0.024192 0.513363
s 1
usemtl Rusty_metal
f 4352/4044/1970 4349/4045/1967 4350/4046/1968 4341/4047/1959
f 4340/4048/1958 4343/4049/1961 4344/4050/1962 4337/4051/1955
f 4356/4052/1972 4352/4044/1970 4396/4053/1960 4394/4054/1999
f 4364/4055/1978 4380/4056/1990 4347/4057/1965 4339/4058/1957
f 4362/4059/1977 4370/4060/1982 4345/4061/1963 4338/4062/1956
f 4389/4063/1997 4368/4064/1981 4343/4065/1961 4358/4066/1974
f 4396/4067/1960 4383/4068/1992 4386/4069/1995 4408/4070/2003
f 4349/4071/1967 4359/4072/1975 4392/4073/1998 4377/4074/1987
f 4360/4075/1976 4346/4076/1964 4367/4077/1981 4388/4078/1997
f 4354/4079/1958 4358/4080/1974 4343/4049/1961 4340/4048/1958
f 4338/4081/1956 4345/4082/1963 4346/4083/1964 4342/4084/1960
f 4394/4085/1999 4396/4067/1960 4408/4070/2003 4403/4086/2001
f 4356/4052/1972 4359/4087/1975 4349/4045/1967 4352/4044/1970
f 4339/4088/1957 4347/4089/1965 4348/4090/1966 4351/4091/1969
f 4342/4084/1960 4346/4083/1964 4360/4092/1976 4353/4093/1960
f 4408/4070/2003 4386/4069/1995 4385/4094/1994 4407/4095/2003
f 4355/4096/1971 4357/4097/1973 4358/4080/1974 4354/4079/1958
f 4349/4098/1967 4377/4099/1987 4379/4100/1989 4350/4101/1968
f 4351/4091/1969 4348/4090/1966 4357/4097/1973 4355/4096/1971
f 4353/4093/1960 4360/4092/1976 4359/4087/1975 4356/4052/1972
f 4403/4086/2001 4408/4070/2003 4407/4095/2003 4404/4102/1984
f 4401/4103/1998 4398/4104/1998 4389/4063/1997 4358/4066/1974 4357/4105/1973 4391/4106/1998
f 4397/4107/1998 4400/4108/1998 4392/4073/1998 4359/4072/1975 4360/4075/1976 4388/4078/1997
f 4407/4095/2003 4385/4094/1994 4387/4109/1996 4406/4110/2003
f 4376/4111/1986 4391/4106/1998 4357/4105/1973 4348/4112/1966
f 4404/4102/1984 4407/4095/2003 4406/4110/2003 4405/4113/2002
f 4351/4091/1969 4355/4096/1971 4395/4114/2000 4382/4115/1958
f 4376/4116/1986 4348/4117/1966 4347/4057/1965 4380/4056/1990
f 4343/4118/1961 4368/4119/1981 4371/4120/1982 4344/4121/1962
f 4367/4122/1981 4346/4123/1964 4345/4061/1963 4370/4060/1982
f 4406/4110/2003 4387/4109/1996 4384/4124/1993 4382/4125/1958
f 4341/4126/1959 4350/4101/1968 4379/4100/1989 4365/4127/1979
f 4405/4113/2002 4406/4110/2003 4382/4125/1958 4395/4128/2000
f 4401/4103/1998 4391/4106/1998 4393/4129/1998 4402/4130/1998
f 4402/4130/1998 4393/4129/1998 4392/4073/1998 4400/4108/1998
f 4397/4107/1998 4388/4078/1997 4390/4131/1997 4399/4132/1998
f 4399/4132/1998 4390/4131/1997 4389/4063/1997 4398/4104/1998
f 4374/4133/1984 4375/4134/1985 4403/4135/2001 4404/4136/1984
f 4373/4137/1983 4374/4133/1984 4404/4136/1984 4405/4138/2002
f 4391/4106/1998 4376/4111/1986 4378/4094/1988 4393/4129/1998
f 4393/4129/1998 4378/4094/1988 4377/4074/1987 4392/4073/1998
f 4355/4139/1971 4373/4137/1983 4405/4138/2002 4395/4140/2000
f 4375/4134/1985 4356/4141/1972 4394/4142/1999 4403/4135/2001
f 4352/4044/1970 4341/4047/1959 4383/4143/1992 4396/4053/1960
f 4365/4127/1979 4366/4144/1980 4385/4145/1994 4386/4146/1995
f 4380/4056/1990 4364/4055/1978 4366/4144/1980 4381/4147/1991
f 4381/4147/1991 4366/4144/1980 4365/4127/1979 4379/4100/1989
f 4376/4116/1986 4380/4056/1990 4381/4147/1991 4378/4148/1988
f 4378/4148/1988 4381/4147/1991 4379/4100/1989 4377/4099/1987
f 4368/4064/1981 4389/4063/1997 4390/4131/1997 4369/4149/1981
f 4369/4149/1981 4390/4131/1997 4388/4078/1997 4367/4077/1981
f 4367/4122/1981 4370/4060/1982 4372/4150/1982 4369/4151/1981
f 4369/4151/1981 4372/4150/1982 4371/4120/1982 4368/4119/1981
f 4341/4126/1959 4365/4127/1979 4386/4146/1995 4383/4152/1992
f 4339/4088/1957 4351/4091/1969 4382/4115/1958 4384/4153/1993
f 4366/4144/1980 4364/4055/1978 4387/4154/1996 4385/4145/1994
f 4364/4055/1978 4339/4058/1957 4384/4155/1993 4387/4154/1996
f 4370/4060/1982 4362/4059/1977 4363/4156/1977 4372/4150/1982
f 4372/4150/1982 4363/4156/1977 4361/4157/1977 4371/4120/1982
f 4337/4158/1955 4344/4121/1962 4371/4120/1982 4361/4157/1977
f 4342/4159/1960 4409/4160/2003 4362/4161/1977 4338/4162/1956
f 4409/4160/2003 4411/4163/2003 4363/4164/1977 4362/4161/1977
f 4411/4163/2003 4413/4165/2003 4361/4166/1977 4363/4164/1977
f 4413/4165/2003 4340/4167/1958 4337/4168/1955 4361/4166/1977
f 4353/4169/1960 4410/4170/2003 4409/4160/2003 4342/4159/1960
f 4410/4170/2003 4412/4171/2003 4411/4163/2003 4409/4160/2003
f 4412/4171/2003 4414/4172/2003 4413/4165/2003 4411/4163/2003
f 4414/4172/2003 4354/4173/1958 4340/4167/1958 4413/4165/2003
f 4356/4174/1972 4375/4175/1985 4410/4170/2003 4353/4169/1960
f 4375/4175/1985 4374/4176/1984 4412/4171/2003 4410/4170/2003
f 4374/4176/1984 4373/4177/1983 4414/4172/2003 4412/4171/2003
f 4373/4177/1983 4355/4178/1971 4354/4173/1958 4414/4172/2003
o Cube.044
v -2.050430 1.456851 0.274002
v -2.593240 1.456851 0.274002
v -2.155567 1.456923 -0.384967
v -2.488102 1.456923 -0.384967
v -2.165566 1.467094 -0.384674
v -2.060428 1.486774 0.274001
v -2.498101 1.467094 -0.384674
v -2.603238 1.486774 0.274001
v -2.462093 1.456851 0.274002
v -2.181576 1.456851 0.274002
v -2.321835 1.456851 0.274002
v -2.462774 1.456923 -0.384967
v -2.180895 1.456923 -0.384967
v -2.321835 1.456923 -0.384967
v -2.191235 1.486459 0.274001
v -2.472431 1.486459 0.274001
v -2.326834 1.493187 0.274001
v -2.190858 1.467094 -0.384674
v -2.472809 1.467094 -0.384674
v -2.326834 1.467094 -0.384674
v -2.092098 1.456880 0.012841
v -2.551572 1.456880 0.012841
v -2.102096 1.478975 0.012956
v -2.561570 1.478975 0.012956
v -2.191086 1.478785 0.012956
v -2.326834 1.482846 0.012956
v -2.472581 1.478785 0.012956
vn 0.9120 0.3510 0.2122
vn -0.8992 -0.3454 0.2685
vn 0.7917 0.4986 -0.3530
vn -0.7100 -0.4256 -0.5610
vn 0.2736 0.9335 -0.2320
vn 0.4385 0.8901 0.1243
vn -0.5141 0.8228 -0.2421
vn -0.5767 0.8066 0.1299
vn -0.0000 -0.0000 1.0000
vn -0.0000 0.0287 -0.9996
vn 0.0185 0.9840 0.1773
vn -0.0171 0.9841 0.1769
vn 0.0013 0.9870 0.1608
vn 0.0064 0.9730 -0.2306
vn -0.0059 0.9730 -0.2306
vn 0.0005 0.9724 -0.2332
vn 0.8863 0.4387 -0.1480
vn -0.8841 -0.4475 -0.1344
vn 0.3553 0.9312 -0.0818
vn -0.5255 0.8433 -0.1128
vn 0.0126 0.9994 -0.0320
vn 0.0009 0.9994 -0.0345
vn -0.0117 0.9994 -0.0320
vt 0.750401 0.680800
vt 0.793042 0.680733
vt 0.793078 0.736554
vt 0.750489 0.718613
vt 0.750356 0.522526
vt 0.793078 0.504912
vt 0.793042 0.560733
vt 0.750401 0.560666
vt 0.793091 0.509179
vt 0.793091 0.565145
vt 0.793114 0.560733
vt 0.793114 0.504912
vt 0.750415 0.526960
vt 0.792393 0.503226
vt 0.685410 0.695954
vt 0.685410 0.685146
vt 0.685418 0.680894
vt 0.685418 0.691687
vt 0.793091 0.684855
vt 0.793091 0.740821
vt 0.793114 0.736554
vt 0.793114 0.680733
vt 0.685410 0.564854
vt 0.685410 0.554046
vt 0.685417 0.549779
vt 0.685417 0.560572
vt 0.793114 0.680733
vt 0.793099 0.622867
vt 0.793091 0.625000
vt 0.793098 0.622867
vt 0.793114 0.560733
vt 0.750415 0.723040
vt 0.685410 0.695954
vt 0.684758 0.693396
vt 0.685453 0.680894
vt 0.685436 0.622867
vt 0.750876 0.622863
vt 0.685435 0.622867
vt 0.685410 0.625000
vt 0.685435 0.622867
vt 0.750872 0.622865
vt 0.685434 0.622865
vt 0.685453 0.560572
vt 0.793832 0.622857
vt 0.750871 0.622855
vt 0.793036 0.560723
vt 0.793036 0.680744
vt 0.750876 0.622858
vt 0.793837 0.622853
vt 0.793774 0.734845
vt 0.685409 0.554046
vt 0.686138 0.551465
vt 0.685453 0.549779
vt 0.685453 0.691687
s 1
usemtl Rusty_metal
f 4439/4179/2024 4429/4180/2014 4420/4181/2009 4437/4182/2022
f 4438/4183/2023 4422/4184/2011 4430/4185/2015 4441/4186/2026
f 4416/4187/2005 4423/4188/2012 4430/4189/2015 4422/4190/2011
f 4436/4191/2021 4416/4187/2005 4422/4192/2011 4438/4183/2023
f 4417/4193/2006 4427/4194/2013 4432/4195/2017 4419/4196/2008
f 4424/4197/2012 4415/4198/2004 4420/4199/2009 4429/4200/2014
f 4426/4201/2013 4418/4202/2007 4421/4203/2010 4433/4204/2018
f 4424/4197/2012 4429/4205/2014 4431/4206/2016 4425/4207/2012
f 4425/4207/2012 4431/4208/2016 4430/4209/2015 4423/4188/2012
f 4435/4210/2020 4417/4211/2006 4419/4212/2008 4437/4182/2022
f 4439/4179/2024 4432/4213/2017 4434/4214/2019 4440/4215/2025
f 4426/4201/2013 4433/4204/2018 4434/4216/2019 4428/4217/2013
f 4428/4217/2013 4434/4218/2019 4432/4195/2017 4427/4194/2013
f 4440/4219/2025 4434/4220/2019 4433/4221/2018 4441/4186/2026
f 4431/4222/2016 4440/4223/2025 4441/4186/2026 4430/4224/2015
f 4429/4225/2014 4439/4179/2024 4440/4226/2025 4431/4227/2016
f 4415/4198/2004 4435/4210/2020 4437/4182/2022 4420/4228/2009
f 4418/4229/2007 4436/4191/2021 4438/4183/2023 4421/4230/2010
f 4421/4231/2010 4438/4183/2023 4441/4186/2026 4433/4221/2018
f 4432/4213/2017 4439/4179/2024 4437/4182/2022 4419/4232/2008
o Cube.045
v -1.966067 0.805438 0.138530
v -1.966067 0.932259 0.138530
v -2.677602 0.805438 0.138531
v -2.677602 0.932259 0.138531
v -2.108551 0.805438 -0.730886
v -1.966067 0.805438 -0.330389
v -2.007799 0.805438 -0.613583
v -1.966067 0.932259 -0.330389
v -2.108551 0.932259 -0.730886
v -2.007799 0.932259 -0.613583
v -2.677602 0.805438 -0.330389
v -2.535119 0.805438 -0.730886
v -2.635870 0.805438 -0.613583
v -2.535119 0.932259 -0.730886
v -2.677602 0.932259 -0.330389
v -2.635870 0.932259 -0.613583
v -2.238003 0.805438 0.138530
v -2.405666 0.805438 0.138530
v -2.405666 0.932259 0.138530
v -2.238003 0.932259 0.138530
v -2.405666 0.805438 -0.750874
v -2.238003 0.805438 -0.750874
v -2.238003 0.932259 -0.750874
v -2.405666 0.932259 -0.750874
v -2.405666 0.805438 -0.613583
v -2.238003 0.805438 -0.613583
v -2.405666 0.805438 -0.330389
v -2.238003 0.805438 -0.330389
v -2.238003 0.932259 -0.613583
v -2.405666 0.932259 -0.613583
v -2.238003 0.932259 -0.330389
v -2.405666 0.932259 -0.330389
v -2.677602 0.805438 -0.202392
v -1.966067 0.805438 -0.202392
v -1.966067 0.932259 -0.202392
v -2.677602 0.932259 -0.202392
v -2.405666 0.932259 -0.202392
v -2.238003 0.932259 -0.202392
v -2.405666 0.805438 -0.202392
v -2.238003 0.805438 -0.202392
v -2.389762 0.685972 -0.214534
v -2.389762 0.685972 -0.318248
v -2.253907 0.685972 -0.318248
v -2.253907 0.685972 -0.214534
vn 0.1215 -0.9916 0.0432
vn 0.1215 0.9916 0.0432
vn -0.1215 -0.9916 0.0432
vn -0.1215 0.9916 0.0432
vn 0.0300 -0.9984 -0.0469
vn 0.1335 -0.9910 -0.0094
vn 0.1061 -0.9936 -0.0377
vn 0.1335 0.9910 -0.0094
vn 0.0300 0.9984 -0.0469
vn 0.1061 0.9936 -0.0377
vn -0.1335 -0.9910 -0.0094
vn -0.0300 -0.9984 -0.0469
vn -0.1061 -0.9936 -0.0377
vn -0.0300 0.9984 -0.0469
vn -0.1335 0.9910 -0.0094
vn -0.1061 0.9936 -0.0377
vn -0.0000 -0.9991 0.0436
vn -0.0000 0.9991 0.0436
vn -0.0034 -0.9990 -0.0443
vn 0.0034 -0.9990 -0.0443
vn 0.0034 0.9990 -0.0443
vn -0.0034 0.9990 -0.0443
vn -0.0000 -1.0000 -0.0000
vn -0.0404 -0.9991 -0.0143
vn 0.0404 -0.9991 -0.0143
vn -0.0000 1.0000 -0.0000
vn -0.1216 -0.9926 -0.0000
vn 0.1216 -0.9926 -0.0000
vn 0.1216 0.9926 -0.0000
vn -0.1216 0.9926 -0.0000
vn -0.0404 -0.9991 0.0143
vn 0.0404 -0.9991 0.0143
vn -0.1194 -0.9919 0.0428
vn -0.1194 -0.9919 -0.0428
vn 0.1194 -0.9919 -0.0428
vn 0.1194 -0.9919 0.0428
vt 0.060354 0.733668
vt 0.083013 0.733668
vt 0.083013 0.868984
vt 0.060354 0.868984
vt 0.882892 -0.183030
vt 0.052692 -0.183030
vt 0.052731 -0.279879
vt 0.882931 -0.279879
vt 0.133147 0.650239
vt 0.133147 0.535689
vt 0.153914 0.585823
vt 0.157452 0.650239
vt 0.882892 -0.376727
vt 0.052692 -0.376727
vt 0.052678 -0.413089
vt 0.882877 -0.413089
vt 0.052682 0.360089
vt 0.882888 0.360089
vt 0.882914 0.440920
vt 0.052707 0.440920
vt 0.052783 -0.496788
vt 0.882983 -0.496788
vt 0.052678 -0.146669
vt 0.882877 -0.146669
vt 0.882983 -0.062970
vt 0.052783 -0.062970
vt 0.052707 -0.062970
vt 0.882914 -0.062970
vt 0.882888 0.017861
vt 0.052682 0.017861
vt 0.052678 0.256231
vt 0.882884 0.256231
vt 0.181757 0.848218
vt 0.181757 0.733668
vt 0.231891 0.733668
vt 0.231891 0.868984
vt 0.254550 0.514922
vt 0.254550 0.650239
vt 0.231891 0.650239
vt 0.231891 0.514922
vt 0.133147 0.848218
vt 0.133147 0.733668
vt 0.157452 0.733668
vt 0.153914 0.798084
vt 0.060354 0.514922
vt 0.083013 0.514922
vt 0.083013 0.650239
vt 0.060354 0.650239
vt 0.157452 0.650239
vt 0.160991 0.585823
vt 0.181757 0.535689
vt 0.181757 0.650239
vt 0.882884 0.659089
vt 0.052678 0.659089
vt 0.052678 0.440920
vt 0.882884 0.440920
vt 0.882884 0.121718
vt 0.052678 0.121719
vt 0.160991 0.798084
vt 0.157452 0.733668
vt 0.254550 0.733668
vt 0.254550 0.868984
vt 0.000000 0.733668
vt 0.000000 0.650239
vt 0.935660 0.000000
vt 0.958213 -0.000000
vt 0.955502 0.485086
vt 0.937229 0.485086
vt 0.882884 1.011772
vt 0.052678 1.011772
vt 0.052678 0.793602
vt 0.882884 0.793602
vt 0.314904 0.733668
vt 0.314904 0.650239
vt 0.314904 0.868984
vt 0.000000 0.514922
vt 0.314904 0.514922
vt 0.882931 -0.279879
vt 0.052731 -0.279879
vt 0.000000 0.868984
vt 0.333265 0.582524
vt 0.314904 0.582524
vt 0.314904 0.514922
vt 0.333265 0.514922
vt 0.935660 0.485086
vt 0.958213 0.485086
vt 0.956644 0.970171
vt 0.938371 0.970171
vt 0.437491 0.514941
vt 0.520921 0.514941
vt 0.513007 0.999999
vt 0.445405 0.999999
vt 0.354062 0.514941
vt 0.437491 0.514941
vt 0.429577 1.000000
vt 0.361976 1.000000
s 1
usemtl Rusty_metal
f 4478/4233/2052 4473/4234/2052 4456/4235/2041 4477/4236/2056
f 4475/4237/2054 4476/4238/2055 4443/4239/2028 4442/4240/2027
f 4470/4241/2052 4451/4242/2036 4450/4243/2035 4464/4244/2047
f 4474/4245/2053 4477/4246/2056 4456/4247/2041 4452/4248/2037
f 4455/4249/2040 4453/4250/2038 4454/4251/2039 4457/4252/2042
f 4457/4253/2042 4454/4254/2039 4452/4248/2037 4456/4247/2041
f 4449/4255/2034 4447/4256/2032 4448/4257/2033 4451/4258/2036
f 4451/4259/2036 4448/4260/2033 4446/4261/2031 4450/4262/2035
f 4453/4250/2038 4455/4249/2040 4465/4263/2048 4462/4264/2045
f 4454/4265/2039 4466/4266/2049 4468/4267/2050 4452/4268/2037
f 4475/4269/2054 4481/4270/2058 4469/4271/2051 4447/4272/2032
f 4457/4273/2042 4471/4274/2052 4465/4275/2048 4455/4276/2040
f 4456/4235/2041 4473/4234/2052 4471/4274/2052 4457/4273/2042
f 4476/4277/2055 4449/4278/2034 4472/4279/2052 4479/4280/2052
f 4463/4281/2046 4446/4282/2031 4448/4283/2033 4467/4284/2049
f 4467/4284/2049 4448/4283/2033 4447/4272/2032 4469/4271/2051
f 4459/4285/2043 4460/4286/2044 4445/4287/2030 4444/4288/2029
f 4472/4279/2052 4449/4278/2034 4451/4242/2036 4470/4241/2052
f 4463/4289/2046 4464/4290/2047 4450/4262/2035 4446/4261/2031
f 4453/4291/2038 4462/4292/2045 4466/4266/2049 4454/4265/2039
f 4480/4293/2057 4474/4294/2053 4452/4268/2037 4468/4267/2050
f 4478/4233/2052 4460/4295/2044 4461/4296/2044 4479/4280/2052
f 4472/4279/2052 4470/4241/2052 4471/4274/2052 4473/4234/2052
f 4470/4241/2052 4464/4244/2047 4465/4275/2048 4471/4274/2052
f 4469/4297/2051 4481/4298/2058 4485/4299/2062 4484/4300/2061
f 4467/4284/2049 4469/4271/2051 4468/4267/2050 4466/4266/2049
f 4463/4281/2046 4467/4284/2049 4466/4266/2049 4462/4292/2045
f 4464/4290/2047 4463/4289/2046 4462/4264/2045 4465/4263/2048
f 4442/4301/2027 4443/4302/2028 4461/4303/2044 4458/4304/2043
f 4460/4286/2044 4459/4285/2043 4458/4304/2043 4461/4303/2044
f 4459/4305/2043 4480/4293/2057 4481/4270/2058 4458/4306/2043
f 4473/4234/2052 4478/4233/2052 4479/4280/2052 4472/4279/2052
f 4459/4305/2043 4444/4307/2029 4474/4294/2053 4480/4293/2057
f 4443/4308/2028 4476/4277/2055 4479/4280/2052 4461/4296/2044
f 4442/4309/2027 4458/4306/2043 4481/4270/2058 4475/4269/2054
f 4444/4310/2029 4445/4311/2030 4477/4246/2056 4474/4245/2053
f 4447/4256/2032 4449/4255/2034 4476/4238/2055 4475/4237/2054
f 4460/4295/2044 4478/4233/2052 4477/4236/2056 4445/4312/2030
f 4482/4313/2059 4483/4314/2060 4484/4315/2061 4485/4316/2062
f 4480/4317/2057 4468/4318/2050 4483/4319/2060 4482/4320/2059
f 4468/4321/2050 4469/4322/2051 4484/4323/2061 4483/4324/2060
f 4481/4325/2058 4480/4326/2057 4482/4327/2059 4485/4328/2062
o Cube.046
v -2.050683 1.267594 0.713980
v -2.592986 1.267594 0.713980
v -2.050683 1.112968 0.713980
v -2.050683 1.267594 -0.458272
v -2.592986 1.267594 -0.458272
v -2.592986 0.931516 -0.458272
v -2.050683 0.931516 -0.458272
v -2.050683 1.114079 -0.458272
v -2.050683 1.112968 0.111705
v -2.592986 1.112968 0.713980
v -2.592986 1.112968 0.111705
v -2.592986 1.267594 0.111705
v -2.050683 1.267594 0.111705
v -2.592986 0.931516 0.111705
v -2.050683 0.931516 0.111705
v -2.592986 1.114079 -0.458272
v -2.201192 1.267594 -0.565504
v -2.421571 1.267594 -0.565504
v -2.311382 1.267594 -0.565504
v -2.432024 1.267594 0.713980
v -2.211645 1.267594 0.713980
v -2.321835 1.267594 0.713980
v -2.432024 1.112968 0.111705
v -2.211645 1.112968 0.111705
v -2.321835 1.112968 0.111705
v -2.201192 1.114079 -0.565504
v -2.421571 1.114079 -0.565504
v -2.311382 1.114079 -0.565504
v -2.211645 1.112968 0.713980
v -2.432024 1.112968 0.713980
v -2.321835 1.112968 0.713980
v -2.201192 0.931516 -0.565504
v -2.421571 0.931516 -0.565504
v -2.311382 0.931516 -0.565504
v -2.211645 0.931516 0.111705
v -2.432024 0.931516 0.111705
v -2.321835 0.931516 0.111705
vn 0.9324 -0.0000 0.3614
vn -0.9324 -0.0000 0.3614
vn 0.4580 -0.8710 0.1775
vn 0.9591 -0.0000 -0.2830
vn -0.9565 -0.0000 -0.2916
vn -0.4860 -0.8613 -0.1482
vn 0.4889 -0.8603 -0.1443
vn 0.8396 -0.5322 0.1085
vn -0.4580 -0.8710 0.1775
vn -0.8396 -0.5322 0.1085
vn -1.0000 -0.0000 -0.0000
vn 1.0000 -0.0000 -0.0000
vn 0.3301 -0.0000 -0.9440
vn -0.2946 -0.0000 -0.9556
vn -0.0000 -0.0000 -1.0000
vn -0.0000 -0.0000 1.0000
vn -0.0000 -0.9799 0.1997
vn 0.0746 -0.9741 -0.2132
vn -0.0654 -0.9751 -0.2120
vn -0.0000 -0.9799 -0.1997
vt 0.584603 0.000000
vt 0.751090 0.000000
vt 0.751090 0.220019
vt 0.584603 0.221611
vt 0.408681 0.000000
vt 0.408681 0.221611
vt 0.751090 0.481670
vt 0.584603 0.481670
vt 1.000000 0.481670
vt 1.000000 0.602975
vt 0.824079 0.602975
vt 0.824079 0.481670
vt 0.782412 0.408694
vt 0.751090 0.279511
vt 0.948899 0.287389
vt 0.948899 0.408694
vt 0.000000 0.481670
vt 0.166487 0.481670
vt 0.166487 0.703281
vt 0.000000 0.701689
vt 0.751090 0.113427
vt 0.782412 0.000000
vt 0.948899 0.000000
vt 0.948899 0.121305
vt 1.000000 0.769059
vt 1.000000 0.890364
vt 0.824079 0.890364
vt 0.824079 0.769059
vt 0.602468 0.890364
vt 0.342409 0.890364
vt 0.342409 0.769059
vt 0.602468 0.769059
vt 0.000000 0.000000
vt 0.128935 0.000000
vt 0.128935 0.220019
vt 0.000000 0.220019
vt 0.166487 0.963340
vt 0.000000 0.963340
vt 0.342409 0.481670
vt 0.342409 0.703281
vt 0.602468 0.890364
vt 0.602468 0.769059
vt 0.824079 0.769059
vt 0.824079 0.890364
vt 0.128935 0.481670
vt 0.602468 0.602975
vt 0.602468 0.481670
vt 0.824079 0.481670
vt 0.295014 0.220019
vt 0.408681 0.220019
vt 0.408681 0.481670
vt 0.295014 0.481670
vt 0.602468 0.602975
vt 0.342409 0.602975
vt 0.602468 0.481670
vt 0.295014 0.000000
vt 0.211975 0.220019
vt 0.211975 0.000000
vt 0.824079 0.686017
vt 1.000000 0.686017
vt 0.602468 0.686017
vt 0.211975 0.481670
vt 0.948899 0.204347
vt 0.751090 0.196469
vt 0.342409 0.686017
vt 0.408681 0.000000
s 1
usemtl Rusty_metal
f 4497/4329/2073 4490/4330/2067 4501/4331/2067 4496/4332/2072
f 4487/4333/2064 4497/4329/2073 4496/4332/2072 4495/4334/2071
f 4496/4332/2072 4501/4331/2067 4491/4335/2068 4499/4336/2071
f 4488/4337/2065 4514/4338/2079 4509/4339/2079 4494/4340/2070
f 4491/4341/2068 4518/4342/2081 4521/4343/2079 4499/4344/2071
f 4489/4345/2066 4498/4346/2074 4494/4347/2070 4493/4348/2066
f 4517/4349/2080 4492/4350/2069 4500/4351/2065 4520/4352/2079
f 4515/4353/2079 4495/4354/2071 4496/4355/2072 4508/4356/2079
f 4500/4357/2065 4494/4358/2070 4509/4359/2079 4520/4360/2079
f 4490/4361/2067 4503/4362/2076 4512/4363/2076 4501/4364/2067
f 4493/4348/2066 4494/4347/2070 4500/4365/2065 4492/4366/2069
f 4486/4367/2063 4488/4368/2065 4494/4347/2070 4498/4346/2074
f 4486/4369/2063 4506/4370/2078 4514/4371/2079 4488/4372/2065
f 4501/4364/2067 4512/4363/2076 4518/4373/2081 4491/4345/2068
f 4505/4374/2078 4487/4375/2064 4495/4376/2071 4515/4339/2079
f 4511/4377/2075 4493/4378/2066 4492/4379/2069 4517/4380/2080
f 4521/4381/2079 4508/4382/2079 4496/4367/2072 4499/4383/2071
f 4502/4384/2075 4511/4377/2075 4513/4385/2077 4504/4386/2077
f 4504/4386/2077 4513/4385/2077 4512/4363/2076 4503/4362/2076
f 4515/4353/2079 4508/4356/2079 4510/4387/2079 4516/4388/2079
f 4516/4388/2079 4510/4387/2079 4509/4339/2079 4514/4338/2079
f 4505/4374/2078 4515/4339/2079 4516/4387/2079 4507/4389/2078
f 4507/4389/2078 4516/4387/2079 4514/4371/2079 4506/4370/2078
f 4511/4377/2075 4517/4380/2080 4519/4390/2082 4513/4385/2077
f 4513/4385/2077 4519/4390/2082 4518/4373/2081 4512/4363/2076
f 4517/4349/2080 4520/4352/2079 4522/4391/2079 4519/4392/2082
f 4519/4392/2082 4522/4391/2079 4521/4343/2079 4518/4342/2081
f 4508/4382/2079 4521/4381/2079 4522/4389/2079 4510/4393/2079
f 4510/4393/2079 4522/4389/2079 4520/4360/2079 4509/4359/2079
f 4502/4384/2075 4489/4394/2066 4493/4378/2066 4511/4377/2075
o Cube.048
v -2.100171 0.980123 1.622089
v -2.100171 1.086175 1.622089
v -2.543498 0.980123 1.622089
v -2.543498 1.086175 1.622089
v -2.133714 0.980123 1.245848
v -2.133714 1.086175 1.245848
v -2.509955 0.980123 1.245848
v -2.509955 1.086175 1.245848
v -2.532189 0.980123 1.433968
v -2.532189 1.086175 1.433968
v -2.111480 0.980123 1.433968
v -2.111480 1.086175 1.433968
v -2.527366 0.983982 1.684110
v -2.116303 0.983982 1.684110
v -2.116303 1.082316 1.684110
v -2.527366 1.082316 1.684110
v -2.137817 1.530901 1.627355
v -2.505852 1.530901 1.627355
v -2.151209 1.527697 1.678844
v -2.492460 1.527697 1.678844
v -2.526991 1.305007 1.681477
v -2.543093 1.308538 1.624722
v -2.100576 1.308538 1.624722
v -2.116678 1.305007 1.681477
v -2.321835 0.980123 1.622089
v -2.321835 1.086175 1.622089
v -2.321835 0.980123 1.197743
v -2.321835 1.086175 1.197743
v -2.321835 1.086175 1.433968
v -2.321835 0.980123 1.433968
v -2.321835 0.983982 1.684110
v -2.321835 1.082316 1.684110
v -2.321835 1.569377 1.627355
v -2.321835 1.566173 1.678844
v -2.321835 1.305007 1.681477
v -2.321835 1.308538 1.624722
vn 0.2783 -0.9591 0.0514
vn 0.6451 0.7546 -0.1201
vn -0.2783 -0.9591 0.0514
vn -0.6451 0.7546 -0.1201
vn 0.2652 -0.9358 -0.2321
vn 0.2652 0.9358 -0.2321
vn -0.2652 -0.9358 -0.2321
vn -0.2652 0.9358 -0.2321
vn -0.2748 -0.9612 -0.0245
vn -0.2748 0.9612 -0.0245
vn 0.2748 -0.9612 -0.0245
vn 0.2748 0.9612 -0.0245
vn -0.2475 -0.9049 0.3462
vn 0.2475 -0.9049 0.3462
vn 0.6096 0.0042 0.7927
vn -0.6096 0.0042 0.7927
vn 0.4350 0.8498 -0.2978
vn -0.4350 0.8498 -0.2978
vn 0.4239 0.7530 0.5033
vn -0.4239 0.7530 0.5033
vn -0.6103 0.0504 0.7905
vn -0.7976 0.0823 -0.5975
vn 0.7976 0.0823 -0.5975
vn 0.6103 0.0504 0.7905
vn -0.0000 -0.9995 0.0307
vn -0.0000 0.9627 -0.2705
vn -0.0000 -0.9511 -0.3090
vn -0.0000 0.9511 -0.3090
vn -0.0000 1.0000 -0.0000
vn -0.0000 -1.0000 -0.0000
vn -0.0000 -0.9436 0.3311
vn -0.0000 0.0059 1.0000
vn -0.0000 0.9894 -0.1450
vn -0.0000 0.9623 0.2720
vn -0.0000 0.0114 0.9999
vn -0.0000 0.0114 -0.9999
vt 0.637925 0.531225
vt 0.637925 0.746939
vt 0.601183 0.739089
vt 0.601183 0.539074
vt 0.648849 0.111327
vt 0.864563 0.111327
vt 0.864563 0.219935
vt 0.648849 0.219935
vt 0.601183 0.531225
vt 0.601183 0.746939
vt 0.489855 0.746939
vt 0.489855 0.531225
vt 0.648849 0.328543
vt 0.864563 0.328543
vt 0.864563 0.436594
vt 0.648849 0.436594
vt 0.648849 0.780325
vt 0.784286 0.780325
vt 0.756706 0.888182
vt 0.648849 0.900929
vt 0.991651 0.361813
vt 0.991651 0.469670
vt 0.864563 0.469670
vt 0.871047 0.361813
vt 1.000000 0.120604
vt 0.864563 0.120604
vt 0.864563 0.000000
vt 0.972420 0.012747
vt 0.991651 0.469670
vt 0.991651 0.577527
vt 0.871047 0.577527
vt 0.648849 0.219935
vt 0.864563 0.219935
vt 0.648849 0.328543
vt 0.648849 0.436594
vt 0.864563 0.436594
vt 0.864563 0.544646
vt 0.648849 0.544646
vt 0.648849 0.662485
vt 0.848864 0.662485
vt 0.848864 0.780325
vt 0.648849 0.780325
vt 0.124505 0.512547
vt 0.117624 0.478660
vt 0.571020 0.478660
vt 0.577294 0.509213
vt 0.991651 0.829657
vt 0.864563 0.829657
vt 0.873812 0.793241
vt 0.991651 0.793241
vt 0.601183 0.962653
vt 0.601183 0.746939
vt 0.637925 0.754788
vt 0.637925 0.954803
vt 0.780211 0.963154
vt 0.648849 0.963154
vt 0.651055 0.932042
vt 0.776329 0.933174
vt 0.117624 0.244480
vt 0.117624 0.117624
vt 0.569921 0.138976
vt 0.648183 0.244480
vt 0.117624 0.478660
vt 0.124505 0.444773
vt 0.577294 0.448107
vt 0.571020 0.478660
vt 0.117624 0.117624
vt 0.117624 0.000000
vt 0.570588 0.019798
vt 0.648849 0.117624
vt 0.117839 0.531225
vt 0.235679 0.531225
vt 0.235463 0.984188
vt 0.117839 0.984188
vt 0.117624 0.444773
vt 0.125588 0.408055
vt 0.577875 0.410971
vt 0.570588 0.444773
vt 0.362767 0.531225
vt 0.362767 0.983522
vt 0.235911 0.983522
vt 0.235679 0.531225
vt 0.125588 0.408055
vt 0.117624 0.371337
vt 0.570588 0.371337
vt 0.577875 0.405139
vt 0.489623 0.983522
vt 0.362767 0.983522
vt 0.362767 0.531225
vt 0.000000 0.531225
vt 0.117839 0.531281
vt 0.117624 0.984244
vt 0.000000 0.984188
vt -0.000000 0.000000
vt 0.117624 0.000000
vt 0.117624 0.531225
vt 0.019798 0.452964
vt 0.117624 0.371337
vt 0.117624 0.244481
vt 0.648182 0.244480
vt 0.569921 0.349985
vt 0.780211 0.932042
vt 0.648849 0.932042
vt 0.652731 0.902061
vt 0.778005 0.900929
vt 0.864563 0.829657
vt 0.991651 0.829657
vt 0.991651 0.866072
vt 0.873812 0.866072
vt 0.648849 0.544646
vt 0.848864 0.544646
vt 0.848864 0.662485
vt 0.648849 0.662485
vt 0.864563 0.685384
vt 0.871047 0.577527
vt 0.991651 0.577527
vt 0.991651 0.685384
vt 0.972420 0.228461
vt 0.864563 0.241209
vt 0.864563 0.120604
vt 1.000000 0.120604
vt 0.871047 0.793241
vt 0.991651 0.793241
vt 1.000000 0.361813
vt 0.892143 0.349066
vt 0.864563 0.241209
vt 1.000000 0.241209
vt 0.648849 0.000000
vt 0.864563 0.000000
vt 0.864563 0.111327
vt 0.648849 0.111327
s 1
usemtl Leather_Fabric_-_Black_70
f 4523/4395/2083 4524/4396/2084 4537/4397/2097 4536/4398/2096
f 4531/4399/2091 4532/4400/2092 4530/4401/2090 4529/4402/2089
f 4549/4403/2109 4550/4404/2110 4528/4405/2088 4527/4406/2087
f 4533/4407/2093 4534/4408/2094 4524/4409/2084 4523/4410/2083
f 4552/4411/2112 4549/4412/2109 4527/4413/2087 4533/4414/2093
f 4551/4415/2111 4548/4416/2108 4524/4417/2084 4534/4418/2094
f 4550/4419/2110 4551/4420/2111 4534/4421/2094 4528/4422/2088
f 4547/4423/2107 4552/4424/2112 4533/4425/2093 4523/4417/2083
f 4527/4426/2087 4528/4427/2088 4534/4408/2094 4533/4428/2093
f 4525/4429/2085 4526/4430/2086 4532/4431/2092 4531/4432/2091
f 4553/4433/2113 4554/4434/2114 4538/4435/2098 4535/4436/2095
f 4544/4437/2104 4543/4438/2103 4542/4439/2102 4540/4440/2100
f 4547/4441/2107 4523/4442/2083 4536/4443/2096 4553/4444/2113
f 4526/4445/2086 4525/4446/2085 4535/4447/2095 4538/4448/2098
f 4555/4449/2115 4540/4450/2100 4542/4451/2102 4556/4452/2116
f 4558/4453/2118 4544/4454/2104 4540/4455/2100 4555/4456/2115
f 4546/4457/2106 4545/4458/2105 4539/4459/2099 4541/4460/2101
f 4557/4461/2117 4546/4462/2106 4541/4463/2101 4556/4464/2116
f 4554/4465/2114 4537/4466/2097 4546/4467/2106 4557/4468/2117
f 4537/4469/2097 4524/4470/2084 4545/4471/2105 4546/4472/2106
f 4548/4473/2108 4558/4474/2118 4545/4475/2105 4524/4476/2084
f 4526/4477/2086 4538/4478/2098 4543/4479/2103 4544/4480/2104
f 4526/4406/2086 4544/4481/2104 4558/4482/2118 4548/4483/2108
f 4538/4484/2098 4554/4485/2114 4557/4486/2117 4543/4487/2103
f 4543/4488/2103 4557/4489/2117 4556/4490/2116 4542/4491/2102
f 4545/4492/2105 4558/4493/2118 4555/4494/2115 4539/4495/2099
f 4539/4496/2099 4555/4497/2115 4556/4498/2116 4541/4499/2101
f 4525/4500/2085 4547/4501/2107 4553/4502/2113 4535/4503/2095
f 4536/4504/2096 4537/4505/2097 4554/4506/2114 4553/4507/2113
f 4525/4508/2085 4531/4509/2091 4552/4510/2112 4547/4511/2107
f 4530/4512/2090 4532/4513/2092 4551/4514/2111 4550/4515/2110
f 4532/4516/2092 4526/4508/2086 4548/4511/2108 4551/4517/2111
f 4531/4518/2091 4529/4519/2089 4549/4520/2109 4552/4521/2112
f 4529/4522/2089 4530/4523/2090 4550/4524/2110 4549/4525/2109
o Torus.004
v -2.324334 1.504272 1.003152
v -2.324334 1.505631 0.995445
v -2.324334 1.512052 0.991690
v -2.324334 1.518407 0.993569
v -2.324334 1.521580 0.998443
v -2.324334 1.521314 1.004252
v -2.324334 1.516787 1.009092
v -2.324334 1.509349 1.009108
v -2.395461 1.522662 0.998148
v -2.393794 1.523590 0.990559
v -2.390203 1.529082 0.987056
v -2.387384 1.534708 0.989134
v -2.386493 1.537651 0.994070
v -2.387384 1.537615 0.999817
v -2.390203 1.533817 1.004459
v -2.393794 1.527307 1.004221
v -2.447530 1.572904 0.984479
v -2.444642 1.572654 0.977210
v -2.438423 1.575610 0.974397
v -2.433539 1.579245 0.977016
v -2.431996 1.581558 0.982124
v -2.433539 1.582152 0.987700
v -2.438423 1.580345 0.991799
v -2.444642 1.576372 0.990872
v -2.466588 1.641536 0.965806
v -2.463253 1.639678 0.958974
v -2.456072 1.639169 0.957104
v -2.450433 1.640083 0.960464
v -2.448652 1.641536 0.965806
v -2.450433 1.642990 0.971147
v -2.456072 1.643904 0.974507
v -2.463253 1.643395 0.972637
v -2.447530 1.710168 0.947132
v -2.444642 1.706701 0.940739
v -2.438423 1.702727 0.939812
v -2.433539 1.700921 0.943911
v -2.431996 1.701515 0.949487
v -2.433539 1.703828 0.954595
v -2.438423 1.707462 0.957214
v -2.444642 1.710418 0.954402
v -2.395461 1.760410 0.933463
v -2.393794 1.755765 0.927390
v -2.390203 1.749255 0.927153
v -2.387384 1.745457 0.931794
v -2.386493 1.745422 0.937541
v -2.387384 1.748364 0.942477
v -2.390203 1.753990 0.944555
v -2.393794 1.759482 0.941052
v -2.324334 1.778800 0.928459
v -2.324334 1.773724 0.922503
v -2.324334 1.766286 0.922519
v -2.324334 1.761759 0.927359
v -2.324334 1.761493 0.933168
v -2.324334 1.764665 0.938042
v -2.324334 1.771021 0.939921
v -2.324334 1.777441 0.936166
v -2.253207 1.760410 0.933463
v -2.254875 1.755765 0.927390
v -2.258465 1.749256 0.927153
v -2.261285 1.745457 0.931794
v -2.262176 1.745422 0.937541
v -2.261285 1.748364 0.942477
v -2.258465 1.753990 0.944555
v -2.254875 1.759482 0.941052
v -2.201139 1.710168 0.947132
v -2.204027 1.706701 0.940739
v -2.210246 1.702727 0.939812
v -2.215129 1.700921 0.943911
v -2.216672 1.701515 0.949487
v -2.215129 1.703828 0.954595
v -2.210246 1.707462 0.957214
v -2.204027 1.710418 0.954401
v -2.182080 1.641536 0.965806
v -2.185415 1.639678 0.958974
v -2.192596 1.639169 0.957104
v -2.198235 1.640083 0.960464
v -2.200017 1.641536 0.965806
v -2.198235 1.642990 0.971147
v -2.192596 1.643904 0.974507
v -2.185415 1.643395 0.972637
v -2.201139 1.572904 0.984479
v -2.204027 1.572654 0.977210
v -2.210246 1.575610 0.974397
v -2.215129 1.579245 0.977016
v -2.216672 1.581558 0.982124
v -2.215129 1.582152 0.987700
v -2.210246 1.580345 0.991799
v -2.204027 1.576372 0.990872
v -2.253207 1.522662 0.998148
v -2.254874 1.523590 0.990559
v -2.258465 1.529082 0.987056
v -2.261285 1.534708 0.989134
v -2.262175 1.537651 0.994070
v -2.261285 1.537615 0.999817
v -2.258465 1.533817 1.004459
v -2.254874 1.527307 1.004221
v -2.324334 1.588038 0.974356
v -2.324334 1.590397 0.980147
v -2.351088 1.594955 0.972474
v -2.350710 1.597217 0.978292
v -2.370673 1.613853 0.967332
v -2.370018 1.615848 0.973222
v -2.377842 1.639669 0.960309
v -2.377086 1.641298 0.966298
v -2.370673 1.665484 0.953285
v -2.370018 1.666749 0.959373
v -2.351088 1.684382 0.948143
v -2.350710 1.685380 0.954304
v -2.324334 1.691300 0.946261
v -2.324334 1.692200 0.952449
v -2.297580 1.684382 0.948143
v -2.297958 1.685380 0.954304
v -2.277995 1.665484 0.953285
v -2.278650 1.666749 0.959373
v -2.270827 1.639669 0.960309
v -2.271582 1.641298 0.966298
v -2.277995 1.613853 0.967332
v -2.278650 1.615848 0.973222
v -2.297580 1.594955 0.972474
v -2.297958 1.597217 0.978292
v -2.351572 1.640466 0.966524
v -2.325197 1.615016 0.973449
v -2.323472 1.667581 0.959147
v -2.297096 1.642130 0.966071
v -2.351963 1.638825 0.960538
v -2.325209 1.613010 0.967562
v -2.323460 1.666328 0.953055
v -2.296706 1.640513 0.960079
v -2.268809 1.704582 0.946781
v -2.258180 1.694326 0.949571
v -2.257820 1.694021 0.947658
v -2.268601 1.704425 0.944828
v -2.312299 1.557032 0.984545
v -2.291467 1.562418 0.983080
v -2.291762 1.563625 0.985574
v -2.312299 1.558315 0.987019
vn -0.0000 -0.9848 -0.1737
vn -0.4523 -0.8679 -0.2055
vn -0.0000 -0.5048 -0.8632
vn -0.1303 -0.4712 -0.8724
vn -0.0000 0.2835 -0.9590
vn 0.2627 0.2156 -0.9405
vn 0.2472 0.8121 -0.5286
vn 0.4760 0.7150 -0.5120
vn -0.0000 0.9990 0.0457
vn 0.4760 0.8759 0.0792
vn -0.0000 0.7303 0.6831
vn 0.2627 0.6624 0.7016
vn -0.0000 0.0021 1.0000
vn -0.1303 0.0358 0.9908
vn -0.0000 -0.7611 0.6487
vn -0.4523 -0.6441 0.6168
vn -0.7835 -0.5483 -0.2924
vn -0.2256 -0.3792 -0.8974
vn 0.4550 0.0301 -0.8900
vn 0.8244 0.3788 -0.4206
vn 0.8244 0.5397 0.1707
vn 0.4550 0.4768 0.7521
vn -0.2256 0.1278 0.9658
vn -0.7835 -0.3246 0.5299
vn -0.9047 -0.1119 -0.4112
vn -0.2605 -0.2535 -0.9316
vn 0.5253 -0.2234 -0.8210
vn 0.9519 -0.0804 -0.2956
vn 0.9519 0.0804 0.2956
vn 0.5253 0.2234 0.8210
vn -0.2605 0.2535 0.9316
vn -0.9047 0.1119 0.4112
vn -0.7835 0.3246 -0.5299
vn -0.2256 -0.1278 -0.9658
vn 0.4550 -0.4768 -0.7521
vn 0.8244 -0.5397 -0.1707
vn 0.8244 -0.3788 0.4206
vn 0.4550 -0.0301 0.8900
vn -0.2256 0.3792 0.8974
vn -0.7835 0.5483 0.2924
vn -0.4523 0.6441 -0.6168
vn -0.1303 -0.0358 -0.9908
vn 0.2627 -0.6624 -0.7016
vn 0.4760 -0.8759 -0.0792
vn 0.4760 -0.7150 0.5120
vn 0.2627 -0.2156 0.9405
vn -0.1303 0.4712 0.8724
vn -0.4523 0.8679 0.2055
vn -0.0000 0.7611 -0.6487
vn -0.0000 -0.0021 -1.0000
vn -0.0000 -0.7303 -0.6831
vn -0.0000 -0.9990 -0.0457
vn -0.0000 -0.8381 0.5455
vn -0.0000 -0.2835 0.9590
vn -0.0000 0.5048 0.8632
vn -0.0000 0.9848 0.1737
vn 0.4523 0.6441 -0.6168
vn 0.1303 -0.0358 -0.9908
vn -0.2627 -0.6624 -0.7016
vn -0.2192 -0.5975 -0.7713
vn -0.2472 -0.9680 -0.0443
vn -0.4760 -0.7150 0.5120
vn -0.2627 -0.2156 0.9405
vn 0.1303 0.4712 0.8724
vn 0.4523 0.8679 0.2055
vn 0.7835 0.3246 -0.5299
vn 0.2256 -0.1278 -0.9658
vn -0.4550 -0.4768 -0.7521
vn -0.3734 -0.4479 -0.8124
vn -0.8244 -0.3788 0.4206
vn -0.4550 -0.0301 0.8900
vn 0.2256 0.3792 0.8974
vn 0.7835 0.5483 0.2924
vn 0.9047 -0.1119 -0.4112
vn 0.2605 -0.2535 -0.9316
vn -0.5253 -0.2234 -0.8210
vn -0.9224 -0.3164 -0.2216
vn -0.9519 -0.0804 -0.2956
vn -0.9519 0.0804 0.2956
vn -0.5253 0.2234 0.8210
vn 0.2605 0.2535 0.9316
vn 0.9047 0.1119 0.4112
vn 0.7835 -0.5483 -0.2924
vn 0.2256 -0.3792 -0.8974
vn -0.4550 0.0301 -0.8900
vn -0.8244 0.3788 -0.4206
vn -0.8244 0.5397 0.1707
vn -0.4550 0.4768 0.7521
vn 0.2256 0.1278 0.9658
vn 0.7835 -0.3246 0.5299
vn 0.4523 -0.8679 -0.2055
vn 0.1303 -0.4712 -0.8724
vn -0.2627 0.2156 -0.9405
vn -0.6752 0.5736 -0.4637
vn -0.4760 0.8759 0.0792
vn -0.2627 0.6624 0.7016
vn 0.1303 0.0358 0.9908
vn 0.4523 -0.6441 0.6168
vn -0.0004 -0.2612 -0.9653
vn -0.0004 -0.2611 -0.9653
vn -0.0105 -0.2244 -0.9744
vn -0.2570 -0.8950 0.3646
vn -0.4963 -0.7978 0.3424
vn -0.8597 -0.4472 0.2470
vn -0.9927 0.0317 0.1167
vn -0.8597 0.5107 -0.0136
vn -0.4963 0.8613 -0.1090
vn -0.0000 0.9896 -0.1439
vn 0.2570 0.9563 -0.1391
vn 0.9593 0.2787 0.0453
vn 0.9927 0.0317 0.1167
vn 0.8597 -0.4472 0.2470
vn 0.7023 -0.6470 0.2971
vn -0.0000 0.2625 0.9649
vn 0.0155 0.2775 0.9606
vn 0.0048 0.2452 0.9695
vn 0.0048 0.2451 0.9695
vn -0.0000 -0.2625 -0.9649
vn 0.0146 -0.2484 -0.9685
vn 0.0145 -0.2484 -0.9685
vn 0.0046 -0.2790 -0.9603
vn 0.0046 -0.2789 -0.9603
vn -0.0010 0.2615 0.9652
vn -0.0009 0.2616 0.9652
vn -0.0372 0.2263 0.9734
vn 0.1700 -0.9724 0.1599
vn -0.0012 -0.2637 -0.9646
vn -0.0013 -0.2638 -0.9646
vn -0.9815 0.1286 -0.1421
vn -0.5725 0.8049 -0.1560
vn 0.8184 -0.5354 0.2088
vn 0.6788 0.6819 -0.2725
vn -0.0001 0.2629 0.9648
vn -0.0001 0.2628 0.9649
vn -0.0105 0.3001 0.9539
vn -0.9522 0.2612 -0.1584
vn -0.9371 -0.3194 0.1408
vn 0.9830 0.1837 0.0028
vt 0.504433 0.629547
vt 0.579398 0.617957
vt 0.579051 0.656032
vt 0.505302 0.667350
vt 0.501325 0.707141
vt 0.582979 0.703078
vt 0.582371 0.738922
vt 0.502175 0.742775
vt 0.499374 0.768367
vt 0.585712 0.773988
vt 0.585018 0.805794
vt 0.499806 0.800414
vt 0.493735 0.853290
vt 0.591079 0.863534
vt 0.590421 0.891680
vt 0.493856 0.881581
vt 0.490947 -0.035397
vt 0.593115 -0.024889
vt 0.593213 0.003405
vt 0.490217 -0.007255
vt 0.495155 0.116256
vt 0.588195 0.122833
vt 0.588740 0.154907
vt 0.494188 0.148036
vt 0.503918 0.315098
vt 0.579476 0.312681
vt 0.580050 0.348354
vt 0.503482 0.350903
vt 0.506803 0.500502
vt 0.576730 0.489825
vt 0.577538 0.527636
vt 0.506447 0.538569
vt 0.588312 0.617389
vt 0.662511 0.585966
vt 0.662738 0.624298
vt 0.589548 0.654985
vt 0.585929 0.700601
vt 0.666280 0.690055
vt 0.666059 0.726193
vt 0.586763 0.736194
vt 0.583843 0.771612
vt 0.670489 0.787426
vt 0.669824 0.819101
vt 0.583885 0.803964
vt 0.578080 0.862898
vt 0.675470 0.891036
vt 0.674476 0.919065
vt 0.577644 0.891325
vt 0.574966 -0.024533
vt 0.676329 0.004027
vt 0.675739 0.032459
vt 0.573789 0.003489
vt 0.578773 0.123077
vt 0.670653 0.140608
vt 0.670496 0.173014
vt 0.577671 0.154698
vt 0.586973 0.312441
vt 0.662769 0.305313
vt 0.663348 0.340985
vt 0.586748 0.348501
vt 0.590050 0.489887
vt 0.660160 0.460481
vt 0.661248 0.498092
vt 0.590160 0.528204
vt 0.671860 0.585398
vt 0.744628 0.543041
vt 0.745380 0.581526
vt 0.673188 0.622890
vt 0.670091 0.686725
vt 0.748555 0.673631
vt 0.748642 0.709962
vt 0.670732 0.722379
vt 0.666924 0.784104
vt 0.754657 0.806790
vt 0.754124 0.838404
vt 0.666519 0.816690
vt 0.661164 0.890199
vt 0.759260 0.928996
vt 0.758308 0.956959
vt 0.660260 0.918710
vt 0.658415 0.004382
vt 0.758308 0.043041
vt 0.757073 0.071555
vt 0.657131 0.032342
vt 0.662262 0.140271
vt 0.752137 0.163183
vt 0.751428 0.195795
vt 0.661398 0.171859
vt 0.669352 0.303987
vt 0.745933 0.293006
vt 0.746434 0.328699
vt 0.669350 0.340279
vt 0.672629 0.460182
vt 0.743566 0.419459
vt 0.744628 0.456959
vt 0.673122 0.498660
vt 0.755372 0.543041
vt 0.826877 0.501340
vt 0.827371 0.539818
vt 0.756434 0.580541
vt 0.753566 0.671301
vt 0.830650 0.659721
vt 0.830648 0.696013
vt 0.754067 0.706994
vt 0.748572 0.804205
vt 0.838602 0.828141
vt 0.837738 0.859729
vt 0.747863 0.836818
vt 0.742927 0.928445
vt 0.842869 0.967658
vt 0.841585 0.995618
vt 0.741692 0.956959
vt 0.741692 0.043041
vt 0.839740 0.081290
vt 0.838836 0.109801
vt 0.740740 0.071004
vt 0.745876 0.161596
vt 0.833481 0.183310
vt 0.833077 0.215896
vt 0.745343 0.193211
vt 0.751358 0.290038
vt 0.829269 0.277621
vt 0.829909 0.313275
vt 0.751445 0.326369
vt 0.754620 0.418474
vt 0.826812 0.377110
vt 0.828140 0.414602
vt 0.755372 0.456959
vt 0.838752 0.501908
vt 0.909839 0.471796
vt 0.909950 0.510113
vt 0.839840 0.539519
vt 0.836652 0.659015
vt 0.913252 0.651499
vt 0.913027 0.687559
vt 0.837231 0.694687
vt 0.829504 0.826986
vt 0.922329 0.845301
vt 0.921227 0.876923
vt 0.829347 0.859392
vt 0.824261 0.967541
vt 0.926211 0.996511
vt 0.925034 1.024534
vt 0.823671 0.995973
vt 0.825524 0.080935
vt 0.922357 0.108675
vt 0.921920 0.137102
vt 0.824529 0.108964
vt 0.830176 0.180899
vt 0.916115 0.196036
vt 0.916157 0.228388
vt 0.829510 0.212574
vt 0.833941 0.273807
vt 0.913237 0.263806
vt 0.914071 0.299399
vt 0.833720 0.309945
vt 0.837262 0.375702
vt 0.910452 0.345015
vt 0.911688 0.382611
vt 0.837489 0.414034
vt 0.922462 0.472364
vt 0.993553 0.461430
vt 0.993197 0.499498
vt 0.923270 0.510175
vt 0.919950 0.651646
vt 0.996518 0.649097
vt 0.996082 0.684902
vt 0.920525 0.687319
vt 0.911260 0.845093
vt 1.005812 0.851964
vt 1.004845 0.883744
vt 0.911805 0.877167
vt 0.906787 0.996595
vt 1.009783 1.007255
vt 1.009053 1.035398
vt 0.906885 1.024889
vt 0.909579 0.108320
vt 1.006144 0.118419
vt 1.006265 0.146709
vt 0.908921 0.136466
vt 0.914982 0.194206
vt 1.000194 0.199586
vt 1.000626 0.231633
vt 0.914288 0.226012
vt 0.917630 0.261078
vt 0.997825 0.257225
vt 0.998675 0.292859
vt 0.917021 0.296922
vt 0.920949 0.343968
vt 0.994698 0.332650
vt 0.995567 0.370453
vt 0.920602 0.382043
vt 0.006447 0.461431
vt 0.077538 0.472364
vt 0.076730 0.510175
vt 0.006803 0.499498
vt 0.003482 0.649097
vt 0.080050 0.651646
vt 0.079476 0.687319
vt 0.003918 0.684902
vt -0.005812 0.851964
vt 0.088740 0.845093
vt 0.088195 0.877167
vt -0.004845 0.883744
vt -0.009783 1.007255
vt 0.093213 0.996595
vt 0.093115 1.024889
vt -0.009053 1.035397
vt -0.006144 0.118419
vt 0.090421 0.108320
vt 0.091079 0.136466
vt -0.006265 0.146709
vt -0.000194 0.199586
vt 0.085018 0.194206
vt 0.085712 0.226012
vt -0.000626 0.231633
vt 0.002175 0.257225
vt 0.082371 0.261078
vt 0.082979 0.296922
vt 0.001325 0.292859
vt 0.005301 0.332650
vt 0.079051 0.343968
vt 0.079398 0.382043
vt 0.004433 0.370453
vt 0.090160 0.471797
vt 0.161248 0.501908
vt 0.160160 0.539519
vt 0.090050 0.510113
vt 0.086748 0.651499
vt 0.163349 0.659015
vt 0.162769 0.694687
vt 0.086973 0.687559
vt 0.077671 0.845302
vt 0.170496 0.826986
vt 0.170653 0.859392
vt 0.078773 0.876923
vt 0.077644 0.108675
vt 0.174476 0.080935
vt 0.175471 0.108964
vt 0.078080 0.137102
vt 0.083885 0.196036
vt 0.169824 0.180899
vt 0.170489 0.212574
vt 0.083843 0.228388
vt 0.086763 0.263806
vt 0.166059 0.273807
vt 0.166280 0.309945
vt 0.085929 0.299399
vt 0.089548 0.345015
vt 0.162738 0.375702
vt 0.162511 0.414034
vt 0.088312 0.382611
vt 0.173122 0.501340
vt 0.244628 0.543041
vt 0.243566 0.580541
vt 0.172629 0.539818
vt 0.169350 0.659721
vt 0.246434 0.671301
vt 0.245933 0.706994
vt 0.169352 0.696013
vt 0.161398 0.828141
vt 0.251428 0.804205
vt 0.252137 0.836817
vt 0.162262 0.859729
vt 0.157131 0.967658
vt 0.257073 0.928445
vt 0.258308 0.956959
vt 0.158415 0.995618
vt 0.160260 0.081290
vt 0.258308 0.043041
vt 0.259260 0.071004
vt 0.161164 0.109801
vt 0.166519 0.183310
vt 0.254124 0.161596
vt 0.254657 0.193211
vt 0.166923 0.215896
vt 0.170731 0.277621
vt 0.248642 0.290038
vt 0.248555 0.326369
vt 0.170091 0.313275
vt 0.173188 0.377110
vt 0.245380 0.418474
vt 0.244628 0.456959
vt 0.171860 0.414602
vt 0.255372 0.543041
vt 0.328140 0.585398
vt 0.326812 0.622890
vt 0.254620 0.581526
vt 0.251445 0.673631
vt 0.329909 0.686725
vt 0.329269 0.722379
vt 0.251359 0.709962
vt 0.245343 0.806789
vt 0.333077 0.784104
vt 0.333481 0.816690
vt 0.245876 0.838404
vt 0.240740 0.928996
vt 0.338836 0.890199
vt 0.339740 0.918710
vt 0.241692 0.956959
vt 0.241692 0.043041
vt 0.341585 0.004382
vt 0.342869 0.032342
vt 0.242927 0.071555
vt 0.247863 0.163183
vt 0.337738 0.140271
vt 0.338602 0.171859
vt 0.248572 0.195795
vt 0.254067 0.293006
vt 0.330648 0.303987
vt 0.330650 0.340279
vt 0.253566 0.328699
vt 0.256434 0.419459
vt 0.327371 0.460183
vt 0.326878 0.498660
vt 0.255372 0.456959
vt 0.337489 0.585966
vt 0.411688 0.617389
vt 0.410452 0.654985
vt 0.337262 0.624298
vt 0.333720 0.690055
vt 0.414071 0.700601
vt 0.413237 0.736194
vt 0.333941 0.726193
vt 0.329510 0.787426
vt 0.416157 0.771612
vt 0.416115 0.803964
vt 0.330176 0.819101
vt 0.324530 0.891036
vt 0.421920 0.862898
vt 0.422357 0.891325
vt 0.325524 0.919065
vt 0.323671 0.004027
vt 0.425034 -0.024533
vt 0.426211 0.003489
vt 0.324261 0.032459
vt 0.329347 0.140608
vt 0.421227 0.123077
vt 0.422329 0.154698
vt 0.329504 0.173014
vt 0.337231 0.305313
vt 0.413027 0.312441
vt 0.413252 0.348501
vt 0.336651 0.340985
vt 0.339840 0.460481
vt 0.409950 0.489887
vt 0.409840 0.528204
vt 0.338752 0.498092
vt 0.420602 0.617957
vt 0.495567 0.629547
vt 0.494699 0.667350
vt 0.420949 0.656032
vt 0.417021 0.703078
vt 0.498675 0.707141
vt 0.497825 0.742775
vt 0.417629 0.738922
vt 0.414288 0.773988
vt 0.500626 0.768367
vt 0.500194 0.800414
vt 0.414982 0.805794
vt 0.486377 0.916340
vt 0.447562 0.917586
vt 0.406885 -0.024889
vt 0.509053 -0.035397
vt 0.509783 -0.007255
vt 0.406787 0.003405
vt 0.411805 0.122833
vt 0.504845 0.116256
vt 0.505812 0.148036
vt 0.411260 0.154907
vt 0.420524 0.312681
vt 0.496082 0.315098
vt 0.496518 0.350903
vt 0.419950 0.348355
vt 0.423270 0.489825
vt 0.493197 0.500502
vt 0.493553 0.538569
vt 0.422462 0.527636
vt 0.519881 0.995823
vt 0.519822 1.025760
vt 0.563538 1.030197
vt 0.564158 1.000324
vt 0.603772 1.000290
vt 0.603113 1.030282
vt 0.646712 1.042427
vt 0.647895 1.012609
vt 0.687169 1.012590
vt 0.686142 1.042616
vt 0.729665 1.059266
vt 0.731159 1.029477
vt 0.770113 1.029524
vt 0.769064 1.059551
vt 0.812663 1.076267
vt 0.814181 1.046480
vt 0.852958 1.046580
vt 0.852280 1.076573
vt 0.896080 1.088855
vt 0.897284 1.059036
vt 0.936055 1.059119
vt 0.935995 1.089055
vt 0.979973 1.093559
vt 0.980598 1.063687
vt 0.019402 1.063687
vt 0.020026 1.093559
vt 0.064005 1.089055
vt 0.063945 1.059119
vt 0.185819 1.046480
vt 0.187337 1.076267
vt 0.230936 1.059551
vt 0.229887 1.029523
vt 0.268840 1.029477
vt 0.270335 1.059265
vt 0.313858 1.042616
vt 0.312831 1.012590
vt 0.352105 1.012608
vt 0.353288 1.042427
vt 0.396886 1.030281
vt 0.396227 1.000289
vt 0.685850 1.059517
vt 0.582960 1.059652
vt 0.811792 1.059785
vt 0.729710 1.059518
vt 0.589376 1.059753
vt 0.491624 1.059858
vt 0.892321 1.060021
vt 0.851067 1.060020
vt 0.494718 1.059942
vt 0.058107 1.060154
vt 0.960564 1.060155
vt 0.930150 1.060153
vt 0.602341 1.059284
vt 0.506348 1.059446
vt 0.576561 1.059551
vt 0.646460 1.059284
vt 0.500018 1.059530
vt 0.416798 1.059652
vt 0.499972 1.059774
vt 0.583192 1.059652
vt 0.410741 1.059753
vt 0.148988 1.060020
vt 0.107828 1.060019
vt 0.508429 1.059858
vt 0.518886 1.059150
vt 0.436285 1.059150
vt 0.499842 1.059362
vt 0.563265 1.059151
vt 0.397624 1.059284
vt 0.353542 1.059284
vt 0.423430 1.059551
vt 0.493652 1.059446
vt 0.313967 1.059519
vt 0.230933 1.059787
vt 0.187936 1.059787
vt 0.417092 1.059652
vt 0.733126 1.029355
vt 0.814576 1.029623
vt 0.585759 1.029490
vt 0.685832 1.029351
vt 0.856745 1.029857
vt 0.899194 1.029856
vt 0.497528 1.029695
vt 0.593177 1.029591
vt 0.945376 1.029992
vt 0.985778 1.029992
vt 0.073152 1.029992
vt 0.502347 1.029782
vt 0.646232 1.029122
vt 0.576127 1.029389
vt 0.505811 1.029285
vt 0.601480 1.029121
vt 0.583271 1.029489
vt 0.500050 1.029610
vt 0.416876 1.029488
vt 0.500096 1.029366
vt 0.502299 1.029695
vt 0.100711 1.029856
vt 0.143117 1.029857
vt 0.406803 1.029591
vt 0.562988 1.028991
vt 0.499165 1.029202
vt 0.435542 1.028991
vt 0.517412 1.028986
vt 0.494192 1.029284
vt 0.423844 1.029388
vt 0.353778 1.029121
vt 0.398405 1.029120
vt 0.414667 1.029487
vt 0.185424 1.029622
vt 0.228517 1.029621
vt 0.313175 1.029358
vt 0.116061 0.573663
vt 0.138692 0.569097
vt 0.173961 1.030438
vt 0.173508 1.020966
vt 0.134458 0.948467
vt 0.112431 0.951333
vt 0.076924 1.040938
vt 0.076921 1.050495
vt 0.076919 1.050509
vt 0.076931 1.040969
vt 0.112430 0.951332
vt 0.134459 0.948469
vt 0.173496 1.020939
vt 0.173964 1.030407
vt 0.138692 0.569096
vt 0.116061 0.573665
vt 0.408084 0.945430
vt 0.408341 0.958976
vt 0.446119 0.509733
vt 0.488911 0.507288
vt 0.507987 0.952159
vt 0.507976 0.938659
vt 0.507971 0.938646
vt 0.507990 0.952164
vt 0.488905 0.507287
vt 0.446125 0.509734
vt 0.408339 0.958993
vt 0.408089 0.945434
vt 0.447553 0.917586
vt 0.486385 0.916340
s 1
usemtl Procedural_Tyre_Material
f 4559/4526/2119 4567/4527/2120 4568/4528/2120 4560/4529/2119
f 4560/4530/2121 4568/4531/2122 4569/4532/2122 4561/4533/2121
f 4561/4534/2123 4569/4535/2124 4570/4536/2124 4562/4537/2123
f 4562/4538/2125 4570/4539/2126 4571/4540/2126 4563/4541/2125
f 4563/4542/2127 4571/4543/2128 4572/4544/2128 4564/4545/2127
f 4564/4546/2129 4572/4547/2130 4573/4548/2130 4565/4549/2129
f 4565/4550/2131 4573/4551/2132 4574/4552/2132 4566/4553/2131
f 4566/4554/2133 4574/4555/2134 4567/4556/2134 4559/4557/2133
f 4567/4558/2120 4575/4559/2135 4576/4560/2135 4568/4561/2120
f 4568/4562/2122 4576/4563/2136 4577/4564/2136 4569/4565/2122
f 4569/4566/2124 4577/4567/2137 4578/4568/2137 4570/4569/2124
f 4570/4570/2126 4578/4571/2138 4579/4572/2138 4571/4573/2126
f 4571/4574/2128 4579/4575/2139 4580/4576/2139 4572/4577/2128
f 4572/4578/2130 4580/4579/2140 4581/4580/2140 4573/4581/2130
f 4573/4582/2132 4581/4583/2141 4582/4584/2141 4574/4585/2132
f 4574/4586/2134 4582/4587/2142 4575/4588/2142 4567/4589/2134
f 4575/4590/2135 4583/4591/2143 4584/4592/2143 4576/4593/2135
f 4576/4594/2136 4584/4595/2144 4585/4596/2144 4577/4597/2136
f 4577/4598/2137 4585/4599/2145 4586/4600/2145 4578/4601/2137
f 4578/4602/2138 4586/4603/2146 4587/4604/2146 4579/4605/2138
f 4579/4606/2139 4587/4607/2147 4588/4608/2147 4580/4609/2139
f 4580/4610/2140 4588/4611/2148 4589/4612/2148 4581/4613/2140
f 4581/4614/2141 4589/4615/2149 4590/4616/2149 4582/4617/2141
f 4582/4618/2142 4590/4619/2150 4583/4620/2150 4575/4621/2142
f 4583/4622/2143 4591/4623/2151 4592/4624/2151 4584/4625/2143
f 4584/4626/2144 4592/4627/2152 4593/4628/2152 4585/4629/2144
f 4585/4630/2145 4593/4631/2153 4594/4632/2153 4586/4633/2145
f 4586/4634/2146 4594/4635/2154 4595/4636/2154 4587/4637/2146
f 4587/4638/2147 4595/4639/2155 4596/4640/2155 4588/4641/2147
f 4588/4642/2148 4596/4643/2156 4597/4644/2156 4589/4645/2148
f 4589/4646/2149 4597/4647/2157 4598/4648/2157 4590/4649/2149
f 4590/4650/2150 4598/4651/2158 4591/4652/2158 4583/4653/2150
f 4591/4654/2151 4599/4655/2159 4600/4656/2159 4592/4657/2151
f 4592/4658/2152 4600/4659/2160 4601/4660/2160 4593/4661/2152
f 4593/4662/2153 4601/4663/2161 4602/4664/2161 4594/4665/2153
f 4594/4666/2154 4602/4667/2162 4603/4668/2162 4595/4669/2154
f 4595/4670/2155 4603/4671/2163 4604/4672/2163 4596/4673/2155
f 4596/4674/2156 4604/4675/2164 4605/4676/2164 4597/4677/2156
f 4597/4678/2157 4605/4679/2165 4606/4680/2165 4598/4681/2157
f 4598/4682/2158 4606/4683/2166 4599/4684/2166 4591/4685/2158
f 4599/4686/2159 4607/4687/2167 4608/4688/2167 4600/4689/2159
f 4600/4690/2160 4608/4691/2168 4609/4692/2168 4601/4693/2160
f 4601/4694/2161 4609/4695/2169 4610/4696/2169 4602/4697/2161
f 4602/4698/2162 4610/4699/2170 4611/4700/2170 4603/4701/2162
f 4603/4702/2163 4611/4703/2171 4612/4704/2171 4604/4705/2163
f 4604/4706/2164 4612/4707/2172 4613/4708/2172 4605/4709/2164
f 4605/4710/2165 4613/4711/2173 4614/4712/2173 4606/4713/2165
f 4606/4714/2166 4614/4715/2174 4607/4716/2174 4599/4717/2166
f 4607/4718/2167 4615/4719/2175 4616/4720/2175 4608/4721/2167
f 4608/4722/2168 4616/4723/2176 4617/4724/2176 4609/4725/2168
f 4609/4726/2169 4617/4727/2177 4618/4728/2178 4610/4729/2169
f 4610/4730/2170 4618/4731/2179 4619/4732/2179 4611/4733/2170
f 4611/4734/2171 4619/4735/2180 4620/4736/2180 4612/4737/2171
f 4612/4738/2172 4620/4739/2181 4621/4740/2181 4613/4741/2172
f 4613/4742/2173 4621/4743/2182 4622/4744/2182 4614/4745/2173
f 4614/4746/2174 4622/4747/2183 4615/4748/2183 4607/4749/2174
f 4615/4750/2175 4623/4751/2184 4624/4752/2184 4616/4753/2175
f 4616/4754/2176 4624/4755/2185 4625/4756/2185 4617/4757/2176
f 4617/4758/2177 4625/4759/2186 4626/4760/2187 4618/4761/2178
f 4619/4762/2180 4627/4763/2188 4628/4764/2188 4620/4765/2180
f 4620/4766/2181 4628/4767/2189 4629/4768/2189 4621/4769/2181
f 4621/4770/2182 4629/4771/2190 4630/4772/2190 4622/4773/2182
f 4622/4774/2183 4630/4775/2191 4623/4776/2191 4615/4777/2183
f 4623/4778/2184 4631/4779/2192 4632/4780/2192 4624/4781/2184
f 4624/4782/2185 4632/4783/2193 4633/4784/2193 4625/4785/2185
f 4625/4786/2186 4633/4787/2194 4634/4788/2194 4626/4789/2187
f 4626/4790/2195 4634/4791/2196 4635/4792/2196 4627/4793/2195
f 4627/4794/2188 4635/4795/2197 4636/4796/2197 4628/4797/2188
f 4628/4798/2189 4636/4799/2198 4637/4800/2198 4629/4801/2189
f 4629/4802/2190 4637/4803/2199 4638/4804/2199 4630/4805/2190
f 4630/4806/2191 4638/4807/2200 4631/4808/2200 4623/4809/2191
f 4631/4810/2192 4639/4811/2201 4640/4812/2201 4632/4813/2192
f 4632/4814/2193 4640/4815/2202 4641/4816/2202 4633/4817/2193
f 4633/4818/2194 4641/4819/2203 4642/4820/2203 4634/4821/2194
f 4634/4822/2196 4642/4823/2204 4643/4824/2204 4635/4825/2196
f 4635/4826/2197 4643/4827/2205 4644/4828/2205 4636/4829/2197
f 4636/4830/2198 4644/4831/2206 4645/4832/2206 4637/4833/2198
f 4637/4834/2199 4645/4835/2207 4646/4836/2207 4638/4837/2199
f 4638/4838/2200 4646/4839/2208 4639/4840/2208 4631/4841/2200
f 4639/4842/2201 4647/4843/2209 4648/4844/2209 4640/4845/2201
f 4640/4846/2202 4648/4847/2210 4649/4848/2210 4641/4849/2202
f 4641/4850/2203 4649/4851/2211 4650/4852/2211 4642/4853/2203
f 4642/4854/2204 4650/4855/2212 4651/4856/2212 4643/4857/2204
f 4643/4858/2205 4651/4859/2213 4652/4860/2213 4644/4861/2205
f 4644/4862/2206 4652/4863/2214 4653/4864/2214 4645/4865/2206
f 4645/4866/2207 4653/4867/2215 4654/4868/2215 4646/4869/2207
f 4646/4870/2208 4654/4871/2216 4647/4872/2216 4639/4873/2208
f 4647/4874/2209 4559/4875/2119 4560/4876/2119 4648/4877/2209
f 4648/4878/2210 4560/4879/2121 4561/4880/2121 4649/4881/2210
f 4649/4882/2211 4561/4883/2123 4562/4884/2123 4650/4885/2211
f 4651/4888/2213 4563/4889/2127 4564/4890/2127 4652/4891/2213
f 4652/4892/2214 4564/4893/2129 4565/4894/2129 4653/4895/2214
f 4653/4896/2215 4565/4897/2131 4566/4898/2131 4654/4899/2215
f 4654/4900/2216 4566/4901/2133 4559/4902/2133 4647/4903/2216
usemtl Procedural_corroded_metal
f 4691/4886/2217 4692/4887/2218 4650/4885/2219 4562/4884/2219
f 4655/4904/2220 4656/4905/2220 4658/4906/2221 4657/4907/2221
f 4657/4908/2221 4658/4909/2221 4660/4910/2222 4659/4911/2222
f 4659/4912/2222 4660/4913/2222 4662/4914/2223 4661/4915/2223
f 4661/4916/2223 4662/4917/2223 4664/4918/2224 4663/4919/2224
f 4663/4920/2224 4664/4921/2224 4666/4922/2225 4665/4923/2225
f 4665/4924/2225 4666/4925/2225 4668/4926/2226 4667/4927/2226
f 4667/4928/2226 4668/4929/2226 4670/4930/2227 4669/4931/2227
f 4671/4932/2228 4672/4933/2228 4674/4934/2229 4673/4935/2229
f 4673/4936/2229 4674/4937/2229 4676/4938/2230 4675/4939/2230
f 4675/4940/2230 4676/4941/2230 4678/4942/2231 4677/4943/2231
f 4660/4944/2232 4679/4945/2232 4664/4946/2232 4662/4947/2232
f 4679/4948/2232 4681/4949/2232 4666/4950/2232 4664/4951/2232
f 4681/4952/2232 4670/4953/2233 4668/4954/2232 4666/4955/2232
f 4658/4956/2232 4680/4957/2232 4679/4958/2232 4660/4959/2232
f 4680/4960/2232 4682/4961/2232 4681/4962/2232 4679/4963/2232
f 4682/4964/2232 4672/4965/2233 4670/4966/2233 4681/4967/2232
f 4656/4968/2234 4678/4969/2235 4680/4970/2232 4658/4971/2232
f 4678/4972/2235 4676/4973/2232 4682/4974/2232 4680/4975/2232
f 4676/4976/2232 4674/4977/2232 4672/4978/2233 4682/4979/2232
f 4661/4980/2236 4663/4981/2236 4683/4982/2236 4659/4983/2236
f 4663/4984/2236 4665/4985/2236 4685/4986/2236 4683/4987/2236
f 4665/4988/2236 4667/4989/2236 4669/4990/2237 4685/4991/2236
f 4659/4992/2236 4683/4993/2236 4684/4994/2236 4657/4995/2236
f 4683/4996/2236 4685/4997/2236 4686/4998/2236 4684/4999/2236
f 4685/5000/2236 4669/5001/2237 4671/5002/2238 4686/5003/2236
f 4657/5004/2236 4684/5005/2236 4677/5006/2239 4655/5007/2240
f 4684/5008/2236 4686/5009/2236 4675/5010/2236 4677/5011/2239
f 4686/5012/2236 4671/5013/2238 4673/5014/2236 4675/5015/2236
f 4687/5016/2241 4688/5017/2242 4627/4763/2243 4619/4762/2243
f 4688/5018/2244 4689/5019/2244 4626/4790/2244 4627/4793/2244
f 4689/5020/2245 4690/5021/2246 4618/4761/2178 4626/4760/2187
f 4690/5022/2247 4687/5023/2247 4619/4732/2247 4618/4731/2247
f 4669/4931/2248 4670/4930/2248 4687/5024/2248 4690/5025/2248
f 4671/5002/2238 4669/5001/2237 4690/5026/2246 4689/5027/2245
f 4672/4933/2249 4671/4932/2249 4689/5028/2249 4688/5029/2249
f 4670/4966/2233 4672/4965/2233 4688/5030/2242 4687/5031/2241
f 4692/5032/2250 4693/5033/2250 4651/4856/2250 4650/4855/2250
f 4693/5034/2251 4694/5035/2252 4563/4889/2253 4651/4888/2253
f 4694/5036/2254 4691/5037/2254 4562/4538/2254 4563/4541/2254
f 4656/4905/2255 4655/4904/2255 4691/5038/2255 4694/5039/2255
f 4678/4969/2235 4656/4968/2234 4694/5040/2252 4693/5041/2251
f 4677/4943/2256 4678/4942/2256 4693/5042/2256 4692/5043/2256
f 4655/5007/2240 4677/5006/2239 4692/5044/2218 4691/5045/2217
o Circle.003
v -2.335933 1.475019 0.266459
v -2.334379 1.480661 0.265116
v -2.330134 1.484791 0.264132
v -2.324334 1.486303 0.263772
v -2.318535 1.484791 0.264132
v -2.314289 1.480661 0.265116
v -2.312735 1.475019 0.266459
v -2.314289 1.469378 0.267802
v -2.318535 1.465248 0.268786
v -2.324334 1.463736 0.269146
v -2.330134 1.465248 0.268786
v -2.334379 1.469378 0.267802
v -2.335933 1.641536 0.965806
v -2.334379 1.647178 0.964462
v -2.330133 1.651308 0.963479
v -2.324334 1.652820 0.963119
v -2.318535 1.651308 0.963479
v -2.314289 1.647178 0.964462
v -2.312735 1.641536 0.965806
v -2.314289 1.635895 0.967149
v -2.318535 1.631765 0.968132
v -2.324334 1.630253 0.968492
v -2.330133 1.631765 0.968132
v -2.334379 1.635895 0.967149
v -2.329426 1.644609 0.965074
v -2.321504 1.646674 0.964582
v -2.327164 1.636398 0.967029
v -2.319242 1.638463 0.966537
vn -1.0000 -0.0000 -0.0000
vn -0.8660 0.4864 -0.1158
vn -0.5000 0.8425 -0.2006
vn -0.0000 0.9728 -0.2316
vn 0.5000 0.8425 -0.2006
vn 0.8660 0.4864 -0.1158
vn 1.0000 -0.0000 -0.0000
vn 0.8660 -0.4864 0.1158
vn 0.5000 -0.8425 0.2006
vn -0.0000 -0.9728 0.2316
vn -0.5000 -0.8425 0.2006
vn -0.8660 -0.4864 0.1158
vn -0.7572 0.1513 0.6355
vn -0.6557 0.5196 0.5478
vn -0.3786 0.7892 0.4836
vn -0.0000 0.8879 0.4601
vn 0.3786 0.7892 0.4836
vn 0.6557 0.5196 0.5478
vn 0.7572 0.1513 0.6355
vn 0.6557 -0.2170 0.7231
vn 0.3786 -0.4866 0.7873
vn -0.0000 -0.5853 0.8108
vn -0.3786 -0.4866 0.7873
vn -0.6557 -0.2170 0.7232
vn -0.0000 0.2316 0.9728
vt 0.000000 0.000000
s 1
usemtl Rusty_metal
f 4701/5046/2263 4700/5046/2262 4712/5046/2274 4713/5046/2275
f 4698/5046/2260 4697/5046/2259 4709/5046/2271 4710/5046/2272
f 4705/5046/2267 4704/5046/2266 4716/5046/2278 4717/5046/2279
f 4702/5046/2264 4701/5046/2263 4713/5046/2275 4714/5046/2276
f 4699/5046/2261 4698/5046/2260 4710/5046/2272 4711/5046/2273
f 4706/5046/2268 4705/5046/2267 4717/5046/2279 4718/5046/2280
f 4696/5046/2258 4695/5046/2257 4707/5046/2269 4708/5046/2270
f 4703/5046/2265 4702/5046/2264 4714/5046/2276 4715/5046/2277
f 4700/5046/2262 4699/5046/2261 4711/5046/2273 4712/5046/2274
f 4695/5046/2257 4706/5046/2268 4718/5046/2280 4707/5046/2269
f 4697/5046/2259 4696/5046/2258 4708/5046/2270 4709/5046/2271
f 4704/5046/2266 4703/5046/2265 4715/5046/2277 4716/5046/2278
f 4708/5046/2270 4707/5046/2269 4719/5046/2281 4709/5046/2271
f 4707/5046/2269 4718/5046/2280 4721/5046/2281 4719/5046/2281
f 4718/5046/2280 4717/5046/2279 4716/5046/2278 4721/5046/2281
f 4709/5046/2271 4719/5046/2281 4720/5046/2281 4710/5046/2272
f 4719/5046/2281 4721/5046/2281 4722/5046/2281 4720/5046/2281
f 4721/5046/2281 4716/5046/2278 4715/5046/2277 4722/5046/2281
f 4710/5046/2272 4720/5046/2281 4712/5046/2274 4711/5046/2273
f 4720/5046/2281 4722/5046/2281 4713/5046/2275 4712/5046/2274
f 4722/5046/2281 4715/5046/2277 4714/5046/2276 4713/5046/2275
o Cube.052
v 4.074128 0.000000 2.385340
v 4.074128 0.801629 2.385340
v 3.990481 0.000000 1.588088
v 3.990481 0.801629 1.588088
v 4.871381 0.000000 2.301693
v 4.871381 0.801629 2.301693
v 4.787734 0.000000 1.504441
v 4.787734 0.801629 1.504441
v 4.074128 0.728752 2.385340
v 4.074128 0.072877 2.385340
v 3.990481 0.072877 1.588088
v 3.990481 0.728752 1.588088
v 4.787734 0.072877 1.504441
v 4.787734 0.728752 1.504441
v 4.871381 0.072877 2.301693
v 4.871381 0.728752 2.301693
v 4.797147 0.801629 1.594160
v 4.861968 0.801629 2.211973
v 4.797147 0.000000 1.594160
v 4.861968 0.000000 2.211973
v 4.064715 0.801629 2.295620
v 3.999894 0.801629 1.677808
v 4.064715 0.000000 2.295620
v 3.999894 0.000000 1.677808
v 4.861968 0.728752 2.211973
v 4.797147 0.728752 1.594160
v 4.861968 0.072877 2.211973
v 4.797147 0.072877 1.594160
v 3.999894 0.728752 1.677808
v 4.064715 0.728752 2.295620
v 3.999894 0.072877 1.677808
v 4.064715 0.072877 2.295620
v 4.066763 0.072877 1.580084
v 4.711452 0.072877 1.512444
v 4.711452 0.728752 1.512444
v 4.066763 0.728752 1.580084
v 4.795099 0.072877 2.309697
v 4.150411 0.072877 2.377337
v 4.795099 0.728752 2.309697
v 4.150411 0.728752 2.377337
v 4.150411 0.801629 2.377337
v 4.795099 0.801629 2.309697
v 4.150411 0.000000 2.377337
v 4.795099 0.000000 2.309697
v 4.066763 0.801629 1.580084
v 4.711452 0.801629 1.512444
v 4.066763 0.000000 1.580084
v 4.711452 0.000000 1.512444
v 4.785686 0.801629 2.219977
v 4.140997 0.801629 2.287617
v 4.720865 0.801629 1.602164
v 4.076177 0.801629 1.669804
v 4.785686 0.000000 2.219977
v 4.140997 0.000000 2.287617
v 4.076177 0.000000 1.669804
v 4.720865 0.000000 1.602164
v 4.817575 0.728752 2.216631
v 4.752754 0.728752 1.598818
v 4.044287 0.728752 1.673150
v 4.109108 0.728752 2.290963
v 4.817575 0.072877 2.216631
v 4.752754 0.072877 1.598818
v 4.044287 0.072877 1.673150
v 4.109108 0.072877 2.290963
v 4.790441 0.072877 2.265304
v 4.145753 0.072877 2.332944
v 4.716109 0.728752 1.556837
v 4.071421 0.728752 1.624477
v 4.071421 0.072877 1.624477
v 4.716109 0.072877 1.556837
v 4.790441 0.728752 2.265304
v 4.145753 0.728752 2.332944
v 4.785686 0.042412 2.219977
v 4.140997 0.042412 2.287617
v 4.076177 0.042412 1.669804
v 4.720865 0.042412 1.602164
v 4.785686 0.759217 2.219977
v 4.140997 0.759217 2.287617
v 4.720865 0.759217 1.602164
v 4.076177 0.759217 1.669804
vn 0.1043 -0.0000 0.9945
vn -0.9945 -0.0000 0.1043
vn 0.9945 -0.0000 -0.1043
vn -0.0000 1.0000 -0.0000
vn -0.1043 -0.0000 -0.9945
vn -0.0000 -1.0000 -0.0000
vt 0.315791 0.289475
vt 0.289475 0.289475
vt 0.289475 0.261777
vt 0.315791 0.261777
vt 0.315791 0.322051
vt 0.289475 0.322051
vt 0.289475 0.289475
vt 0.315791 0.289475
vt 0.552633 0.289475
vt 0.552633 0.322051
vt 0.605265 0.289475
vt 0.605265 0.256898
vt 0.842107 0.256898
vt 0.842107 0.289475
vt 0.032576 0.289475
vt 0.032576 0.261777
vt 0.256898 0.261777
vt 0.256898 0.289475
vt 0.868424 0.289475
vt 0.868424 0.256898
vt 0.026316 0.868424
vt 0.026316 0.840726
vt 0.263158 0.840726
vt 0.263158 0.868424
vt 0.289475 0.000000
vt 0.289475 0.027697
vt 0.256898 0.027697
vt 0.256898 0.000000
vt 0.578949 0.289475
vt 0.552633 0.289475
vt 0.552633 0.261777
vt 0.578949 0.261777
vt 0.315791 0.578949
vt 0.289475 0.578949
vt 0.289475 0.546373
vt 0.315791 0.546373
vt 0.552633 0.546373
vt 0.552633 0.578949
vt 0.000000 0.868424
vt 0.000000 0.840726
vt 0.032576 0.000000
vt 0.032576 0.027697
vt 0.000000 0.027697
vt 0.000000 0.000000
vt 0.605265 0.032576
vt 0.605265 -0.000000
vt 0.842107 -0.000000
vt 0.842107 0.032576
vt 0.578949 0.578949
vt 0.578949 0.546373
vt 0.578949 0.032576
vt 0.578949 -0.000000
vt 0.032576 0.289475
vt 0.032576 0.317172
vt 0.000000 0.317172
vt 0.000000 0.289475
vt 0.868424 0.032576
vt 0.868424 -0.000000
vt 0.578949 0.322051
vt 0.578949 0.289475
vt 0.289475 0.261777
vt 0.289475 0.289475
vt 0.578949 0.256898
vt 0.513796 0.815791
vt 0.513796 0.578949
vt 0.529915 0.578949
vt 0.529915 0.815791
vt 0.546033 0.578949
vt 0.546033 0.815791
vt 0.256898 0.289475
vt 0.256898 0.317172
vt 0.032576 0.578949
vt 0.032576 0.551252
vt 0.256898 0.551252
vt 0.256898 0.578949
vt 0.578949 0.289475
vt 0.000000 0.578949
vt 0.000000 0.551252
vt 0.000000 0.289475
vt 0.000000 0.261777
vt 0.315791 0.027697
vt 0.289475 0.027697
vt 0.289475 -0.000000
vt 0.315791 -0.000000
vt 0.026316 0.606647
vt 0.026316 0.578949
vt 0.263158 0.578949
vt 0.263158 0.606647
vt 0.578949 0.027697
vt 0.552633 0.027697
vt 0.552633 -0.000000
vt 0.578949 0.000000
vt 0.000000 0.606647
vt 0.000000 0.578949
vt 0.289475 0.289475
vt 0.289475 0.317172
vt 0.289475 0.606647
vt 0.289475 0.578949
vt 0.289475 0.551252
vt 0.289475 0.578949
vt 0.289475 0.840726
vt 0.861385 0.289475
vt 0.861385 0.523554
vt 0.845266 0.523554
vt 0.845266 0.289475
vt 0.562152 0.578949
vt 0.562152 0.815791
vt 0.289475 0.868424
vt 0.189398 0.827938
vt 0.189398 0.172062
vt 0.810602 0.172062
vt 0.810602 0.827938
vt 0.175887 0.827938
vt 0.175887 0.172062
vt 0.824113 0.172062
vt 0.824113 0.827938
vt 0.884542 0.000000
vt 0.884542 0.224322
vt 0.868424 0.224322
vt 0.868424 0.000000
vt 0.578271 0.578949
vt 0.578271 0.815791
vt 0.861385 0.523554
vt 0.861385 0.757634
vt 0.845266 0.757634
vt 0.845266 0.523554
vt 0.829148 0.289475
vt 0.829148 0.526316
vt 0.813029 0.526316
vt 0.813029 0.289475
vt 0.893622 0.289475
vt 0.893622 0.513796
vt 0.877503 0.513796
vt 0.877503 0.289475
vt 0.877503 0.738118
vt 0.893622 0.513796
vt 0.893622 0.738118
vt 0.813029 0.763158
vt 0.813029 0.526316
vt 0.829148 0.526316
vt 0.829148 0.763158
vt 0.845266 0.526316
vt 0.877503 0.289475
vt 0.877503 0.523554
vt 0.845266 0.526316
vt 0.845266 0.763158
vt 0.877503 0.523554
vt 0.877503 0.757634
vt 0.900661 0.000000
vt 0.900661 0.224322
vt 0.175887 0.189398
vt 0.175887 0.810602
vt 0.824113 0.810602
vt 0.824113 0.189398
s 0
usemtl Wood
f 4738/5047/2282 4728/5048/2282 4764/5049/2282 4761/5050/2282
f 4751/5051/2283 4744/5052/2283 4726/5053/2283 4734/5054/2283
f 4751/5051/2283 4734/5054/2283 4733/5055/2283 4753/5056/2283
f 4736/5057/2284 4748/5058/2284 4750/5059/2284 4735/5060/2284
f 4743/5061/2285 4772/5062/2285 4774/5063/2285 4744/5064/2285
f 4729/5065/2284 4735/5060/2284 4750/5059/2284 4741/5066/2284
f 4734/5067/2286 4758/5068/2286 4755/5069/2286 4733/5070/2286
f 4730/5071/2285 4768/5072/2285 4773/5073/2285 4739/5074/2285
f 4727/5075/2282 4737/5076/2282 4759/5077/2282 4766/5078/2282
f 4731/5079/2283 4724/5080/2283 4743/5081/2283 4752/5082/2283
f 4738/5047/2282 4761/5050/2282 4759/5077/2282 4737/5076/2282
f 4731/5079/2283 4752/5082/2283 4754/5083/2283 4732/5084/2283
f 4734/5067/2286 4726/5085/2286 4767/5086/2286 4758/5068/2286
f 4740/5087/2285 4771/5088/2285 4764/5089/2285 4728/5090/2285
f 4747/5091/2284 4738/5092/2284 4737/5093/2284 4749/5094/2284
f 4723/5095/2283 4732/5084/2283 4754/5083/2283 4745/5096/2283
f 4747/5091/2284 4740/5097/2284 4728/5098/2284 4738/5092/2284
f 4745/5099/2287 4776/5100/2287 4765/5101/2287 4723/5102/2287
f 4742/5103/2284 4749/5094/2284 4737/5093/2284 4727/5104/2284
f 4746/5105/2283 4753/5056/2283 4733/5055/2283 4725/5106/2283
f 4767/5107/2285 4726/5108/2285 4744/5064/2285 4774/5063/2285
f 4740/5097/2284 4747/5091/2284 4748/5058/2284 4739/5109/2284
f 4744/5052/2283 4751/5051/2283 4752/5082/2283 4743/5081/2283
f 4759/5110/2283 4761/5111/2283 4793/5112/2283 4787/5113/2283
f 4754/5113/2286 4752/5112/2286 4782/5114/2286 4786/5115/2286
f 4776/5100/2287 4745/5099/2287 4746/5116/2287 4777/5117/2287
f 4742/5118/2287 4775/5119/2287 4778/5120/2287 4741/5121/2287
f 4753/5056/2283 4746/5105/2283 4745/5096/2283 4754/5083/2283
f 4749/5094/2284 4742/5103/2284 4741/5066/2284 4750/5059/2284
f 4736/5057/2284 4730/5122/2284 4739/5109/2284 4748/5058/2284
f 4771/5088/2285 4740/5087/2285 4739/5074/2285 4773/5073/2285
f 4775/5119/2287 4742/5118/2287 4727/5123/2287 4766/5124/2287
f 4772/5062/2285 4743/5061/2285 4724/5125/2285 4763/5126/2285
f 4762/5127/2282 4763/5128/2282 4724/5129/2282 4731/5130/2282
f 4757/5131/2286 4736/5132/2286 4735/5133/2286 4756/5134/2286
f 4765/5135/2282 4760/5136/2282 4732/5137/2282 4723/5138/2282
f 4757/5131/2286 4768/5139/2286 4730/5140/2286 4736/5132/2286
f 4725/5141/2287 4769/5142/2287 4777/5117/2287 4746/5116/2287
f 4770/5143/2286 4756/5134/2286 4735/5133/2286 4729/5144/2286
f 4770/5145/2287 4729/5146/2287 4741/5121/2287 4778/5120/2287
f 4762/5127/2282 4731/5130/2282 4732/5137/2282 4760/5136/2282
f 4773/5073/2282 4774/5063/2282 4802/5063/2282 4801/5073/2282
f 4760/5136/2282 4765/5135/2282 4766/5078/2282 4759/5077/2282
f 4772/5062/2285 4763/5126/2285 4764/5089/2285 4771/5088/2285
f 4768/5139/2286 4757/5131/2286 4758/5068/2286 4767/5086/2286
f 4770/5145/2287 4778/5120/2287 4777/5117/2287 4769/5142/2287
f 4775/5119/2287 4766/5124/2287 4765/5101/2287 4776/5100/2287
f 4777/5117/2282 4778/5120/2282 4798/5120/2282 4797/5117/2282
f 4756/5134/2286 4770/5143/2286 4769/5147/2286 4755/5069/2286
f 4758/5148/2287 4757/5149/2287 4789/5150/2287 4790/5151/2287
f 4767/5107/2285 4774/5063/2285 4773/5073/2285 4768/5072/2285
f 4762/5152/2284 4760/5153/2284 4788/5115/2284 4794/5114/2284
f 4763/5128/2282 4762/5127/2282 4761/5050/2282 4764/5049/2282
f 4725/5154/2286 4733/5070/2286 4755/5069/2286 4769/5147/2286
f 4752/5163/2287 4751/5164/2287 4781/5165/2287 4782/5166/2287
f 4747/5167/2286 4749/5168/2286 4783/5153/2286 4779/5152/2286
f 4756/5169/2285 4755/5170/2285 4791/5171/2285 4792/5172/2285
f 4757/5173/2283 4756/5174/2283 4792/5175/2283 4789/5176/2283
f 4749/5177/2285 4750/5178/2285 4784/5179/2285 4783/5180/2285
f 4748/5181/2287 4747/5179/2287 4779/5182/2287 4780/5183/2287
f 4755/5184/2284 4758/5185/2284 4790/5186/2284 4791/5187/2284
f 4750/5174/2282 4748/5173/2282 4780/5151/2282 4784/5188/2282
f 4760/5149/2285 4759/5148/2285 4787/5189/2285 4788/5190/2285
f 4751/5191/2282 4753/5192/2282 4785/5187/2282 4781/5186/2282
f 4761/5170/2287 4762/5169/2287 4794/5193/2287 4793/5194/2287
f 4753/5164/2285 4754/5163/2285 4786/5195/2285 4785/5196/2285
f 4775/5119/2286 4776/5100/2286 4796/5100/2286 4795/5119/2286
f 4778/5120/2283 4775/5119/2283 4795/5119/2283 4798/5120/2283
f 4774/5063/2284 4772/5062/2284 4800/5062/2284 4802/5063/2284
f 4776/5100/2284 4777/5117/2284 4797/5117/2284 4796/5100/2284
f 4771/5088/2283 4773/5073/2283 4801/5073/2283 4799/5088/2283
f 4772/5062/2286 4771/5088/2286 4799/5088/2286 4800/5062/2286
usemtl Wood.001
f 4779/5155/2284 4783/5156/2284 4784/5157/2284 4780/5158/2284
f 4781/5158/2283 4785/5157/2283 4786/5156/2283 4782/5155/2283
f 4794/5159/2282 4788/5160/2282 4787/5161/2282 4793/5162/2282
f 4789/5162/2286 4792/5161/2286 4791/5160/2286 4790/5159/2286
f 4796/5197/2287 4797/5198/2287 4798/5199/2287 4795/5200/2287
f 4799/5200/2285 4801/5199/2285 4802/5198/2285 4800/5197/2285
o Cube.053
v 3.619948 0.000000 1.449662
v 3.619948 0.801629 1.449662
v 3.789958 0.000000 0.666269
v 3.789958 0.801629 0.666269
v 4.403342 0.000000 1.619673
v 4.403342 0.801629 1.619673
v 4.573352 0.000000 0.836279
v 4.573352 0.801629 0.836279
v 3.619948 0.728752 1.449662
v 3.619948 0.072877 1.449662
v 3.789958 0.072877 0.666269
v 3.789958 0.728752 0.666269
v 4.573352 0.072877 0.836279
v 4.573352 0.728752 0.836279
v 4.403342 0.072877 1.619673
v 4.403342 0.728752 1.619673
v 4.554220 0.801629 0.924439
v 4.422474 0.801629 1.531512
v 4.554220 0.000000 0.924439
v 4.422474 0.000000 1.531512
v 3.639081 0.801629 1.361502
v 3.770826 0.801629 0.754429
v 3.639081 0.000000 1.361502
v 3.770826 0.000000 0.754429
v 4.422474 0.728752 1.531512
v 4.554220 0.728752 0.924439
v 4.422474 0.072877 1.531512
v 4.554220 0.072877 0.924439
v 3.770826 0.728752 0.754429
v 3.639081 0.728752 1.361502
v 3.770826 0.072877 0.754429
v 3.639081 0.072877 1.361502
v 3.864915 0.072877 0.682536
v 4.498395 0.072877 0.820012
v 4.498395 0.728752 0.820012
v 3.864915 0.728752 0.682536
v 4.328385 0.072877 1.603406
v 3.694905 0.072877 1.465929
v 4.328385 0.728752 1.603406
v 3.694905 0.728752 1.465929
v 3.694905 0.801629 1.465929
v 4.328385 0.801629 1.603406
v 3.694905 0.000000 1.465929
v 4.328385 0.000000 1.603406
v 3.864915 0.801629 0.682536
v 4.498395 0.801629 0.820012
v 3.864915 0.000000 0.682536
v 4.498395 0.000000 0.820012
v 4.347518 0.801629 1.515245
v 3.714037 0.801629 1.377769
v 4.479263 0.801629 0.908173
v 3.845782 0.801629 0.770696
v 4.347518 0.000000 1.515245
v 3.714037 0.000000 1.377769
v 3.845782 0.000000 0.770696
v 4.479263 0.000000 0.908173
v 4.378853 0.728752 1.522046
v 4.510599 0.728752 0.914973
v 3.814447 0.728752 0.763896
v 3.682702 0.728752 1.370969
v 4.378853 0.072877 1.522046
v 4.510599 0.072877 0.914973
v 3.814447 0.072877 0.763896
v 3.682702 0.072877 1.370969
v 4.337852 0.072877 1.559785
v 3.704371 0.072877 1.422308
v 4.488929 0.728752 0.863633
v 3.855448 0.728752 0.726157
v 3.855448 0.072877 0.726157
v 4.488929 0.072877 0.863633
v 4.337852 0.728752 1.559785
v 3.704371 0.728752 1.422308
v 4.347518 0.042412 1.515245
v 3.714037 0.042412 1.377769
v 3.845782 0.042412 0.770696
v 4.479263 0.042412 0.908173
v 4.347518 0.759217 1.515245
v 3.714037 0.759217 1.377769
v 4.479263 0.759217 0.908173
v 3.845782 0.759217 0.770696
vn -0.2121 -0.0000 0.9773
vn -0.9773 -0.0000 -0.2121
vn 0.9773 -0.0000 0.2121
vn -0.0000 1.0000 -0.0000
vn 0.2121 -0.0000 -0.9773
vn -0.0000 -1.0000 -0.0000
vt 0.315791 0.289475
vt 0.289475 0.289475
vt 0.289475 0.261777
vt 0.315791 0.261777
vt 0.315791 0.322051
vt 0.289475 0.322051
vt 0.289475 0.289475
vt 0.315791 0.289475
vt 0.552633 0.289475
vt 0.552633 0.322051
vt 0.605265 0.289475
vt 0.605265 0.256898
vt 0.842107 0.256898
vt 0.842107 0.289475
vt 0.032576 0.289475
vt 0.032576 0.261777
vt 0.256898 0.261777
vt 0.256898 0.289475
vt 0.868424 0.289475
vt 0.868424 0.256898
vt 0.026316 0.868424
vt 0.026316 0.840726
vt 0.263158 0.840726
vt 0.263158 0.868424
vt 0.289475 0.000000
vt 0.289475 0.027697
vt 0.256898 0.027697
vt 0.256898 0.000000
vt 0.578949 0.289475
vt 0.552633 0.289475
vt 0.552633 0.261777
vt 0.578949 0.261777
vt 0.315791 0.578949
vt 0.289475 0.578949
vt 0.289475 0.546373
vt 0.315791 0.546373
vt 0.552633 0.546373
vt 0.552633 0.578949
vt 0.000000 0.868424
vt 0.000000 0.840726
vt 0.032576 0.000000
vt 0.032576 0.027697
vt 0.000000 0.027697
vt 0.000000 0.000000
vt 0.605265 0.032576
vt 0.605265 -0.000000
vt 0.842107 -0.000000
vt 0.842107 0.032576
vt 0.578949 0.578949
vt 0.578949 0.546373
vt 0.578949 0.032576
vt 0.578949 -0.000000
vt 0.032576 0.289475
vt 0.032576 0.317172
vt 0.000000 0.317172
vt 0.000000 0.289475
vt 0.868424 0.032576
vt 0.868424 -0.000000
vt 0.578949 0.322051
vt 0.578949 0.289475
vt 0.289475 0.261777
vt 0.289475 0.289475
vt 0.578949 0.256898
vt 0.513796 0.815791
vt 0.513796 0.578949
vt 0.529915 0.578949
vt 0.529915 0.815791
vt 0.546033 0.578949
vt 0.546033 0.815791
vt 0.256898 0.289475
vt 0.256898 0.317172
vt 0.032576 0.578949
vt 0.032576 0.551252
vt 0.256898 0.551252
vt 0.256898 0.578949
vt 0.578949 0.289475
vt 0.000000 0.578949
vt 0.000000 0.551252
vt 0.000000 0.289475
vt 0.000000 0.261777
vt 0.315791 0.027697
vt 0.289475 0.027697
vt 0.289475 -0.000000
vt 0.315791 -0.000000
vt 0.026316 0.606647
vt 0.026316 0.578949
vt 0.263158 0.578949
vt 0.263158 0.606647
vt 0.578949 0.027697
vt 0.552633 0.027697
vt 0.552633 -0.000000
vt 0.578949 0.000000
vt 0.000000 0.606647
vt 0.000000 0.578949
vt 0.289475 0.289475
vt 0.289475 0.317172
vt 0.289475 0.606647
vt 0.289475 0.578949
vt 0.289475 0.551252
vt 0.289475 0.578949
vt 0.289475 0.840726
vt 0.861385 0.289475
vt 0.861385 0.523554
vt 0.845266 0.523554
vt 0.845266 0.289475
vt 0.562152 0.578949
vt 0.562152 0.815791
vt 0.289475 0.868424
vt 0.189398 0.827938
vt 0.189398 0.172062
vt 0.810602 0.172062
vt 0.810602 0.827938
vt 0.175887 0.827938
vt 0.175887 0.172062
vt 0.824113 0.172062
vt 0.824113 0.827938
vt 0.884542 0.000000
vt 0.884542 0.224322
vt 0.868424 0.224322
vt 0.868424 0.000000
vt 0.578271 0.578949
vt 0.578271 0.815791
vt 0.861385 0.523554
vt 0.861385 0.757634
vt 0.845266 0.757634
vt 0.845266 0.523554
vt 0.829148 0.289475
vt 0.829148 0.526316
vt 0.813029 0.526316
vt 0.813029 0.289475
vt 0.893622 0.289475
vt 0.893622 0.513796
vt 0.877503 0.513796
vt 0.877503 0.289475
vt 0.877503 0.738118
vt 0.893622 0.513796
vt 0.893622 0.738118
vt 0.813029 0.763158
vt 0.813029 0.526316
vt 0.829148 0.526316
vt 0.829148 0.763158
vt 0.845266 0.526316
vt 0.877503 0.289475
vt 0.877503 0.523554
vt 0.845266 0.526316
vt 0.845266 0.763158
vt 0.877503 0.523554
vt 0.877503 0.757634
vt 0.900661 0.000000
vt 0.900661 0.224322
vt 0.175887 0.189398
vt 0.175887 0.810602
vt 0.824113 0.810602
vt 0.824113 0.189398
s 0
usemtl Wood
f 4818/5201/2288 4808/5202/2288 4844/5203/2288 4841/5204/2288
f 4831/5205/2289 4824/5206/2289 4806/5207/2289 4814/5208/2289
f 4831/5205/2289 4814/5208/2289 4813/5209/2289 4833/5210/2289
f 4816/5211/2290 4828/5212/2290 4830/5213/2290 4815/5214/2290
f 4823/5215/2291 4852/5216/2291 4854/5217/2291 4824/5218/2291
f 4809/5219/2290 4815/5214/2290 4830/5213/2290 4821/5220/2290
f 4814/5221/2292 4838/5222/2292 4835/5223/2292 4813/5224/2292
f 4810/5225/2291 4848/5226/2291 4853/5227/2291 4819/5228/2291
f 4807/5229/2288 4817/5230/2288 4839/5231/2288 4846/5232/2288
f 4811/5233/2289 4804/5234/2289 4823/5235/2289 4832/5236/2289
f 4818/5201/2288 4841/5204/2288 4839/5231/2288 4817/5230/2288
f 4811/5233/2289 4832/5236/2289 4834/5237/2289 4812/5238/2289
f 4814/5221/2292 4806/5239/2292 4847/5240/2292 4838/5222/2292
f 4820/5241/2291 4851/5242/2291 4844/5243/2291 4808/5244/2291
f 4827/5245/2290 4818/5246/2290 4817/5247/2290 4829/5248/2290
f 4803/5249/2289 4812/5238/2289 4834/5237/2289 4825/5250/2289
f 4827/5245/2290 4820/5251/2290 4808/5252/2290 4818/5246/2290
f 4825/5253/2293 4856/5254/2293 4845/5255/2293 4803/5256/2293
f 4822/5257/2290 4829/5248/2290 4817/5247/2290 4807/5258/2290
f 4826/5259/2289 4833/5210/2289 4813/5209/2289 4805/5260/2289
f 4847/5261/2291 4806/5262/2291 4824/5218/2291 4854/5217/2291
f 4820/5251/2290 4827/5245/2290 4828/5212/2290 4819/5263/2290
f 4824/5206/2289 4831/5205/2289 4832/5236/2289 4823/5235/2289
f 4839/5264/2289 4841/5265/2289 4873/5266/2289 4867/5267/2289
f 4834/5267/2292 4832/5266/2292 4862/5268/2292 4866/5269/2292
f 4856/5254/2293 4825/5253/2293 4826/5270/2293 4857/5271/2293
f 4822/5272/2293 4855/5273/2293 4858/5274/2293 4821/5275/2293
f 4833/5210/2289 4826/5259/2289 4825/5250/2289 4834/5237/2289
f 4829/5248/2290 4822/5257/2290 4821/5220/2290 4830/5213/2290
f 4816/5211/2290 4810/5276/2290 4819/5263/2290 4828/5212/2290
f 4851/5242/2291 4820/5241/2291 4819/5228/2291 4853/5227/2291
f 4855/5273/2293 4822/5272/2293 4807/5277/2293 4846/5278/2293
f 4852/5216/2291 4823/5215/2291 4804/5279/2291 4843/5280/2291
f 4842/5281/2288 4843/5282/2288 4804/5283/2288 4811/5284/2288
f 4837/5285/2292 4816/5286/2292 4815/5287/2292 4836/5288/2292
f 4845/5289/2288 4840/5290/2288 4812/5291/2288 4803/5292/2288
f 4837/5285/2292 4848/5293/2292 4810/5294/2292 4816/5286/2292
f 4805/5295/2293 4849/5296/2293 4857/5271/2293 4826/5270/2293
f 4850/5297/2292 4836/5288/2292 4815/5287/2292 4809/5298/2292
f 4850/5299/2293 4809/5300/2293 4821/5275/2293 4858/5274/2293
f 4842/5281/2288 4811/5284/2288 4812/5291/2288 4840/5290/2288
f 4853/5227/2288 4854/5217/2288 4882/5217/2288 4881/5227/2288
f 4840/5290/2288 4845/5289/2288 4846/5232/2288 4839/5231/2288
f 4852/5216/2291 4843/5280/2291 4844/5243/2291 4851/5242/2291
f 4848/5293/2292 4837/5285/2292 4838/5222/2292 4847/5240/2292
f 4850/5299/2293 4858/5274/2293 4857/5271/2293 4849/5296/2293
f 4855/5273/2293 4846/5278/2293 4845/5255/2293 4856/5254/2293
f 4857/5271/2288 4858/5274/2288 4878/5274/2288 4877/5271/2288
f 4836/5288/2292 4850/5297/2292 4849/5301/2292 4835/5223/2292
f 4838/5302/2293 4837/5303/2293 4869/5304/2293 4870/5305/2293
f 4847/5261/2291 4854/5217/2291 4853/5227/2291 4848/5226/2291
f 4842/5306/2290 4840/5307/2290 4868/5269/2290 4874/5268/2290
f 4843/5282/2288 4842/5281/2288 4841/5204/2288 4844/5203/2288
f 4805/5308/2292 4813/5224/2292 4835/5223/2292 4849/5301/2292
f 4832/5317/2293 4831/5318/2293 4861/5319/2293 4862/5320/2293
f 4827/5321/2292 4829/5322/2292 4863/5307/2292 4859/5306/2292
f 4836/5323/2291 4835/5324/2291 4871/5325/2291 4872/5326/2291
f 4837/5327/2289 4836/5328/2289 4872/5329/2289 4869/5330/2289
f 4829/5331/2291 4830/5332/2291 4864/5333/2291 4863/5334/2291
f 4828/5335/2293 4827/5333/2293 4859/5336/2293 4860/5337/2293
f 4835/5338/2290 4838/5339/2290 4870/5340/2290 4871/5341/2290
f 4830/5328/2288 4828/5327/2288 4860/5305/2288 4864/5342/2288
f 4840/5303/2291 4839/5302/2291 4867/5343/2291 4868/5344/2291
f 4831/5345/2288 4833/5346/2288 4865/5341/2288 4861/5340/2288
f 4841/5324/2293 4842/5323/2293 4874/5347/2293 4873/5348/2293
f 4833/5318/2291 4834/5317/2291 4866/5349/2291 4865/5350/2291
f 4855/5273/2292 4856/5254/2292 4876/5254/2292 4875/5273/2292
f 4858/5274/2289 4855/5273/2289 4875/5273/2289 4878/5274/2289
f 4854/5217/2290 4852/5216/2290 4880/5216/2290 4882/5217/2290
f 4856/5254/2290 4857/5271/2290 4877/5271/2290 4876/5254/2290
f 4851/5242/2289 4853/5227/2289 4881/5227/2289 4879/5242/2289
f 4852/5216/2292 4851/5242/2292 4879/5242/2292 4880/5216/2292
usemtl Wood.001
f 4859/5309/2290 4863/5310/2290 4864/5311/2290 4860/5312/2290
f 4861/5312/2289 4865/5311/2289 4866/5310/2289 4862/5309/2289
f 4874/5313/2288 4868/5314/2288 4867/5315/2288 4873/5316/2288
f 4869/5316/2292 4872/5315/2292 4871/5314/2292 4870/5313/2292
f 4876/5351/2293 4877/5352/2293 4878/5353/2293 4875/5354/2293
f 4879/5354/2291 4881/5353/2291 4882/5352/2291 4880/5351/2291
o Cube.054
v 3.725544 0.000000 3.115590
v 3.725544 0.801629 3.115590
v 3.823052 0.000000 2.319913
v 3.823052 0.801629 2.319913
v 4.521221 0.000000 3.213098
v 4.521221 0.801629 3.213098
v 4.618729 0.000000 2.417421
v 4.618729 0.801629 2.417421
v 3.725544 0.728752 3.115590
v 3.725544 0.072877 3.115590
v 3.823052 0.072877 2.319913
v 3.823052 0.728752 2.319913
v 4.618729 0.072877 2.417421
v 4.618729 0.728752 2.417421
v 4.521221 0.072877 3.213098
v 4.521221 0.728752 3.213098
v 4.607755 0.801629 2.506964
v 4.532194 0.801629 3.123555
v 4.607755 0.000000 2.506964
v 4.532194 0.000000 3.123555
v 3.736517 0.801629 3.026047
v 3.812079 0.801629 2.409456
v 3.736517 0.000000 3.026047
v 3.812079 0.000000 2.409456
v 4.532194 0.728752 3.123555
v 4.607755 0.728752 2.506964
v 4.532194 0.072877 3.123555
v 4.607755 0.072877 2.506964
v 3.812079 0.728752 2.409456
v 3.736517 0.728752 3.026047
v 3.812079 0.072877 2.409456
v 3.736517 0.072877 3.026047
v 3.899184 0.072877 2.329243
v 4.542597 0.072877 2.408092
v 4.542597 0.728752 2.408092
v 3.899184 0.728752 2.329243
v 4.445089 0.072877 3.203768
v 3.801676 0.072877 3.124919
v 4.445089 0.728752 3.203768
v 3.801676 0.728752 3.124919
v 3.801676 0.801629 3.124919
v 4.445089 0.801629 3.203768
v 3.801676 0.000000 3.124919
v 4.445089 0.000000 3.203768
v 3.899184 0.801629 2.329243
v 4.542597 0.801629 2.408092
v 3.899184 0.000000 2.329243
v 4.542597 0.000000 2.408092
v 4.456062 0.801629 3.114225
v 3.812649 0.801629 3.035377
v 4.531624 0.801629 2.497634
v 3.888210 0.801629 2.418786
v 4.456062 0.000000 3.114225
v 3.812649 0.000000 3.035377
v 3.888210 0.000000 2.418786
v 4.531624 0.000000 2.497634
v 4.487889 0.728752 3.118126
v 4.563450 0.728752 2.501534
v 3.856384 0.728752 2.414885
v 3.780822 0.728752 3.031476
v 4.487889 0.072877 3.118126
v 4.563450 0.072877 2.501534
v 3.856384 0.072877 2.414885
v 3.780822 0.072877 3.031476
v 4.450519 0.072877 3.159463
v 3.807105 0.072877 3.080615
v 4.537168 0.728752 2.452396
v 3.893754 0.728752 2.373548
v 3.893754 0.072877 2.373548
v 4.537168 0.072877 2.452396
v 4.450519 0.728752 3.159463
v 3.807105 0.728752 3.080615
v 4.456062 0.042412 3.114225
v 3.812649 0.042412 3.035377
v 3.888210 0.042412 2.418786
v 4.531624 0.042412 2.497634
v 4.456062 0.759217 3.114225
v 3.812649 0.759217 3.035377
v 4.531624 0.759217 2.497634
v 3.888210 0.759217 2.418786
vn -0.1216 -0.0000 0.9926
vn -0.9926 -0.0000 -0.1216
vn 0.9926 -0.0000 0.1216
vn -0.0000 1.0000 -0.0000
vn 0.1216 -0.0000 -0.9926
vn -0.0000 -1.0000 -0.0000
vt 0.315791 0.289475
vt 0.289475 0.289475
vt 0.289475 0.261777
vt 0.315791 0.261777
vt 0.315791 0.322051
vt 0.289475 0.322051
vt 0.289475 0.289475
vt 0.315791 0.289475
vt 0.552633 0.289475
vt 0.552633 0.322051
vt 0.605265 0.289475
vt 0.605265 0.256898
vt 0.842107 0.256898
vt 0.842107 0.289475
vt 0.032576 0.289475
vt 0.032576 0.261777
vt 0.256898 0.261777
vt 0.256898 0.289475
vt 0.868424 0.289475
vt 0.868424 0.256898
vt 0.026316 0.868424
vt 0.026316 0.840726
vt 0.263158 0.840726
vt 0.263158 0.868424
vt 0.289475 0.000000
vt 0.289475 0.027697
vt 0.256898 0.027697
vt 0.256898 0.000000
vt 0.578949 0.289475
vt 0.552633 0.289475
vt 0.552633 0.261777
vt 0.578949 0.261777
vt 0.315791 0.578949
vt 0.289475 0.578949
vt 0.289475 0.546373
vt 0.315791 0.546373
vt 0.552633 0.546373
vt 0.552633 0.578949
vt 0.000000 0.868424
vt 0.000000 0.840726
vt 0.032576 0.000000
vt 0.032576 0.027697
vt 0.000000 0.027697
vt 0.000000 0.000000
vt 0.605265 0.032576
vt 0.605265 -0.000000
vt 0.842107 -0.000000
vt 0.842107 0.032576
vt 0.578949 0.578949
vt 0.578949 0.546373
vt 0.578949 0.032576
vt 0.578949 -0.000000
vt 0.032576 0.289475
vt 0.032576 0.317172
vt 0.000000 0.317172
vt 0.000000 0.289475
vt 0.868424 0.032576
vt 0.868424 -0.000000
vt 0.578949 0.322051
vt 0.578949 0.289475
vt 0.289475 0.261777
vt 0.289475 0.289475
vt 0.578949 0.256898
vt 0.513796 0.815791
vt 0.513796 0.578949
vt 0.529915 0.578949
vt 0.529915 0.815791
vt 0.546033 0.578949
vt 0.546033 0.815791
vt 0.256898 0.289475
vt 0.256898 0.317172
vt 0.032576 0.578949
vt 0.032576 0.551252
vt 0.256898 0.551252
vt 0.256898 0.578949
vt 0.578949 0.289475
vt 0.000000 0.578949
vt 0.000000 0.551252
vt 0.000000 0.289475
vt 0.000000 0.261777
vt 0.315791 0.027697
vt 0.289475 0.027697
vt 0.289475 -0.000000
vt 0.315791 -0.000000
vt 0.026316 0.606647
vt 0.026316 0.578949
vt 0.263158 0.578949
vt 0.263158 0.606647
vt 0.578949 0.027697
vt 0.552633 0.027697
vt 0.552633 -0.000000
vt 0.578949 0.000000
vt 0.000000 0.606647
vt 0.000000 0.578949
vt 0.289475 0.289475
vt 0.289475 0.317172
vt 0.289475 0.606647
vt 0.289475 0.578949
vt 0.289475 0.551252
vt 0.289475 0.578949
vt 0.289475 0.840726
vt 0.861385 0.289475
vt 0.861385 0.523554
vt 0.845266 0.523554
vt 0.845266 0.289475
vt 0.562152 0.578949
vt 0.562152 0.815791
vt 0.289475 0.868424
vt 0.189398 0.827938
vt 0.189398 0.172062
vt 0.810602 0.172062
vt 0.810602 0.827938
vt 0.175887 0.827938
vt 0.175887 0.172062
vt 0.824113 0.172062
vt 0.824113 0.827938
vt 0.884542 0.000000
vt 0.884542 0.224322
vt 0.868424 0.224322
vt 0.868424 0.000000
vt 0.578271 0.578949
vt 0.578271 0.815791
vt 0.861385 0.523554
vt 0.861385 0.757634
vt 0.845266 0.757634
vt 0.845266 0.523554
vt 0.829148 0.289475
vt 0.829148 0.526316
vt 0.813029 0.526316
vt 0.813029 0.289475
vt 0.893622 0.289475
vt 0.893622 0.513796
vt 0.877503 0.513796
vt 0.877503 0.289475
vt 0.877503 0.738118
vt 0.893622 0.513796
vt 0.893622 0.738118
vt 0.813029 0.763158
vt 0.813029 0.526316
vt 0.829148 0.526316
vt 0.829148 0.763158
vt 0.845266 0.526316
vt 0.877503 0.289475
vt 0.877503 0.523554
vt 0.845266 0.526316
vt 0.845266 0.763158
vt 0.877503 0.523554
vt 0.877503 0.757634
vt 0.900661 0.000000
vt 0.900661 0.224322
vt 0.175887 0.189398
vt 0.175887 0.810602
vt 0.824113 0.810602
vt 0.824113 0.189398
s 0
usemtl Wood
f 4898/5355/2294 4888/5356/2294 4924/5357/2294 4921/5358/2294
f 4911/5359/2295 4904/5360/2295 4886/5361/2295 4894/5362/2295
f 4911/5359/2295 4894/5362/2295 4893/5363/2295 4913/5364/2295
f 4896/5365/2296 4908/5366/2296 4910/5367/2296 4895/5368/2296
f 4903/5369/2297 4932/5370/2297 4934/5371/2297 4904/5372/2297
f 4889/5373/2296 4895/5368/2296 4910/5367/2296 4901/5374/2296
f 4894/5375/2298 4918/5376/2298 4915/5377/2298 4893/5378/2298
f 4890/5379/2297 4928/5380/2297 4933/5381/2297 4899/5382/2297
f 4887/5383/2294 4897/5384/2294 4919/5385/2294 4926/5386/2294
f 4891/5387/2295 4884/5388/2295 4903/5389/2295 4912/5390/2295
f 4898/5355/2294 4921/5358/2294 4919/5385/2294 4897/5384/2294
f 4891/5387/2295 4912/5390/2295 4914/5391/2295 4892/5392/2295
f 4894/5375/2298 4886/5393/2298 4927/5394/2298 4918/5376/2298
f 4900/5395/2297 4931/5396/2297 4924/5397/2297 4888/5398/2297
f 4907/5399/2296 4898/5400/2296 4897/5401/2296 4909/5402/2296
f 4883/5403/2295 4892/5392/2295 4914/5391/2295 4905/5404/2295
f 4907/5399/2296 4900/5405/2296 4888/5406/2296 4898/5400/2296
f 4905/5407/2299 4936/5408/2299 4925/5409/2299 4883/5410/2299
f 4902/5411/2296 4909/5402/2296 4897/5401/2296 4887/5412/2296
f 4906/5413/2295 4913/5364/2295 4893/5363/2295 4885/5414/2295
f 4927/5415/2297 4886/5416/2297 4904/5372/2297 4934/5371/2297
f 4900/5405/2296 4907/5399/2296 4908/5366/2296 4899/5417/2296
f 4904/5360/2295 4911/5359/2295 4912/5390/2295 4903/5389/2295
f 4919/5418/2295 4921/5419/2295 4953/5420/2295 4947/5421/2295
f 4914/5421/2298 4912/5420/2298 4942/5422/2298 4946/5423/2298
f 4936/5408/2299 4905/5407/2299 4906/5424/2299 4937/5425/2299
f 4902/5426/2299 4935/5427/2299 4938/5428/2299 4901/5429/2299
f 4913/5364/2295 4906/5413/2295 4905/5404/2295 4914/5391/2295
f 4909/5402/2296 4902/5411/2296 4901/5374/2296 4910/5367/2296
f 4896/5365/2296 4890/5430/2296 4899/5417/2296 4908/5366/2296
f 4931/5396/2297 4900/5395/2297 4899/5382/2297 4933/5381/2297
f 4935/5427/2299 4902/5426/2299 4887/5431/2299 4926/5432/2299
f 4932/5370/2297 4903/5369/2297 4884/5433/2297 4923/5434/2297
f 4922/5435/2294 4923/5436/2294 4884/5437/2294 4891/5438/2294
f 4917/5439/2298 4896/5440/2298 4895/5441/2298 4916/5442/2298
f 4925/5443/2294 4920/5444/2294 4892/5445/2294 4883/5446/2294
f 4917/5439/2298 4928/5447/2298 4890/5448/2298 4896/5440/2298
f 4885/5449/2299 4929/5450/2299 4937/5425/2299 4906/5424/2299
f 4930/5451/2298 4916/5442/2298 4895/5441/2298 4889/5452/2298
f 4930/5453/2299 4889/5454/2299 4901/5429/2299 4938/5428/2299
f 4922/5435/2294 4891/5438/2294 4892/5445/2294 4920/5444/2294
f 4933/5381/2294 4934/5371/2294 4962/5371/2294 4961/5381/2294
f 4920/5444/2294 4925/5443/2294 4926/5386/2294 4919/5385/2294
f 4932/5370/2297 4923/5434/2297 4924/5397/2297 4931/5396/2297
f 4928/5447/2298 4917/5439/2298 4918/5376/2298 4927/5394/2298
f 4930/5453/2299 4938/5428/2299 4937/5425/2299 4929/5450/2299
f 4935/5427/2299 4926/5432/2299 4925/5409/2299 4936/5408/2299
f 4937/5425/2294 4938/5428/2294 4958/5428/2294 4957/5425/2294
f 4916/5442/2298 4930/5451/2298 4929/5455/2298 4915/5377/2298
f 4918/5456/2299 4917/5457/2299 4949/5458/2299 4950/5459/2299
f 4927/5415/2297 4934/5371/2297 4933/5381/2297 4928/5380/2297
f 4922/5460/2296 4920/5461/2296 4948/5423/2296 4954/5422/2296
f 4923/5436/2294 4922/5435/2294 4921/5358/2294 4924/5357/2294
f 4885/5462/2298 4893/5378/2298 4915/5377/2298 4929/5455/2298
f 4912/5471/2299 4911/5472/2299 4941/5473/2299 4942/5474/2299
f 4907/5475/2298 4909/5476/2298 4943/5461/2298 4939/5460/2298
f 4916/5477/2297 4915/5478/2297 4951/5479/2297 4952/5480/2297
f 4917/5481/2295 4916/5482/2295 4952/5483/2295 4949/5484/2295
f 4909/5485/2297 4910/5486/2297 4944/5487/2297 4943/5488/2297
f 4908/5489/2299 4907/5487/2299 4939/5490/2299 4940/5491/2299
f 4915/5492/2296 4918/5493/2296 4950/5494/2296 4951/5495/2296
f 4910/5482/2294 4908/5481/2294 4940/5459/2294 4944/5496/2294
f 4920/5457/2297 4919/5456/2297 4947/5497/2297 4948/5498/2297
f 4911/5499/2294 4913/5500/2294 4945/5495/2294 4941/5494/2294
f 4921/5478/2299 4922/5477/2299 4954/5501/2299 4953/5502/2299
f 4913/5472/2297 4914/5471/2297 4946/5503/2297 4945/5504/2297
f 4935/5427/2298 4936/5408/2298 4956/5408/2298 4955/5427/2298
f 4938/5428/2295 4935/5427/2295 4955/5427/2295 4958/5428/2295
f 4934/5371/2296 4932/5370/2296 4960/5370/2296 4962/5371/2296
f 4936/5408/2296 4937/5425/2296 4957/5425/2296 4956/5408/2296
f 4931/5396/2295 4933/5381/2295 4961/5381/2295 4959/5396/2295
f 4932/5370/2298 4931/5396/2298 4959/5396/2298 4960/5370/2298
usemtl Wood.001
f 4939/5463/2296 4943/5464/2296 4944/5465/2296 4940/5466/2296
f 4941/5466/2295 4945/5465/2295 4946/5464/2295 4942/5463/2295
f 4954/5467/2294 4948/5468/2294 4947/5469/2294 4953/5470/2294
f 4949/5470/2298 4952/5469/2298 4951/5468/2298 4950/5467/2298
f 4956/5505/2299 4957/5506/2299 4958/5507/2299 4955/5508/2299
f 4959/5508/2297 4961/5507/2297 4962/5506/2297 4960/5505/2297
o Cube.055
v 3.577264 0.798940 2.777225
v 3.577264 1.600569 2.777225
v 3.652230 0.798940 1.979109
v 3.652230 1.600569 1.979109
v 4.375380 0.798940 2.852191
v 4.375380 1.600569 2.852191
v 4.450346 0.798940 2.054075
v 4.450346 1.600569 2.054075
v 3.577264 1.527692 2.777225
v 3.577264 0.871817 2.777225
v 3.652230 0.871817 1.979109
v 3.652230 1.527692 1.979109
v 4.450346 0.871817 2.054075
v 4.450346 1.527692 2.054075
v 4.375380 0.871817 2.852191
v 4.375380 1.527692 2.852191
v 4.441909 1.600569 2.143892
v 4.383816 1.600569 2.762374
v 4.441909 0.798940 2.143892
v 4.383816 0.798940 2.762374
v 3.585700 1.600569 2.687408
v 3.643793 1.600569 2.068926
v 3.585700 0.798940 2.687408
v 3.643793 0.798940 2.068926
v 4.383816 1.527692 2.762374
v 4.441909 1.527692 2.143892
v 4.383816 0.871817 2.762374
v 4.441909 0.871817 2.143892
v 3.643793 1.527692 2.068926
v 3.585700 1.527692 2.687408
v 3.643793 0.871817 2.068926
v 3.585700 0.871817 2.687408
v 3.728594 0.871817 1.986282
v 4.373981 0.871817 2.046902
v 4.373981 1.527692 2.046902
v 3.728594 1.527692 1.986282
v 4.299015 0.871817 2.845018
v 3.653628 0.871817 2.784398
v 4.299015 1.527692 2.845018
v 3.653628 1.527692 2.784398
v 3.653628 1.600569 2.784398
v 4.299015 1.600569 2.845018
v 3.653628 0.798940 2.784398
v 4.299015 0.798940 2.845018
v 3.728594 1.600569 1.986282
v 4.373981 1.600569 2.046902
v 3.728594 0.798940 1.986282
v 4.373981 0.798940 2.046902
v 4.307451 1.600569 2.755201
v 3.662065 1.600569 2.694581
v 4.365544 1.600569 2.136719
v 3.720158 1.600569 2.076099
v 4.307451 0.798940 2.755201
v 3.662065 0.798940 2.694581
v 3.720158 0.798940 2.076099
v 4.365544 0.798940 2.136719
v 4.339375 1.527692 2.758199
v 4.397468 1.527692 2.139718
v 3.688234 1.527692 2.073100
v 3.630141 1.527692 2.691582
v 4.339375 0.871817 2.758199
v 4.397468 0.871817 2.139718
v 3.688234 0.871817 2.073100
v 3.630141 0.871817 2.691582
v 4.303189 0.871817 2.800577
v 3.657803 0.871817 2.739957
v 4.369806 1.527692 2.091343
v 3.724420 1.527692 2.030723
v 3.724420 0.871817 2.030723
v 4.369806 0.871817 2.091343
v 4.303189 1.527692 2.800577
v 3.657803 1.527692 2.739957
v 4.307451 0.841352 2.755201
v 3.662065 0.841352 2.694581
v 3.720158 0.841352 2.076099
v 4.365544 0.841352 2.136719
v 4.307451 1.558157 2.755201
v 3.662065 1.558157 2.694581
v 4.365544 1.558157 2.136719
v 3.720158 1.558157 2.076099
vn -0.0935 -0.0000 0.9956
vn -0.9956 -0.0000 -0.0935
vn 0.9956 -0.0000 0.0935
vn -0.0000 1.0000 -0.0000
vn 0.0935 -0.0000 -0.9956
vn -0.0000 -1.0000 -0.0000
vt 0.315791 0.289475
vt 0.289475 0.289475
vt 0.289475 0.261777
vt 0.315791 0.261777
vt 0.315791 0.322051
vt 0.289475 0.322051
vt 0.289475 0.289475
vt 0.315791 0.289475
vt 0.552633 0.289475
vt 0.552633 0.322051
vt 0.605265 0.289475
vt 0.605265 0.256898
vt 0.842107 0.256898
vt 0.842107 0.289475
vt 0.032576 0.289475
vt 0.032576 0.261777
vt 0.256898 0.261777
vt 0.256898 0.289475
vt 0.868424 0.289475
vt 0.868424 0.256898
vt 0.026316 0.868424
vt 0.026316 0.840726
vt 0.263158 0.840726
vt 0.263158 0.868424
vt 0.289475 0.000000
vt 0.289475 0.027697
vt 0.256898 0.027697
vt 0.256898 0.000000
vt 0.578949 0.289475
vt 0.552633 0.289475
vt 0.552633 0.261777
vt 0.578949 0.261777
vt 0.315791 0.578949
vt 0.289475 0.578949
vt 0.289475 0.546373
vt 0.315791 0.546373
vt 0.552633 0.546373
vt 0.552633 0.578949
vt 0.000000 0.868424
vt 0.000000 0.840726
vt 0.032576 0.000000
vt 0.032576 0.027697
vt 0.000000 0.027697
vt 0.000000 0.000000
vt 0.605265 0.032576
vt 0.605265 -0.000000
vt 0.842107 -0.000000
vt 0.842107 0.032576
vt 0.578949 0.578949
vt 0.578949 0.546373
vt 0.578949 0.032576
vt 0.578949 -0.000000
vt 0.032576 0.289475
vt 0.032576 0.317172
vt 0.000000 0.317172
vt 0.000000 0.289475
vt 0.868424 0.032576
vt 0.868424 -0.000000
vt 0.578949 0.322051
vt 0.578949 0.289475
vt 0.289475 0.261777
vt 0.289475 0.289475
vt 0.578949 0.256898
vt 0.513796 0.815791
vt 0.513796 0.578949
vt 0.529915 0.578949
vt 0.529915 0.815791
vt 0.546033 0.578949
vt 0.546033 0.815791
vt 0.256898 0.289475
vt 0.256898 0.317172
vt 0.032576 0.578949
vt 0.032576 0.551252
vt 0.256898 0.551252
vt 0.256898 0.578949
vt 0.578949 0.289475
vt 0.000000 0.578949
vt 0.000000 0.551252
vt 0.000000 0.289475
vt 0.000000 0.261777
vt 0.315791 0.027697
vt 0.289475 0.027697
vt 0.289475 -0.000000
vt 0.315791 -0.000000
vt 0.026316 0.606647
vt 0.026316 0.578949
vt 0.263158 0.578949
vt 0.263158 0.606647
vt 0.578949 0.027697
vt 0.552633 0.027697
vt 0.552633 -0.000000
vt 0.578949 0.000000
vt 0.000000 0.606647
vt 0.000000 0.578949
vt 0.289475 0.289475
vt 0.289475 0.317172
vt 0.289475 0.606647
vt 0.289475 0.578949
vt 0.289475 0.551252
vt 0.289475 0.578949
vt 0.289475 0.840726
vt 0.861385 0.289475
vt 0.861385 0.523554
vt 0.845266 0.523554
vt 0.845266 0.289475
vt 0.562152 0.578949
vt 0.562152 0.815791
vt 0.289475 0.868424
vt 0.189398 0.827938
vt 0.189398 0.172062
vt 0.810602 0.172062
vt 0.810602 0.827938
vt 0.175887 0.827938
vt 0.175887 0.172062
vt 0.824113 0.172062
vt 0.824113 0.827938
vt 0.884542 0.000000
vt 0.884542 0.224322
vt 0.868424 0.224322
vt 0.868424 0.000000
vt 0.578271 0.578949
vt 0.578271 0.815791
vt 0.861385 0.523554
vt 0.861385 0.757634
vt 0.845266 0.757634
vt 0.845266 0.523554
vt 0.829148 0.289475
vt 0.829148 0.526316
vt 0.813029 0.526316
vt 0.813029 0.289475
vt 0.893622 0.289475
vt 0.893622 0.513796
vt 0.877503 0.513796
vt 0.877503 0.289475
vt 0.877503 0.738118
vt 0.893622 0.513796
vt 0.893622 0.738118
vt 0.813029 0.763158
vt 0.813029 0.526316
vt 0.829148 0.526316
vt 0.829148 0.763158
vt 0.845266 0.526316
vt 0.877503 0.289475
vt 0.877503 0.523554
vt 0.845266 0.526316
vt 0.845266 0.763158
vt 0.877503 0.523554
vt 0.877503 0.757634
vt 0.900661 0.000000
vt 0.900661 0.224322
vt 0.175887 0.189398
vt 0.175887 0.810602
vt 0.824113 0.810602
vt 0.824113 0.189398
s 0
usemtl Wood
f 4978/5509/2300 4968/5510/2300 5004/5511/2300 5001/5512/2300
f 4991/5513/2301 4984/5514/2301 4966/5515/2301 4974/5516/2301
f 4991/5513/2301 4974/5516/2301 4973/5517/2301 4993/5518/2301
f 4976/5519/2302 4988/5520/2302 4990/5521/2302 4975/5522/2302
f 4983/5523/2303 5012/5524/2303 5014/5525/2303 4984/5526/2303
f 4969/5527/2302 4975/5522/2302 4990/5521/2302 4981/5528/2302
f 4974/5529/2304 4998/5530/2304 4995/5531/2304 4973/5532/2304
f 4970/5533/2303 5008/5534/2303 5013/5535/2303 4979/5536/2303
f 4967/5537/2300 4977/5538/2300 4999/5539/2300 5006/5540/2300
f 4971/5541/2301 4964/5542/2301 4983/5543/2301 4992/5544/2301
f 4978/5509/2300 5001/5512/2300 4999/5539/2300 4977/5538/2300
f 4971/5541/2301 4992/5544/2301 4994/5545/2301 4972/5546/2301
f 4974/5529/2304 4966/5547/2304 5007/5548/2304 4998/5530/2304
f 4980/5549/2303 5011/5550/2303 5004/5551/2303 4968/5552/2303
f 4987/5553/2302 4978/5554/2302 4977/5555/2302 4989/5556/2302
f 4963/5557/2301 4972/5546/2301 4994/5545/2301 4985/5558/2301
f 4987/5553/2302 4980/5559/2302 4968/5560/2302 4978/5554/2302
f 4985/5561/2305 5016/5562/2305 5005/5563/2305 4963/5564/2305
f 4982/5565/2302 4989/5556/2302 4977/5555/2302 4967/5566/2302
f 4986/5567/2301 4993/5518/2301 4973/5517/2301 4965/5568/2301
f 5007/5569/2303 4966/5570/2303 4984/5526/2303 5014/5525/2303
f 4980/5559/2302 4987/5553/2302 4988/5520/2302 4979/5571/2302
f 4984/5514/2301 4991/5513/2301 4992/5544/2301 4983/5543/2301
f 4999/5572/2301 5001/5573/2301 5033/5574/2301 5027/5575/2301
f 4994/5575/2304 4992/5574/2304 5022/5576/2304 5026/5577/2304
f 5016/5562/2305 4985/5561/2305 4986/5578/2305 5017/5579/2305
f 4982/5580/2305 5015/5581/2305 5018/5582/2305 4981/5583/2305
f 4993/5518/2301 4986/5567/2301 4985/5558/2301 4994/5545/2301
f 4989/5556/2302 4982/5565/2302 4981/5528/2302 4990/5521/2302
f 4976/5519/2302 4970/5584/2302 4979/5571/2302 4988/5520/2302
f 5011/5550/2303 4980/5549/2303 4979/5536/2303 5013/5535/2303
f 5015/5581/2305 4982/5580/2305 4967/5585/2305 5006/5586/2305
f 5012/5524/2303 4983/5523/2303 4964/5587/2303 5003/5588/2303
f 5002/5589/2300 5003/5590/2300 4964/5591/2300 4971/5592/2300
f 4997/5593/2304 4976/5594/2304 4975/5595/2304 4996/5596/2304
f 5005/5597/2300 5000/5598/2300 4972/5599/2300 4963/5600/2300
f 4997/5593/2304 5008/5601/2304 4970/5602/2304 4976/5594/2304
f 4965/5603/2305 5009/5604/2305 5017/5579/2305 4986/5578/2305
f 5010/5605/2304 4996/5596/2304 4975/5595/2304 4969/5606/2304
f 5010/5607/2305 4969/5608/2305 4981/5583/2305 5018/5582/2305
f 5002/5589/2300 4971/5592/2300 4972/5599/2300 5000/5598/2300
f 5013/5535/2300 5014/5525/2300 5042/5525/2300 5041/5535/2300
f 5000/5598/2300 5005/5597/2300 5006/5540/2300 4999/5539/2300
f 5012/5524/2303 5003/5588/2303 5004/5551/2303 5011/5550/2303
f 5008/5601/2304 4997/5593/2304 4998/5530/2304 5007/5548/2304
f 5010/5607/2305 5018/5582/2305 5017/5579/2305 5009/5604/2305
f 5015/5581/2305 5006/5586/2305 5005/5563/2305 5016/5562/2305
f 5017/5579/2300 5018/5582/2300 5038/5582/2300 5037/5579/2300
f 4996/5596/2304 5010/5605/2304 5009/5609/2304 4995/5531/2304
f 4998/5610/2305 4997/5611/2305 5029/5612/2305 5030/5613/2305
f 5007/5569/2303 5014/5525/2303 5013/5535/2303 5008/5534/2303
f 5002/5614/2302 5000/5615/2302 5028/5577/2302 5034/5576/2302
f 5003/5590/2300 5002/5589/2300 5001/5512/2300 5004/5511/2300
f 4965/5616/2304 4973/5532/2304 4995/5531/2304 5009/5609/2304
f 4992/5625/2305 4991/5626/2305 5021/5627/2305 5022/5628/2305
f 4987/5629/2304 4989/5630/2304 5023/5615/2304 5019/5614/2304
f 4996/5631/2303 4995/5632/2303 5031/5633/2303 5032/5634/2303
f 4997/5635/2301 4996/5636/2301 5032/5637/2301 5029/5638/2301
f 4989/5639/2303 4990/5640/2303 5024/5641/2303 5023/5642/2303
f 4988/5643/2305 4987/5641/2305 5019/5644/2305 5020/5645/2305
f 4995/5646/2302 4998/5647/2302 5030/5648/2302 5031/5649/2302
f 4990/5636/2300 4988/5635/2300 5020/5613/2300 5024/5650/2300
f 5000/5611/2303 4999/5610/2303 5027/5651/2303 5028/5652/2303
f 4991/5653/2300 4993/5654/2300 5025/5649/2300 5021/5648/2300
f 5001/5632/2305 5002/5631/2305 5034/5655/2305 5033/5656/2305
f 4993/5626/2303 4994/5625/2303 5026/5657/2303 5025/5658/2303
f 5015/5581/2304 5016/5562/2304 5036/5562/2304 5035/5581/2304
f 5018/5582/2301 5015/5581/2301 5035/5581/2301 5038/5582/2301
f 5014/5525/2302 5012/5524/2302 5040/5524/2302 5042/5525/2302
f 5016/5562/2302 5017/5579/2302 5037/5579/2302 5036/5562/2302
f 5011/5550/2301 5013/5535/2301 5041/5535/2301 5039/5550/2301
f 5012/5524/2304 5011/5550/2304 5039/5550/2304 5040/5524/2304
usemtl Wood.001
f 5019/5617/2302 5023/5618/2302 5024/5619/2302 5020/5620/2302
f 5021/5620/2301 5025/5619/2301 5026/5618/2301 5022/5617/2301
f 5034/5621/2300 5028/5622/2300 5027/5623/2300 5033/5624/2300
f 5029/5624/2304 5032/5623/2304 5031/5622/2304 5030/5621/2304
f 5036/5659/2305 5037/5660/2305 5038/5661/2305 5035/5662/2305
f 5039/5662/2303 5041/5661/2303 5042/5660/2303 5040/5659/2303
o Cube.056
v 0.030104 0.038690 0.177223
v 0.030104 0.070012 0.177223
v 0.030104 0.038690 -0.775636
v 0.030104 0.070012 -0.775636
v 0.228017 0.038690 0.177223
v 0.228017 0.070012 0.177223
v 0.228017 0.038690 -0.775636
v 0.228017 0.070012 -0.775636
vn -1.0000 -0.0000 -0.0000
vn -0.0000 -0.0000 -1.0000
vn 1.0000 -0.0000 -0.0000
vn -0.0000 -0.0000 1.0000
vn -0.0000 -1.0000 -0.0000
vn -0.0000 1.0000 -0.0000
vt 0.259284 0.448972
vt 0.259284 0.482197
vt 0.747634 0.482197
vt 0.747634 0.448972
vt 0.755886 0.695323
vt 0.755886 0.609814
vt 0.263800 0.609814
vt 0.263800 0.695323
s 0
usemtl Stylized_Wood_Offset
f 5043/5663/2306 5044/5664/2306 5046/5665/2306 5045/5666/2306
f 5045/5666/2307 5046/5665/2307 5050/5665/2307 5049/5666/2307
f 5049/5666/2308 5050/5665/2308 5048/5664/2308 5047/5663/2308
f 5047/5663/2309 5048/5664/2309 5044/5664/2309 5043/5663/2309
f 5045/5667/2310 5049/5668/2310 5047/5669/2310 5043/5670/2310
f 5050/5668/2311 5046/5667/2311 5044/5670/2311 5048/5669/2311
o Cube.057
v 0.153408 0.034791 -0.921085
v 0.153408 0.073911 -0.921085
v 0.805425 0.034791 -1.916635
v 0.805425 0.073911 -1.916635
v 0.360189 0.034791 -0.785659
v 0.360189 0.073911 -0.785659
v 1.012205 0.034791 -1.781208
v 1.012205 0.073911 -1.781208
vn -0.8366 -0.0000 -0.5479
vn 0.5479 -0.0000 -0.8366
vn 0.8366 -0.0000 0.5479
vn -0.5479 -0.0000 0.8366
vn -0.0000 -1.0000 -0.0000
vn -0.0000 1.0000 -0.0000
vt 0.259284 0.448972
vt 0.259284 0.482197
vt 0.747634 0.482197
vt 0.747634 0.448972
vt 0.755886 0.695323
vt 0.755886 0.609814
vt 0.263800 0.609814
vt 0.263800 0.695323
s 0
usemtl Stylized_Wood_Offset
f 5051/5671/2312 5052/5672/2312 5054/5673/2312 5053/5674/2312
f 5053/5674/2313 5054/5673/2313 5058/5673/2313 5057/5674/2313
f 5057/5674/2314 5058/5673/2314 5056/5672/2314 5055/5671/2314
f 5055/5671/2315 5056/5672/2315 5052/5672/2315 5051/5671/2315
f 5053/5675/2316 5057/5676/2316 5055/5677/2316 5051/5678/2316
f 5058/5676/2317 5054/5675/2317 5052/5678/2317 5056/5677/2317
o Cube.058
v -0.572209 0.033647 -0.794739
v -0.572209 0.075056 -0.794739
v -1.491060 0.033647 -1.656469
v -1.491060 0.075056 -1.656469
v -0.393224 0.033647 -0.985588
v -0.393224 0.075056 -0.985588
v -1.312075 0.033647 -1.847318
v -1.312075 0.075056 -1.847318
vn -0.6841 -0.0000 0.7294
vn -0.7294 -0.0000 -0.6841
vn 0.6841 -0.0000 -0.7294
vn 0.7294 -0.0000 0.6841
vn -0.0000 -1.0000 -0.0000
vn -0.0000 1.0000 -0.0000
vt 0.259284 0.448972
vt 0.259284 0.482197
vt 0.747634 0.482197
vt 0.747634 0.448972
vt 0.755886 0.695323
vt 0.755886 0.609814
vt 0.263800 0.609814
vt 0.263800 0.695323
s 0
usemtl Stylized_Wood_Offset
f 5059/5679/2318 5060/5680/2318 5062/5681/2318 5061/5682/2318
f 5061/5682/2319 5062/5681/2319 5066/5681/2319 5065/5682/2319
f 5065/5682/2320 5066/5681/2320 5064/5680/2320 5063/5679/2320
f 5063/5679/2321 5064/5680/2321 5060/5680/2321 5059/5679/2321
f 5061/5683/2322 5065/5684/2322 5063/5685/2322 5059/5686/2322
f 5066/5684/2323 5062/5683/2323 5060/5686/2323 5064/5685/2323
o Cube.059
v -0.841962 0.040089 -2.932598
v -0.841962 0.068614 -2.932598
v -0.392184 0.040089 -3.674697
v -0.392184 0.068614 -3.674697
v -0.687824 0.040089 -2.839177
v -0.687824 0.068614 -2.839177
v -0.238047 0.040089 -3.581276
v -0.238047 0.068614 -3.581276
vn -0.8552 -0.0000 -0.5183
vn 0.5183 -0.0000 -0.8552
vn 0.8552 -0.0000 0.5183
vn -0.5183 -0.0000 0.8552
vn -0.0000 -1.0000 -0.0000
vn -0.0000 1.0000 -0.0000
vt 0.259284 0.448972
vt 0.259284 0.482197
vt 0.747634 0.482197
vt 0.747634 0.448972
vt 0.755886 0.695323
vt 0.755886 0.609814
vt 0.263800 0.609814
vt 0.263800 0.695323
s 0
usemtl Stylized_Wood_Offset
f 5067/5687/2324 5068/5688/2324 5070/5689/2324 5069/5690/2324
f 5069/5690/2325 5070/5689/2325 5074/5689/2325 5073/5690/2325
f 5073/5690/2326 5074/5689/2326 5072/5688/2326 5071/5687/2326
f 5071/5687/2327 5072/5688/2327 5068/5688/2327 5067/5687/2327
f 5069/5691/2328 5073/5692/2328 5071/5693/2328 5067/5694/2328
f 5074/5692/2329 5070/5691/2329 5068/5694/2329 5072/5693/2329
o Cube.060
v 0.124431 0.040089 -2.523124
v 0.124431 0.068614 -2.523124
v -0.252189 0.040089 -3.304896
v -0.252189 0.068614 -3.304896
v 0.286809 0.040089 -2.601350
v 0.286809 0.068614 -2.601350
v -0.089811 0.040089 -3.383122
v -0.089811 0.068614 -3.383122
vn -0.9009 -0.0000 0.4340
vn -0.4340 -0.0000 -0.9009
vn 0.9009 -0.0000 -0.4340
vn 0.4340 -0.0000 0.9009
vn -0.0000 -1.0000 -0.0000
vn -0.0000 1.0000 -0.0000
vt 0.259284 0.448972
vt 0.259284 0.482197
vt 0.747634 0.482197
vt 0.747634 0.448972
vt 0.755886 0.695323
vt 0.755886 0.609814
vt 0.263800 0.609814
vt 0.263800 0.695323
s 0
usemtl Stylized_Wood_Offset
f 5075/5695/2330 5076/5696/2330 5078/5697/2330 5077/5698/2330
f 5077/5698/2331 5078/5697/2331 5082/5697/2331 5081/5698/2331
f 5081/5698/2332 5082/5697/2332 5080/5696/2332 5079/5695/2332
f 5079/5695/2333 5080/5696/2333 5076/5696/2333 5075/5695/2333
f 5077/5699/2334 5081/5700/2334 5079/5701/2334 5075/5702/2334
f 5082/5700/2335 5078/5699/2335 5076/5702/2335 5080/5701/2335
o Cube.061
v -1.226766 0.040089 -3.611192
v -1.226766 0.068614 -3.611192
v -1.192014 0.040089 -2.744127
v -1.192014 0.068614 -2.744127
v -1.406860 0.040089 -3.603974
v -1.406860 0.068614 -3.603974
v -1.372108 0.040089 -2.736908
v -1.372108 0.068614 -2.736908
vn 0.9992 -0.0000 -0.0400
vn 0.0400 -0.0000 0.9992
vn -0.9992 -0.0000 0.0400
vn -0.0400 -0.0000 -0.9992
vn -0.0000 -1.0000 -0.0000
vn -0.0000 1.0000 -0.0000
vt 0.259284 0.448972
vt 0.259284 0.482197
vt 0.747634 0.482197
vt 0.747634 0.448972
vt 0.755886 0.695323
vt 0.755886 0.609814
vt 0.263800 0.609814
vt 0.263800 0.695323
s 0
usemtl Stylized_Wood_Offset
f 5083/5703/2336 5084/5704/2336 5086/5705/2336 5085/5706/2336
f 5085/5706/2337 5086/5705/2337 5090/5705/2337 5089/5706/2337
f 5089/5706/2338 5090/5705/2338 5088/5704/2338 5087/5703/2338
f 5087/5703/2339 5088/5704/2339 5084/5704/2339 5083/5703/2339
f 5085/5707/2340 5089/5708/2340 5087/5709/2340 5083/5710/2340
f 5090/5708/2341 5086/5707/2341 5084/5710/2341 5088/5709/2341
o Cube.062
v 0.369153 0.080277 -0.410129
v 0.367297 0.121645 -0.410129
v -0.965474 0.020389 -0.243622
v -0.967330 0.061757 -0.243622
v 0.334054 0.078702 -0.692027
v 0.332198 0.120070 -0.692027
v -1.000573 0.018815 -0.525520
v -1.002429 0.060182 -0.525520
vn 0.1236 0.0055 0.9923
vn -0.9913 -0.0445 0.1237
vn -0.1236 -0.0055 -0.9923
vn 0.9913 0.0445 -0.1237
vn 0.0448 -0.9990 -0.0000
vn -0.0448 0.9990 -0.0000
vt 0.259284 0.448972
vt 0.259284 0.482197
vt 0.747634 0.482197
vt 0.747634 0.448972
vt 0.755886 0.695323
vt 0.755886 0.609814
vt 0.263800 0.609814
vt 0.263800 0.695323
s 0
usemtl Stylized_Wood_Offset
f 5091/5711/2342 5092/5712/2342 5094/5713/2342 5093/5714/2342
f 5093/5714/2343 5094/5713/2343 5098/5713/2343 5097/5714/2343
f 5097/5714/2344 5098/5713/2344 5096/5712/2344 5095/5711/2344
f 5095/5711/2345 5096/5712/2345 5092/5712/2345 5091/5711/2345
f 5093/5715/2346 5097/5716/2346 5095/5717/2346 5091/5718/2346
f 5098/5716/2347 5094/5715/2347 5092/5718/2347 5096/5717/2347
